inspection_score,business_name,business_address,violation_description,risk_category,sup_dist,violation_count,quarter,year,month,day
90.0,"Miette Cakes, LLC",449 Octavia St,Improper food labeling or menu misrepresentation,1,11,4,1,2019,1,2
86.0,Coffee Bar 1 LLC,1890 Bryant St #C,Improper or defective plumbing,1,2,5,1,2019,1,2
90.0,Hard Knox Cafe,2448 Clement,Wiping cloths not clean or properly stored or inadequate sanitizer,1,4,4,1,2019,1,2
74.0,"PATPONG THAI CUISINE, INC.",2415 CLEMENT St,High risk vermin infestation,3,4,6,1,2019,1,2
90.0,The AA Bakery & Cafe,1068 Stockton St,Improper food storage,1,3,4,1,2019,1,2
75.0,Lao Table,149 2nd St,Inadequately cleaned or sanitized food contact surfaces,2,10,6,1,2019,1,2
90.0,GGP MARKET,2948 24th St,Moderate risk vermin infestation,2,2,4,1,2019,1,2
74.0,"PATPONG THAI CUISINE, INC.",2415 CLEMENT St,Improper thawing methods,2,4,6,1,2019,1,2
88.0,"Yummy Dim Sum & Fast Food, LLC",930 Stockton St,Improper food storage,1,3,5,1,2019,1,2
94.0,BOSTON MARKET,2300 16th St,Inadequate dressing rooms or improper storage of personal items,1,9,3,1,2019,1,2
75.0,Lao Table,149 2nd St,Moderate risk food holding temperature,2,10,6,1,2019,1,2
78.0,Santino's Vino,2101 Fillmore St,Moderate risk food holding temperature,2,6,7,1,2019,1,2
90.0,GGP MARKET,2948 24th St,Unclean nonfood contact surfaces,1,2,4,1,2019,1,2
78.0,Santino's Vino,2101 Fillmore St,Moderate risk vermin infestation,2,6,7,1,2019,1,2
75.0,Lao Table,149 2nd St,Improper thawing methods,2,10,6,1,2019,1,2
90.0,"Miette Cakes, LLC",449 Octavia St,Improper storage use or identification of toxic substances,1,11,4,1,2019,1,2
90.0,Hard Knox Cafe,2448 Clement,Low risk vermin infestation,1,4,4,1,2019,1,2
94.0,SF Wraps,255 Kearny st.,Wiping cloths not clean or properly stored or inadequate sanitizer,1,3,2,1,2019,1,2
74.0,"PATPONG THAI CUISINE, INC.",2415 CLEMENT St,Inadequate ventilation or lighting,1,4,6,1,2019,1,2
94.0,SF Wraps,255 Kearny st.,Foods not protected from contamination,2,3,2,1,2019,1,2
86.0,Coffee Bar 1 LLC,1890 Bryant St #C,Moderate risk vermin infestation,2,2,5,1,2019,1,2
90.0,The AA Bakery & Cafe,1068 Stockton St,Food safety certificate or food handler card not available,1,3,4,1,2019,1,2
78.0,Santino's Vino,2101 Fillmore St,Foods not protected from contamination,2,6,7,1,2019,1,2
88.0,"Yummy Dim Sum & Fast Food, LLC",930 Stockton St,Inadequate ventilation or lighting,1,3,5,1,2019,1,2
90.0,GGP MARKET,2948 24th St,Unclean or degraded floors walls or ceilings,1,2,4,1,2019,1,2
74.0,"PATPONG THAI CUISINE, INC.",2415 CLEMENT St,Contaminated or adulterated food,3,4,6,1,2019,1,2
88.0,"Yummy Dim Sum & Fast Food, LLC",930 Stockton St,Low risk vermin infestation,1,3,5,1,2019,1,2
78.0,Santino's Vino,2101 Fillmore St,Wiping cloths not clean or properly stored or inadequate sanitizer,1,6,7,1,2019,1,2
94.0,BOSTON MARKET,2300 16th St,Permit license or inspection report not posted,1,9,3,1,2019,1,2
90.0,Hard Knox Cafe,2448 Clement,Insufficient hot water or running water,2,4,4,1,2019,1,2
98.0,FRIENDS LIQUOR,1758 FILLMORE St,Improper food storage,1,11,1,1,2019,1,2
78.0,Santino's Vino,2101 Fillmore St,Improper food storage,1,6,7,1,2019,1,2
90.0,"Miette Cakes, LLC",449 Octavia St,Inadequate and inaccessible handwashing facilities,2,11,4,1,2019,1,2
86.0,Coffee Bar 1 LLC,1890 Bryant St #C,Inadequate and inaccessible handwashing facilities,2,2,5,1,2019,1,2
75.0,Lao Table,149 2nd St,Unapproved or unmaintained equipment or utensils,1,10,6,1,2019,1,2
86.0,Coffee Bar 1 LLC,1890 Bryant St #C,No person in charge of food facility,1,2,5,1,2019,1,2
90.0,The AA Bakery & Cafe,1068 Stockton St,Unclean unmaintained or improperly constructed toilet facilities,1,3,4,1,2019,1,2
94.0,BOSTON MARKET,2300 16th St,Unclean or degraded floors walls or ceilings,1,9,3,1,2019,1,2
78.0,Santino's Vino,2101 Fillmore St,Improper storage of equipment utensils or linens,1,6,7,1,2019,1,2
86.0,Coffee Bar 1 LLC,1890 Bryant St #C,Wiping cloths not clean or properly stored or inadequate sanitizer,1,2,5,1,2019,1,2
90.0,Hard Knox Cafe,2448 Clement,Unclean or degraded floors walls or ceilings,1,4,4,1,2019,1,2
74.0,"PATPONG THAI CUISINE, INC.",2415 CLEMENT St,Inadequately cleaned or sanitized food contact surfaces,2,4,6,1,2019,1,2
78.0,Santino's Vino,2101 Fillmore St,Inadequate and inaccessible handwashing facilities,2,6,7,1,2019,1,2
90.0,"Miette Cakes, LLC",449 Octavia St,Low risk vermin infestation,1,11,4,1,2019,1,2
74.0,"PATPONG THAI CUISINE, INC.",2415 CLEMENT St,Unclean or degraded floors walls or ceilings,1,4,6,1,2019,1,2
88.0,"Yummy Dim Sum & Fast Food, LLC",930 Stockton St,Inadequate food safety knowledge or lack of certified food safety manager,2,3,5,1,2019,1,2
75.0,Lao Table,149 2nd St,Insufficient hot water or running water,2,10,6,1,2019,1,2
90.0,The AA Bakery & Cafe,1068 Stockton St,Inadequately cleaned or sanitized food contact surfaces,2,3,4,1,2019,1,2
88.0,"Yummy Dim Sum & Fast Food, LLC",930 Stockton St,Wiping cloths not clean or properly stored or inadequate sanitizer,1,3,5,1,2019,1,2
75.0,Lao Table,149 2nd St,High risk vermin infestation,3,10,6,1,2019,1,2
90.0,GGP MARKET,2948 24th St,Improper food storage,1,2,4,1,2019,1,2
74.0,NEW EMMY'S RESTAURANT,1923 OCEAN Ave,Unclean or degraded floors walls or ceilings,1,8,7,1,2019,1,3
92.0,COSTCO WHOLESALE,450 10th St,Inadequately cleaned or sanitized food contact surfaces,2,10,2,1,2019,1,3
96.0,Jack In The Box #545,400 Geary St,Improper food storage,1,3,2,1,2019,1,3
77.0,Manila Oriental Market,4175 MISSION St,Inadequate food safety knowledge or lack of certified food safety manager,2,1,6,1,2019,1,3
77.0,Manila Oriental Market,4175 MISSION St,Improper food storage,1,1,6,1,2019,1,3
90.0,TWO JACKS SEAFOOD #2,984 GILMAN Ave,Unapproved or unmaintained equipment or utensils,1,9,4,1,2019,1,3
86.0,Dagwood & Scoops,2736 24 St,Inadequately cleaned or sanitized food contact surfaces,2,2,4,1,2019,1,3
66.0,EL FARO,82 01st St,Unapproved or unmaintained equipment or utensils,1,10,8,1,2019,1,3
96.0,Dynamo,2760 24th St,Moderate risk vermin infestation,2,2,1,1,2019,1,3
74.0,NEW EMMY'S RESTAURANT,1923 OCEAN Ave,Unapproved or unmaintained equipment or utensils,1,8,7,1,2019,1,3
94.0,Taboun,203 Parnassus Ave,Food safety certificate or food handler card not available,1,11,2,1,2019,1,3
87.0,Lee's Deli,615 Market St,Unclean or degraded floors walls or ceilings,1,10,3,1,2019,1,3
74.0,NEW EMMY'S RESTAURANT,1923 OCEAN Ave,Unclean nonfood contact surfaces,1,8,7,1,2019,1,3
92.0,COSTCO WHOLESALE,450 10th St,Foods not protected from contamination,2,10,2,1,2019,1,3
90.0,TWO JACKS SEAFOOD #2,984 GILMAN Ave,Food safety certificate or food handler card not available,1,9,4,1,2019,1,3
86.0,Dagwood & Scoops,2736 24 St,Unclean or degraded floors walls or ceilings,1,2,4,1,2019,1,3
77.0,Manila Oriental Market,4175 MISSION St,Inadequate and inaccessible handwashing facilities,2,1,6,1,2019,1,3
96.0,Jack In The Box #545,400 Geary St,Wiping cloths not clean or properly stored or inadequate sanitizer,1,3,2,1,2019,1,3
66.0,EL FARO,82 01st St,Inadequate food safety knowledge or lack of certified food safety manager,2,10,8,1,2019,1,3
66.0,EL FARO,82 01st St,Inadequate ventilation or lighting,1,10,8,1,2019,1,3
66.0,EL FARO,82 01st St,Inadequately cleaned or sanitized food contact surfaces,2,10,8,1,2019,1,3
86.0,Dagwood & Scoops,2736 24 St,Other moderate risk violation,2,2,4,1,2019,1,3
87.0,Lee's Deli,615 Market St,High risk food holding temperature,3,10,3,1,2019,1,3
77.0,Manila Oriental Market,4175 MISSION St,Unclean or unsanitary food contact surfaces,3,1,6,1,2019,1,3
74.0,NEW EMMY'S RESTAURANT,1923 OCEAN Ave,Improper thawing methods,2,8,7,1,2019,1,3
66.0,EL FARO,82 01st St,High risk vermin infestation,3,10,8,1,2019,1,3
66.0,EL FARO,82 01st St,Improper thawing methods,2,10,8,1,2019,1,3
90.0,TWO JACKS SEAFOOD #2,984 GILMAN Ave,Moderate risk food holding temperature,2,9,4,1,2019,1,3
66.0,EL FARO,82 01st St,Improper cooling methods,3,10,8,1,2019,1,3
74.0,NEW EMMY'S RESTAURANT,1923 OCEAN Ave,Unclean or unsanitary food contact surfaces,3,8,7,1,2019,1,3
77.0,Manila Oriental Market,4175 MISSION St,Unapproved or unmaintained equipment or utensils,1,1,6,1,2019,1,3
87.0,Lee's Deli,615 Market St,Inadequate food safety knowledge or lack of certified food safety manager,2,10,3,1,2019,1,3
86.0,Dagwood & Scoops,2736 24 St,Inadequate food safety knowledge or lack of certified food safety manager,2,2,4,1,2019,1,3
90.0,TWO JACKS SEAFOOD #2,984 GILMAN Ave,Improper food storage,1,9,4,1,2019,1,3
94.0,Taboun,203 Parnassus Ave,Inadequately cleaned or sanitized food contact surfaces,2,11,2,1,2019,1,3
77.0,Manila Oriental Market,4175 MISSION St,Moderate risk food holding temperature,2,1,6,1,2019,1,3
74.0,NEW EMMY'S RESTAURANT,1923 OCEAN Ave,Improper food storage,1,8,7,1,2019,1,3
74.0,NEW EMMY'S RESTAURANT,1923 OCEAN Ave,High risk food holding temperature,3,8,7,1,2019,1,3
66.0,EL FARO,82 01st St,Foods not protected from contamination,2,10,8,1,2019,1,3
100.0,SUNNY COUNTRY FOODS,1101 STANYAN St,NA,0,11,1,1,2019,1,3
100.0,STARBUCKS COFFEE #9215,350 PARNASSUS Ave,NA,0,11,1,1,2019,1,3
92.0,Silver Cafe,4300 MISSION St,Inadequate ventilation or lighting,1,1,3,1,2019,1,4
84.0,THE GROVE FILLMORE,2016 FILLMORE St,Inadequate and inaccessible handwashing facilities,2,6,6,1,2019,1,4
88.0,Salt House,2 Shaw Alley,Moderate risk food holding temperature,2,10,4,1,2019,1,4
88.0,Salt House,2 Shaw Alley,Improper storage use or identification of toxic substances,1,10,4,1,2019,1,4
84.0,THE GROVE FILLMORE,2016 FILLMORE St,Unclean or degraded floors walls or ceilings,1,6,6,1,2019,1,4
88.0,Salt House,2 Shaw Alley,Noncompliance with shell fish tags or display,2,10,4,1,2019,1,4
84.0,THE GROVE FILLMORE,2016 FILLMORE St,Moderate risk vermin infestation,2,6,6,1,2019,1,4
88.0,Salt House,2 Shaw Alley,Unclean or degraded floors walls or ceilings,1,10,4,1,2019,1,4
84.0,THE GROVE FILLMORE,2016 FILLMORE St,Improper food storage,1,6,6,1,2019,1,4
84.0,THE GROVE FILLMORE,2016 FILLMORE St,Wiping cloths not clean or properly stored or inadequate sanitizer,1,6,6,1,2019,1,4
96.0,TRADER JOE'S,555 09th St,Improper food storage,1,10,2,1,2019,1,4
92.0,Silver Cafe,4300 MISSION St,Unapproved or unmaintained equipment or utensils,1,1,3,1,2019,1,4
84.0,THE GROVE FILLMORE,2016 FILLMORE St,Inadequate dressing rooms or improper storage of personal items,1,6,6,1,2019,1,4
92.0,Silver Cafe,4300 MISSION St,Employee eating or smoking,2,1,3,1,2019,1,4
96.0,TRADER JOE'S,555 09th St,Wiping cloths not clean or properly stored or inadequate sanitizer,1,10,2,1,2019,1,4
86.0,Peninsula Seafood Restaurant,641 Jackson St,Unclean or degraded floors walls or ceilings,1,3,4,1,2019,1,4
96.0,Walgreens #4680,730 Market St,Inadequate and inaccessible handwashing facilities,2,3,1,1,2019,1,4
86.0,Peninsula Seafood Restaurant,641 Jackson St,Foods not protected from contamination,2,3,4,1,2019,1,4
86.0,Peninsula Seafood Restaurant,641 Jackson St,Moderate risk food holding temperature,2,3,4,1,2019,1,4
86.0,Peninsula Seafood Restaurant,641 Jackson St,Inadequate and inaccessible handwashing facilities,2,3,4,1,2019,1,4
72.0,Kam Lok Restaurant,834 Washington St,Moderate risk food holding temperature,2,3,7,1,2019,1,7
86.0,CAFE MUMS,1800 SUTTER St,Unclean or degraded floors walls or ceilings,1,11,5,1,2019,1,7
72.0,Kam Lok Restaurant,834 Washington St,Unapproved or unmaintained equipment or utensils,1,3,7,1,2019,1,7
87.0,On Lok,225 30th St,Improper storage of equipment utensils or linens,1,5,3,1,2019,1,7
84.0,ERIC'S RESTAURANT,1500 Church St,Unclean nonfood contact surfaces,1,5,6,1,2019,1,7
74.0,Napoleon Super Bakery Corp,1049 Stockton St,Improper storage use or identification of toxic substances,1,3,8,1,2019,1,7
85.0,Good Frikin Chicken,10 29th St,High risk food holding temperature,3,2,4,1,2019,1,7
84.0,ERIC'S RESTAURANT,1500 Church St,Inadequate food safety knowledge or lack of certified food safety manager,2,5,6,1,2019,1,7
86.0,CAFE MUMS,1800 SUTTER St,Foods not protected from contamination,2,11,5,1,2019,1,7
79.0,YUMMY YUMMY VIETNAMESE RESTAURANT,1015 IRVING St,Inadequate and inaccessible handwashing facilities,2,11,5,1,2019,1,7
72.0,Kam Lok Restaurant,834 Washington St,Unclean or degraded floors walls or ceilings,1,3,7,1,2019,1,7
86.0,CAFE MUMS,1800 SUTTER St,Moderate risk vermin infestation,2,11,5,1,2019,1,7
72.0,Kam Lok Restaurant,834 Washington St,Unclean hands or improper use of gloves,3,3,7,1,2019,1,7
87.0,On Lok,225 30th St,Insufficient hot water or running water,2,5,3,1,2019,1,7
85.0,Good Frikin Chicken,10 29th St,Low risk vermin infestation,1,2,4,1,2019,1,7
74.0,Napoleon Super Bakery Corp,1049 Stockton St,Improper food storage,1,3,8,1,2019,1,7
84.0,ERIC'S RESTAURANT,1500 Church St,Foods not protected from contamination,2,5,6,1,2019,1,7
79.0,YUMMY YUMMY VIETNAMESE RESTAURANT,1015 IRVING St,Improper thawing methods,2,11,5,1,2019,1,7
74.0,Napoleon Super Bakery Corp,1049 Stockton St,Moderate risk food holding temperature,2,3,8,1,2019,1,7
74.0,Napoleon Super Bakery Corp,1049 Stockton St,Inadequately cleaned or sanitized food contact surfaces,2,3,8,1,2019,1,7
72.0,Kam Lok Restaurant,834 Washington St,Unclean or unsanitary food contact surfaces,3,3,7,1,2019,1,7
79.0,YUMMY YUMMY VIETNAMESE RESTAURANT,1015 IRVING St,Moderate risk vermin infestation,2,11,5,1,2019,1,7
79.0,YUMMY YUMMY VIETNAMESE RESTAURANT,1015 IRVING St,Wiping cloths not clean or properly stored or inadequate sanitizer,1,11,5,1,2019,1,7
74.0,Napoleon Super Bakery Corp,1049 Stockton St,Moderate risk vermin infestation,2,3,8,1,2019,1,7
84.0,ERIC'S RESTAURANT,1500 Church St,Improper storage of equipment utensils or linens,1,5,6,1,2019,1,7
85.0,Good Frikin Chicken,10 29th St,Wiping cloths not clean or properly stored or inadequate sanitizer,1,2,4,1,2019,1,7
86.0,CAFE MUMS,1800 SUTTER St,Wiping cloths not clean or properly stored or inadequate sanitizer,1,11,5,1,2019,1,7
74.0,Napoleon Super Bakery Corp,1049 Stockton St,Inadequate and inaccessible handwashing facilities,2,3,8,1,2019,1,7
86.0,CAFE MUMS,1800 SUTTER St,Unapproved or unmaintained equipment or utensils,1,11,5,1,2019,1,7
72.0,Kam Lok Restaurant,834 Washington St,Moderate risk vermin infestation,2,3,7,1,2019,1,7
74.0,Napoleon Super Bakery Corp,1049 Stockton St,Insufficient hot water or running water,2,3,8,1,2019,1,7
84.0,ERIC'S RESTAURANT,1500 Church St,Unapproved or unmaintained equipment or utensils,1,5,6,1,2019,1,7
79.0,YUMMY YUMMY VIETNAMESE RESTAURANT,1015 IRVING St,High risk food holding temperature,3,11,5,1,2019,1,7
87.0,On Lok,225 30th St,Improper cooling methods,3,5,3,1,2019,1,7
84.0,ERIC'S RESTAURANT,1500 Church St,Unclean or degraded floors walls or ceilings,1,5,6,1,2019,1,7
85.0,Good Frikin Chicken,10 29th St,Inadequate and inaccessible handwashing facilities,2,2,4,1,2019,1,7
74.0,Napoleon Super Bakery Corp,1049 Stockton St,Unclean or degraded floors walls or ceilings,1,3,8,1,2019,1,7
72.0,Kam Lok Restaurant,834 Washington St,Improper food storage,1,3,7,1,2019,1,7
87.0,Inay - Metreon SF,135 04th St FC-10,Unclean or degraded floors walls or ceilings,1,10,3,1,2019,1,7
87.0,Inay - Metreon SF,135 04th St FC-10,Improper cooling methods,3,10,3,1,2019,1,7
94.0,Al's Super Cafe,3286 MISSION St,Food safety certificate or food handler card not available,1,2,2,1,2019,1,7
98.0,Specialty's Cafe & Bakery,500 Howard St,Unclean or degraded floors walls or ceilings,1,10,1,1,2019,1,7
94.0,Al's Super Cafe,3286 MISSION St,Insufficient hot water or running water,2,2,2,1,2019,1,7
87.0,Inay - Metreon SF,135 04th St FC-10,Moderate risk food holding temperature,2,10,3,1,2019,1,7
84.0,LA REYNA BAKERY,3114 24th St,Unapproved or unmaintained equipment or utensils,1,2,6,1,2019,1,8
68.0,Hong Kong Bakery,4711 MISSION St,High risk vermin infestation,3,1,9,1,2019,1,8
68.0,Hong Kong Bakery,4711 MISSION St,Inadequate food safety knowledge or lack of certified food safety manager,2,1,9,1,2019,1,8
90.0,Piraat Pizza,696 Sutter St,Moderate risk food holding temperature,2,3,3,1,2019,1,8
68.0,Hong Kong Bakery,4711 MISSION St,Unapproved or unmaintained equipment or utensils,1,1,9,1,2019,1,8
82.0,PACIFIC PLAZA CAFE,1340 FRANKLIN St,Inadequately cleaned or sanitized food contact surfaces,2,6,5,1,2019,1,8
80.0,Popeyes Chicken & Biscuits,1426 Fillmore St Space T,High risk vermin infestation,3,11,5,1,2019,1,8
90.0,Piraat Pizza,696 Sutter St,Wiping cloths not clean or properly stored or inadequate sanitizer,1,3,3,1,2019,1,8
80.0,Popeyes Chicken & Biscuits,1426 Fillmore St Space T,Unclean or degraded floors walls or ceilings,1,11,5,1,2019,1,8
68.0,Hong Kong Bakery,4711 MISSION St,High risk food holding temperature,3,1,9,1,2019,1,8
82.0,PACIFIC PLAZA CAFE,1340 FRANKLIN St,Inadequate and inaccessible handwashing facilities,2,6,5,1,2019,1,8
68.0,Hong Kong Bakery,4711 MISSION St,Unclean or degraded floors walls or ceilings,1,1,9,1,2019,1,8
84.0,LA REYNA BAKERY,3114 24th St,Unclean or degraded floors walls or ceilings,1,2,6,1,2019,1,8
84.0,LA REYNA BAKERY,3114 24th St,Inadequate food safety knowledge or lack of certified food safety manager,2,2,6,1,2019,1,8
82.0,PACIFIC PLAZA CAFE,1340 FRANKLIN St,Unclean or degraded floors walls or ceilings,1,6,5,1,2019,1,8
80.0,Popeyes Chicken & Biscuits,1426 Fillmore St Space T,Sewage or wastewater contamination,3,11,5,1,2019,1,8
68.0,Hong Kong Bakery,4711 MISSION St,Improper food storage,1,1,9,1,2019,1,8
68.0,Hong Kong Bakery,4711 MISSION St,Improper thawing methods,2,1,9,1,2019,1,8
80.0,Popeyes Chicken & Biscuits,1426 Fillmore St Space T,Unclean nonfood contact surfaces,1,11,5,1,2019,1,8
82.0,PACIFIC PLAZA CAFE,1340 FRANKLIN St,Foods not protected from contamination,2,6,5,1,2019,1,8
84.0,LA REYNA BAKERY,3114 24th St,Permit license or inspection report not posted,1,2,6,1,2019,1,8
68.0,Hong Kong Bakery,4711 MISSION St,Improper storage of equipment utensils or linens,1,1,9,1,2019,1,8
84.0,LA REYNA BAKERY,3114 24th St,Moderate risk vermin infestation,2,2,6,1,2019,1,8
84.0,LA REYNA BAKERY,3114 24th St,Unclean nonfood contact surfaces,1,2,6,1,2019,1,8
90.0,Piraat Pizza,696 Sutter St,Inadequate procedures or records for time as a public health control,2,3,3,1,2019,1,8
68.0,Hong Kong Bakery,4711 MISSION St,Unapproved  living quarters in food facility,1,1,9,1,2019,1,8
82.0,PACIFIC PLAZA CAFE,1340 FRANKLIN St,Moderate risk food holding temperature,2,6,5,1,2019,1,8
80.0,Popeyes Chicken & Biscuits,1426 Fillmore St Space T,Improper food storage,1,11,5,1,2019,1,8
80.0,Washington Cafe,826 Washington St,High risk vermin infestation,3,3,4,1,2019,1,8
80.0,Washington Cafe,826 Washington St,Unclean or unsanitary food contact surfaces,3,3,4,1,2019,1,8
80.0,Washington Cafe,826 Washington St,Unapproved or unmaintained equipment or utensils,1,3,4,1,2019,1,8
80.0,Washington Cafe,826 Washington St,Inadequate sewage or wastewater disposal,2,3,4,1,2019,1,8
100.0,West Portal Nutrition Center,163 West Portal Ave,NA,0,8,1,1,2019,1,8
75.0,Wok In Chinese American Food,50 MENDELL St 6,Improper cooling methods,3,9,6,1,2019,1,9
87.0,Washington Bakery & Restaurant,733 Washington St,Food safety certificate or food handler card not available,1,3,4,1,2019,1,9
84.0,Xiao Loong,250 WEST PORTAL AVENUE,Foods not protected from contamination,2,8,5,1,2019,1,9
79.0,EL BURRITO EXPRESS #2,1812 DIVISADERO St,Unclean or unsanitary food contact surfaces,3,6,6,1,2019,1,9
83.0,La Loma Produce Nos. 3 & 9 Inc,5652 MISSION St,Unclean or unsanitary food contact surfaces,3,1,4,1,2019,1,9
85.0,Bursa,60 West Portal Ave.,Improper storage of equipment utensils or linens,1,8,4,1,2019,1,9
77.0,Double Play Bar & Grill,2401 16th St,Inadequate and inaccessible handwashing facilities,2,2,6,1,2019,1,9
75.0,Wok In Chinese American Food,50 MENDELL St 6,Inadequately cleaned or sanitized food contact surfaces,2,9,6,1,2019,1,9
81.0,PHILIPPINE DELICACIES,5609 MISSION St,Improper food storage,1,1,6,1,2019,1,9
86.0,TAQUERIA EL FAROLITO,2779 MISSION St,Moderate risk food holding temperature,2,2,5,1,2019,1,9
85.0,Events Management @ de Young Museum,50 So Tea Garden Dr,Improper cooling methods,3,4,3,1,2019,1,9
77.0,Double Play Bar & Grill,2401 16th St,Unclean nonfood contact surfaces,1,2,6,1,2019,1,9
83.0,La Loma Produce Nos. 3 & 9 Inc,5652 MISSION St,Inadequate and inaccessible handwashing facilities,2,1,4,1,2019,1,9
79.0,EL BURRITO EXPRESS #2,1812 DIVISADERO St,Unclean or degraded floors walls or ceilings,1,6,6,1,2019,1,9
89.0,J & A RESTAURANT,5712 MISSION St,Unapproved or unmaintained equipment or utensils,1,1,3,1,2019,1,9
88.0,Henry's Hunan Restaurant,1708 CHURCH St,Foods not protected from contamination,2,5,4,1,2019,1,9
79.0,EL BURRITO EXPRESS #2,1812 DIVISADERO St,Inadequate food safety knowledge or lack of certified food safety manager,2,6,6,1,2019,1,9
84.0,Xiao Loong,250 WEST PORTAL AVENUE,Improper food storage,1,8,5,1,2019,1,9
83.0,La Loma Produce Nos. 3 & 9 Inc,5652 MISSION St,Unapproved or unmaintained equipment or utensils,1,1,4,1,2019,1,9
89.0,J & A RESTAURANT,5712 MISSION St,Wiping cloths not clean or properly stored or inadequate sanitizer,1,1,3,1,2019,1,9
75.0,Wok In Chinese American Food,50 MENDELL St 6,Moderate risk food holding temperature,2,9,6,1,2019,1,9
81.0,PHILIPPINE DELICACIES,5609 MISSION St,Unapproved or unmaintained equipment or utensils,1,1,6,1,2019,1,9
87.0,Washington Bakery & Restaurant,733 Washington St,High risk food holding temperature,3,3,4,1,2019,1,9
79.0,EL BURRITO EXPRESS #2,1812 DIVISADERO St,Unapproved or unmaintained equipment or utensils,1,6,6,1,2019,1,9
88.0,Henry's Hunan Restaurant,1708 CHURCH St,Inadequate ventilation or lighting,1,5,4,1,2019,1,9
77.0,Double Play Bar & Grill,2401 16th St,Moderate risk vermin infestation,2,2,6,1,2019,1,9
85.0,Events Management @ de Young Museum,50 So Tea Garden Dr,Employee eating or smoking,2,4,3,1,2019,1,9
85.0,Bursa,60 West Portal Ave.,Inadequately cleaned or sanitized food contact surfaces,2,8,4,1,2019,1,9
88.0,Henry's Hunan Restaurant,1708 CHURCH St,Unclean or degraded floors walls or ceilings,1,5,4,1,2019,1,9
81.0,PHILIPPINE DELICACIES,5609 MISSION St,Unclean or unsanitary food contact surfaces,3,1,6,1,2019,1,9
86.0,TAQUERIA EL FAROLITO,2779 MISSION St,Unclean nonfood contact surfaces,1,2,5,1,2019,1,9
89.0,J & A RESTAURANT,5712 MISSION St,High risk vermin infestation,3,1,3,1,2019,1,9
87.0,Washington Bakery & Restaurant,733 Washington St,Unclean or degraded floors walls or ceilings,1,3,4,1,2019,1,9
84.0,Xiao Loong,250 WEST PORTAL AVENUE,Unclean nonfood contact surfaces,1,8,5,1,2019,1,9
79.0,EL BURRITO EXPRESS #2,1812 DIVISADERO St,Foods not protected from contamination,2,6,6,1,2019,1,9
91.0,McDONALD'S,302 POTRERO Ave,Unapproved or unmaintained equipment or utensils,1,9,2,1,2019,1,9
83.0,La Loma Produce Nos. 3 & 9 Inc,5652 MISSION St,Moderate risk food holding temperature,2,1,4,1,2019,1,9
86.0,TAQUERIA EL FAROLITO,2779 MISSION St,Improper storage of equipment utensils or linens,1,2,5,1,2019,1,9
84.0,Xiao Loong,250 WEST PORTAL AVENUE,Improper thawing methods,2,8,5,1,2019,1,9
77.0,Double Play Bar & Grill,2401 16th St,Noncompliance with shell fish tags or display,2,2,6,1,2019,1,9
88.0,Henry's Hunan Restaurant,1708 CHURCH St,Inadequately cleaned or sanitized food contact surfaces,2,5,4,1,2019,1,9
81.0,PHILIPPINE DELICACIES,5609 MISSION St,Inadequate ventilation or lighting,1,1,6,1,2019,1,9
75.0,Wok In Chinese American Food,50 MENDELL St 6,Moderate risk vermin infestation,2,9,6,1,2019,1,9
87.0,Washington Bakery & Restaurant,733 Washington St,Low risk vermin infestation,1,3,4,1,2019,1,9
81.0,PHILIPPINE DELICACIES,5609 MISSION St,Unclean or degraded floors walls or ceilings,1,1,6,1,2019,1,9
84.0,Xiao Loong,250 WEST PORTAL AVENUE,Inadequately cleaned or sanitized food contact surfaces,2,8,5,1,2019,1,9
85.0,Bursa,60 West Portal Ave.,Improper food storage,1,8,4,1,2019,1,9
75.0,Wok In Chinese American Food,50 MENDELL St 6,Improper food storage,1,9,6,1,2019,1,9
75.0,Wok In Chinese American Food,50 MENDELL St 6,Insufficient hot water or running water,2,9,6,1,2019,1,9
77.0,Double Play Bar & Grill,2401 16th St,Unclean or unsanitary food contact surfaces,3,2,6,1,2019,1,9
85.0,Events Management @ de Young Museum,50 So Tea Garden Dr,Moderate risk food holding temperature,2,4,3,1,2019,1,9
77.0,Double Play Bar & Grill,2401 16th St,Inadequate ventilation or lighting,1,2,6,1,2019,1,9
79.0,EL BURRITO EXPRESS #2,1812 DIVISADERO St,Low risk vermin infestation,1,6,6,1,2019,1,9
85.0,Bursa,60 West Portal Ave.,Unclean hands or improper use of gloves,3,8,4,1,2019,1,9
81.0,PHILIPPINE DELICACIES,5609 MISSION St,Employee eating or smoking,2,1,6,1,2019,1,9
86.0,TAQUERIA EL FAROLITO,2779 MISSION St,Improper or defective plumbing,1,2,5,1,2019,1,9
91.0,McDONALD'S,302 POTRERO Ave,High risk food holding temperature,3,9,2,1,2019,1,9
86.0,TAQUERIA EL FAROLITO,2779 MISSION St,Inadequately cleaned or sanitized food contact surfaces,2,2,5,1,2019,1,9
96.0,The Grove-Hayes,301 Hayes St,Moderate risk food holding temperature,2,11,1,1,2019,1,9
85.0,New Woey Loy Goey Restaurant,699 Jackson St,Unclean or degraded floors walls or ceilings,1,3,4,1,2019,1,9
85.0,New Woey Loy Goey Restaurant,699 Jackson St,Moderate risk food holding temperature,2,3,4,1,2019,1,9
85.0,New Woey Loy Goey Restaurant,699 Jackson St,Contaminated or adulterated food,3,3,4,1,2019,1,9
85.0,New Woey Loy Goey Restaurant,699 Jackson St,Wiping cloths not clean or properly stored or inadequate sanitizer,1,3,4,1,2019,1,9
70.0,NORIEGA TERIYAKI HOUSE,1755 NORIEGA St,Unclean nonfood contact surfaces,1,7,8,1,2019,1,10
100.0,House of Coffee,1618 Noriega St,NA,0,7,1,1,2019,1,10
70.0,NORIEGA TERIYAKI HOUSE,1755 NORIEGA St,Unclean or degraded floors walls or ceilings,1,7,8,1,2019,1,10
64.0,Oscar Burger & Deli,1850 Cesar Chavez St,High risk vermin infestation,3,9,9,1,2019,1,10
86.0,A-1 BAKERY,1727 OCEAN Ave,Moderate risk food holding temperature,2,8,5,1,2019,1,10
64.0,Oscar Burger & Deli,1850 Cesar Chavez St,Inadequate warewashing facilities or equipment,1,9,9,1,2019,1,10
90.0,STARBUCKS COFFEE #5486,36 02nd St,Permit license or inspection report not posted,1,10,3,1,2019,1,10
64.0,Oscar Burger & Deli,1850 Cesar Chavez St,Unapproved or unmaintained equipment or utensils,1,9,9,1,2019,1,10
77.0,FLOWER MARKET CAFE,698 BRANNAN St,High risk food holding temperature,3,10,7,1,2019,1,10
86.0,A-1 BAKERY,1727 OCEAN Ave,Unclean or degraded floors walls or ceilings,1,8,5,1,2019,1,10
83.0,CAFE MADELEINE,149 NEW MONTGOMERY STREET,Improper storage use or identification of toxic substances,1,10,5,1,2019,1,10
64.0,Oscar Burger & Deli,1850 Cesar Chavez St,Moderate risk food holding temperature,2,9,9,1,2019,1,10
77.0,FLOWER MARKET CAFE,698 BRANNAN St,Improper food storage,1,10,7,1,2019,1,10
70.0,NORIEGA TERIYAKI HOUSE,1755 NORIEGA St,Unclean or unsanitary food contact surfaces,3,7,8,1,2019,1,10
86.0,A-1 BAKERY,1727 OCEAN Ave,Inadequate and inaccessible handwashing facilities,2,8,5,1,2019,1,10
64.0,Oscar Burger & Deli,1850 Cesar Chavez St,Unclean or unsanitary food contact surfaces,3,9,9,1,2019,1,10
70.0,NORIEGA TERIYAKI HOUSE,1755 NORIEGA St,Other moderate risk violation,2,7,8,1,2019,1,10
86.0,A-1 BAKERY,1727 OCEAN Ave,Improper storage of equipment utensils or linens,1,8,5,1,2019,1,10
83.0,CAFE MADELEINE,149 NEW MONTGOMERY STREET,Improper food storage,1,10,5,1,2019,1,10
77.0,FLOWER MARKET CAFE,698 BRANNAN St,Improper storage use or identification of toxic substances,1,10,7,1,2019,1,10
90.0,STARBUCKS COFFEE #5486,36 02nd St,Moderate risk food holding temperature,2,10,3,1,2019,1,10
64.0,Oscar Burger & Deli,1850 Cesar Chavez St,Unclean nonfood contact surfaces,1,9,9,1,2019,1,10
83.0,CAFE MADELEINE,149 NEW MONTGOMERY STREET,Unclean or degraded floors walls or ceilings,1,10,5,1,2019,1,10
77.0,FLOWER MARKET CAFE,698 BRANNAN St,Improper food labeling or menu misrepresentation,1,10,7,1,2019,1,10
70.0,NORIEGA TERIYAKI HOUSE,1755 NORIEGA St,Improper storage of equipment utensils or linens,1,7,8,1,2019,1,10
77.0,FLOWER MARKET CAFE,698 BRANNAN St,Inadequate and inaccessible handwashing facilities,2,10,7,1,2019,1,10
83.0,CAFE MADELEINE,149 NEW MONTGOMERY STREET,Unclean or unsanitary food contact surfaces,3,10,5,1,2019,1,10
64.0,Oscar Burger & Deli,1850 Cesar Chavez St,Employee eating or smoking,2,9,9,1,2019,1,10
77.0,FLOWER MARKET CAFE,698 BRANNAN St,Foods not protected from contamination,2,10,7,1,2019,1,10
86.0,A-1 BAKERY,1727 OCEAN Ave,Unapproved or unmaintained equipment or utensils,1,8,5,1,2019,1,10
70.0,NORIEGA TERIYAKI HOUSE,1755 NORIEGA St,Moderate risk food holding temperature,2,7,8,1,2019,1,10
64.0,Oscar Burger & Deli,1850 Cesar Chavez St,Foods not protected from contamination,2,9,9,1,2019,1,10
90.0,STARBUCKS COFFEE #5486,36 02nd St,Inadequate and inaccessible handwashing facilities,2,10,3,1,2019,1,10
64.0,Oscar Burger & Deli,1850 Cesar Chavez St,Inadequate and inaccessible handwashing facilities,2,9,9,1,2019,1,10
70.0,NORIEGA TERIYAKI HOUSE,1755 NORIEGA St,Unapproved or unmaintained equipment or utensils,1,7,8,1,2019,1,10
77.0,FLOWER MARKET CAFE,698 BRANNAN St,Unapproved or unmaintained equipment or utensils,1,10,7,1,2019,1,10
70.0,NORIEGA TERIYAKI HOUSE,1755 NORIEGA St,High risk vermin infestation,3,7,8,1,2019,1,10
83.0,CAFE MADELEINE,149 NEW MONTGOMERY STREET,Moderate risk vermin infestation,2,10,5,1,2019,1,10
96.0,California Pacific Medical Ctr - Hospital Kitchen,2333 Buchanan St Level A,Unapproved or unmaintained equipment or utensils,1,6,2,1,2019,1,10
79.0,"House of Dim Sum, Inc.",735 Jackson St,Unapproved or unmaintained equipment or utensils,1,3,5,1,2019,1,10
96.0,California Pacific Medical Ctr - Hospital Kitchen,2333 Buchanan St Level A,Unclean or degraded floors walls or ceilings,1,6,2,1,2019,1,10
79.0,"House of Dim Sum, Inc.",735 Jackson St,Foods not protected from contamination,2,3,5,1,2019,1,10
79.0,"House of Dim Sum, Inc.",735 Jackson St,Improper thawing methods,2,3,5,1,2019,1,10
79.0,"House of Dim Sum, Inc.",735 Jackson St,Inadequately cleaned or sanitized food contact surfaces,2,3,5,1,2019,1,10
79.0,"House of Dim Sum, Inc.",735 Jackson St,High risk food holding temperature,3,3,5,1,2019,1,10
96.0,The Roosevelt,2817 24th St,Moderate risk vermin infestation,2,2,1,1,2019,1,10
100.0,California Pacific Medical Center - Cafe,2333 Buchanan St 1st Floor,NA,0,6,1,1,2019,1,10
96.0,NOAH'S NEW YORK BAGELS #2147,2300 16 th St,Unclean or degraded floors walls or ceilings,1,9,2,1,2019,1,11
88.0,Whole Foods Market,1765 CALIFORNIA St,Unclean or degraded floors walls or ceilings,1,6,4,1,2019,1,11
92.0,Williams-Sonoma,340 Post St,Moderate risk vermin infestation,2,3,2,1,2019,1,11
92.0,Cafe Encore,488 Post St,Wiping cloths not clean or properly stored or inadequate sanitizer,1,3,3,1,2019,1,11
92.0,RAILROAD EXPRESSO CAFE,705 Monterey Blvd,Inadequately cleaned or sanitized food contact surfaces,2,8,2,1,2019,1,11
96.0,NOAH'S NEW YORK BAGELS #2147,2300 16 th St,Unapproved or unmaintained equipment or utensils,1,9,2,1,2019,1,11
88.0,Whole Foods Market,1765 CALIFORNIA St,Inadequate and inaccessible handwashing facilities,2,6,4,1,2019,1,11
92.0,RAILROAD EXPRESSO CAFE,705 Monterey Blvd,Moderate risk food holding temperature,2,8,2,1,2019,1,11
88.0,Whole Foods Market,1765 CALIFORNIA St,Inadequately cleaned or sanitized food contact surfaces,2,6,4,1,2019,1,11
98.0,PEET'S COFFEE & TEA,2300 16th St #240,Unclean or degraded floors walls or ceilings,1,9,1,1,2019,1,11
88.0,Whole Foods Market,1765 CALIFORNIA St,Unapproved or unmaintained equipment or utensils,1,6,4,1,2019,1,11
92.0,Cafe Encore,488 Post St,Low risk vermin infestation,1,3,3,1,2019,1,11
92.0,Cafe Encore,488 Post St,Insufficient hot water or running water,2,3,3,1,2019,1,11
92.0,Williams-Sonoma,340 Post St,Moderate risk food holding temperature,2,3,2,1,2019,1,11
88.0,Nijiya Market,1737 Post St 333,NA,0,11,1,1,2019,1,11
80.0,PORTICO,245 MARKET St #3,Unclean or degraded floors walls or ceilings,1,10,4,1,2019,1,14
92.0,My Ivy Corp.,1901 DIVISADERO St,Improper food storage,1,6,4,1,2019,1,14
80.0,PORTICO,245 MARKET St #3,No hot water or running water,3,10,4,1,2019,1,14
92.0,My Ivy Corp.,1901 DIVISADERO St,Low risk vermin infestation,1,6,4,1,2019,1,14
92.0,My Ivy Corp.,1901 DIVISADERO St,Unapproved or unmaintained equipment or utensils,1,6,4,1,2019,1,14
80.0,PORTICO,245 MARKET St #3,Foods not protected from contamination,2,10,4,1,2019,1,14
92.0,My Ivy Corp.,1901 DIVISADERO St,Wiping cloths not clean or properly stored or inadequate sanitizer,1,6,4,1,2019,1,14
80.0,PORTICO,245 MARKET St #3,High risk food holding temperature,3,10,4,1,2019,1,14
86.0,LA TORTILLA,495 Castro St B,Inadequate and inaccessible handwashing facilities,2,5,4,1,2019,1,15
96.0,RICKSHAW STOP,155 FELL ST,Low risk vermin infestation,1,11,2,1,2019,1,15
86.0,LA TORTILLA,495 Castro St B,Inadequately cleaned or sanitized food contact surfaces,2,5,4,1,2019,1,15
96.0,RICKSHAW STOP,155 FELL ST,Improper storage use or identification of toxic substances,1,11,2,1,2019,1,15
86.0,LA TORTILLA,495 Castro St B,Unclean or degraded floors walls or ceilings,1,5,4,1,2019,1,15
86.0,LA TORTILLA,495 Castro St B,Moderate risk food holding temperature,2,5,4,1,2019,1,15
92.0,Mozzeria,3228 16th St,Moderate risk food holding temperature,2,5,4,1,2019,1,15
92.0,Mozzeria,3228 16th St,Moderate risk food holding temperature,2,5,4,1,2019,1,15
92.0,Mozzeria,3228 16th St,Inadequately cleaned or sanitized food contact surfaces,2,5,4,1,2019,1,15
92.0,Mozzeria,3228 16th St,Inadequately cleaned or sanitized food contact surfaces,2,5,4,1,2019,1,15
100.0,JEFFERSON ELEMENTARY SCHOOL,1725 IRVING St,NA,0,7,1,1,2019,1,15
74.0,Loving Hut Vegan Cuisine,845 Market St FE12,Unclean or unsanitary food contact surfaces,3,10,5,1,2019,1,16
81.0,Burger Bar SF,251 Geary St 6th Floor,Improper thawing methods,2,3,5,1,2019,1,16
78.0,TEN ICHI RESTAURANT,2235 FILLMORE St,Unclean or degraded floors walls or ceilings,1,6,5,1,2019,1,16
81.0,Perry's Embarcadero,155 STEUART St,Unclean or degraded floors walls or ceilings,1,10,5,1,2019,1,16
78.0,TEN ICHI RESTAURANT,2235 FILLMORE St,Unclean or unsanitary food contact surfaces,3,6,5,1,2019,1,16
74.0,Loving Hut Vegan Cuisine,845 Market St FE12,Moderate risk vermin infestation,2,10,5,1,2019,1,16
81.0,Perry's Embarcadero,155 STEUART St,Improper cooling methods,3,10,5,1,2019,1,16
74.0,Loving Hut Vegan Cuisine,845 Market St FE12,Inadequate and inaccessible handwashing facilities,2,10,5,1,2019,1,16
78.0,TEN ICHI RESTAURANT,2235 FILLMORE St,Unapproved or unmaintained equipment or utensils,1,6,5,1,2019,1,16
81.0,Burger Bar SF,251 Geary St 6th Floor,Food in poor condition,2,3,5,1,2019,1,16
81.0,Perry's Embarcadero,155 STEUART St,Moderate risk food holding temperature,2,10,5,1,2019,1,16
78.0,TEN ICHI RESTAURANT,2235 FILLMORE St,High risk vermin infestation,3,6,5,1,2019,1,16
74.0,Loving Hut Vegan Cuisine,845 Market St FE12,Foods not protected from contamination,2,10,5,1,2019,1,16
81.0,Burger Bar SF,251 Geary St 6th Floor,High risk food holding temperature,3,3,5,1,2019,1,16
81.0,Perry's Embarcadero,155 STEUART St,Improper food storage,1,10,5,1,2019,1,16
74.0,Loving Hut Vegan Cuisine,845 Market St FE12,High risk food holding temperature,3,10,5,1,2019,1,16
81.0,Perry's Embarcadero,155 STEUART St,Inadequately cleaned or sanitized food contact surfaces,2,10,5,1,2019,1,16
81.0,Burger Bar SF,251 Geary St 6th Floor,Unclean or degraded floors walls or ceilings,1,3,5,1,2019,1,16
78.0,TEN ICHI RESTAURANT,2235 FILLMORE St,Foods not protected from contamination,2,6,5,1,2019,1,16
81.0,Burger Bar SF,251 Geary St 6th Floor,Improper food storage,1,3,5,1,2019,1,16
85.0,Caffe Central,845 Market St,Inadequately cleaned or sanitized food contact surfaces,2,10,3,1,2019,1,16
92.0,Sur La Table,845 Market St Space#015,Low risk vermin infestation,1,10,3,1,2019,1,16
85.0,Caffe Central,845 Market St,Moderate risk food holding temperature,2,10,3,1,2019,1,16
92.0,Sur La Table,845 Market St Space#015,Inadequate and inaccessible handwashing facilities,2,10,3,1,2019,1,16
85.0,Caffe Central,845 Market St,No hot water or running water,3,10,3,1,2019,1,16
87.0,Nopalito,1224 9th Ave,Low risk vermin infestation,1,11,3,1,2019,1,16
92.0,Sur La Table,845 Market St Space#015,Improper storage use or identification of toxic substances,1,10,3,1,2019,1,16
87.0,Nopalito,1224 9th Ave,Improper cooling methods,3,11,3,1,2019,1,16
87.0,Nopalito,1224 9th Ave,Moderate risk food holding temperature,2,11,3,1,2019,1,16
92.0,Yoppi Yogurt,845 Market St 277,Inadequate and inaccessible handwashing facilities,2,10,3,1,2019,1,17
68.0,ADELITA'S CAKES,3780 MISSION St,Inadequate and inaccessible handwashing facilities,2,5,8,1,2019,1,17
68.0,ADELITA'S CAKES,3780 MISSION St,Inadequate warewashing facilities or equipment,1,5,8,1,2019,1,17
90.0,PACIFIC CATCH,2027 CHESTNUT St,Wiping cloths not clean or properly stored or inadequate sanitizer,1,6,3,1,2019,1,17
68.0,ADELITA'S CAKES,3780 MISSION St,Unclean nonfood contact surfaces,1,5,8,1,2019,1,17
92.0,Yoppi Yogurt,845 Market St 277,Unclean nonfood contact surfaces,1,10,3,1,2019,1,17
68.0,ADELITA'S CAKES,3780 MISSION St,Inadequate food safety knowledge or lack of certified food safety manager,2,5,8,1,2019,1,17
68.0,ADELITA'S CAKES,3780 MISSION St,Unclean or unsanitary food contact surfaces,3,5,8,1,2019,1,17
90.0,PACIFIC CATCH,2027 CHESTNUT St,Inadequately cleaned or sanitized food contact surfaces,2,6,3,1,2019,1,17
92.0,Yoppi Yogurt,845 Market St 277,Unapproved or unmaintained equipment or utensils,1,10,3,1,2019,1,17
68.0,ADELITA'S CAKES,3780 MISSION St,Improper food storage,1,5,8,1,2019,1,17
68.0,ADELITA'S CAKES,3780 MISSION St,High risk vermin infestation,3,5,8,1,2019,1,17
90.0,PACIFIC CATCH,2027 CHESTNUT St,Insufficient hot water or running water,2,6,3,1,2019,1,17
68.0,ADELITA'S CAKES,3780 MISSION St,Employee eating or smoking,2,5,8,1,2019,1,17
86.0,Bamboo Asia,41 Montgomery St,Insufficient hot water or running water,2,10,4,1,2019,1,17
73.0,Turtle Tower Restaurant,5716 GEARY BLVD,Unclean hands or improper use of gloves,3,4,5,1,2019,1,17
92.0,Chipotle Mexican Grill #1560,333 Jefferson St #104,Unapproved or unmaintained equipment or utensils,1,3,3,1,2019,1,17
73.0,Turtle Tower Restaurant,5716 GEARY BLVD,Unclean or unsanitary food contact surfaces,3,4,5,1,2019,1,17
92.0,Chipotle Mexican Grill #1560,333 Jefferson St #104,Low risk vermin infestation,1,3,3,1,2019,1,17
86.0,Bamboo Asia,41 Montgomery St,Inadequate and inaccessible handwashing facilities,2,10,4,1,2019,1,17
73.0,Turtle Tower Restaurant,5716 GEARY BLVD,Inadequate and inaccessible handwashing facilities,2,4,5,1,2019,1,17
86.0,Bamboo Asia,41 Montgomery St,Moderate risk food holding temperature,2,10,4,1,2019,1,17
92.0,Chipotle Mexican Grill #1560,333 Jefferson St #104,Moderate risk food holding temperature,2,3,3,1,2019,1,17
86.0,Bamboo Asia,41 Montgomery St,Wiping cloths not clean or properly stored or inadequate sanitizer,1,10,4,1,2019,1,17
73.0,Turtle Tower Restaurant,5716 GEARY BLVD,Unapproved or unmaintained equipment or utensils,1,4,5,1,2019,1,17
73.0,Turtle Tower Restaurant,5716 GEARY BLVD,High risk food holding temperature,3,4,5,1,2019,1,17
88.0,"SAFEWAY STORES, INC. #995",1335 Webster St,Unapproved or unmaintained equipment or utensils,1,11,6,1,2019,1,18
81.0,Grandeho's Kamekyo II,2721 Hyde St,Improper cooling methods,3,6,5,1,2019,1,18
79.0,Last Drop Tavern,550 3 St,Improper cooling methods,3,3,5,1,2019,1,18
87.0,Herlen Place,334 Grant Ave,Improper cooling methods,3,3,3,1,2019,1,18
88.0,"SAFEWAY STORES, INC. #995",1335 Webster St,Moderate risk vermin infestation,2,11,6,1,2019,1,18
79.0,Last Drop Tavern,550 3 St,Inadequate and inaccessible handwashing facilities,2,3,5,1,2019,1,18
81.0,Grandeho's Kamekyo II,2721 Hyde St,Unapproved or unmaintained equipment or utensils,1,6,5,1,2019,1,18
87.0,Herlen Place,334 Grant Ave,Foods not protected from contamination,2,3,3,1,2019,1,18
79.0,Last Drop Tavern,550 3 St,Improper thawing methods,2,3,5,1,2019,1,18
88.0,"SAFEWAY STORES, INC. #995",1335 Webster St,Moderate risk food holding temperature,2,11,6,1,2019,1,18
81.0,Grandeho's Kamekyo II,2721 Hyde St,Inadequately cleaned or sanitized food contact surfaces,2,6,5,1,2019,1,18
96.0,Dinosaurs,2275 Market St Unit H,Foods not protected from contamination,2,5,1,1,2019,1,18
79.0,Last Drop Tavern,550 3 St,Foods not protected from contamination,2,3,5,1,2019,1,18
87.0,Herlen Place,334 Grant Ave,Low risk vermin infestation,1,3,3,1,2019,1,18
81.0,Grandeho's Kamekyo II,2721 Hyde St,Inadequate and inaccessible handwashing facilities,2,6,5,1,2019,1,18
88.0,"SAFEWAY STORES, INC. #995",1335 Webster St,Unclean or degraded floors walls or ceilings,1,11,6,1,2019,1,18
81.0,Grandeho's Kamekyo II,2721 Hyde St,Low risk vermin infestation,1,6,5,1,2019,1,18
79.0,Last Drop Tavern,550 3 St,Improper storage of equipment utensils or linens,1,3,5,1,2019,1,18
73.0,"Chutney USA, Inc.",511 Jones St,Inadequate and inaccessible handwashing facilities,2,10,7,1,2019,1,18
90.0,"La Corneta, Inc",2834 Diamond St,Foods not protected from contamination,2,5,3,1,2019,1,18
73.0,"Chutney USA, Inc.",511 Jones St,Improper food storage,1,10,7,1,2019,1,18
73.0,"Chutney USA, Inc.",511 Jones St,Moderate risk food holding temperature,2,10,7,1,2019,1,18
73.0,"Chutney USA, Inc.",511 Jones St,Improper cooling methods,3,10,7,1,2019,1,18
90.0,"La Corneta, Inc",2834 Diamond St,Wiping cloths not clean or properly stored or inadequate sanitizer,1,5,3,1,2019,1,18
73.0,"Chutney USA, Inc.",511 Jones St,Moderate risk vermin infestation,2,10,7,1,2019,1,18
96.0,Ghirardelli Chocolate,845 Market St Suite 014,Unclean or degraded floors walls or ceilings,1,10,2,1,2019,1,18
73.0,"Chutney USA, Inc.",511 Jones St,Wiping cloths not clean or properly stored or inadequate sanitizer,1,10,7,1,2019,1,18
90.0,"La Corneta, Inc",2834 Diamond St,Moderate risk food holding temperature,2,5,3,1,2019,1,18
96.0,Ghirardelli Chocolate,845 Market St Suite 014,Low risk vermin infestation,1,10,2,1,2019,1,18
73.0,"Chutney USA, Inc.",511 Jones St,Employee eating or smoking,2,10,7,1,2019,1,18
80.0,La Fonda,712 Irving St,Moderate risk vermin infestation,2,11,4,1,2019,1,22
90.0,Darwin Cafe,212 Ritch St,Food safety certificate or food handler card not available,1,10,3,1,2019,1,22
93.0,EL NORTEO,801 bryant St,Improper cooling methods,3,10,1,1,2019,1,22
96.0,STARBUCKS COFFEE CO,120 04th St,Inadequate ventilation or lighting,1,10,2,1,2019,1,22
88.0,La Laguna,3906 03rd St,Inadequate and inaccessible handwashing facilities,2,9,4,1,2019,1,22
96.0,STARBUCKS COFFEE CO,120 04th St,Unclean nonfood contact surfaces,1,10,2,1,2019,1,22
88.0,La Laguna,3906 03rd St,Inadequate sewage or wastewater disposal,2,9,4,1,2019,1,22
80.0,La Fonda,712 Irving St,Unclean or unsanitary food contact surfaces,3,11,4,1,2019,1,22
88.0,La Laguna,3906 03rd St,Low risk vermin infestation,1,9,4,1,2019,1,22
90.0,Darwin Cafe,212 Ritch St,Inadequate food safety knowledge or lack of certified food safety manager,2,10,3,1,2019,1,22
80.0,La Fonda,712 Irving St,Improper cooling methods,3,11,4,1,2019,1,22
88.0,La Laguna,3906 03rd St,Unapproved or unmaintained equipment or utensils,1,9,4,1,2019,1,22
90.0,Darwin Cafe,212 Ritch St,Moderate risk food holding temperature,2,10,3,1,2019,1,22
80.0,La Fonda,712 Irving St,Unclean or degraded floors walls or ceilings,1,11,4,1,2019,1,22
92.0,Yellow Submarine,503 IRVING St,Unclean or degraded floors walls or ceilings,1,11,3,1,2019,1,22
92.0,Rich Table,199 GOUGH St,Unapproved or unmaintained equipment or utensils,1,11,4,1,2019,1,22
92.0,Yellow Submarine,503 IRVING St,Inadequately cleaned or sanitized food contact surfaces,2,11,3,1,2019,1,22
92.0,Rich Table,199 GOUGH St,Unclean or degraded floors walls or ceilings,1,11,4,1,2019,1,22
92.0,Rich Table,199 GOUGH St,Permit license or inspection report not posted,1,11,4,1,2019,1,22
92.0,Yellow Submarine,503 IRVING St,Unapproved or unmaintained equipment or utensils,1,11,3,1,2019,1,22
92.0,Rich Table,199 GOUGH St,Low risk vermin infestation,1,11,4,1,2019,1,22
100.0,Events Management @ DeYoung Museum,50 So Tea Garden Dr,NA,0,4,1,1,2019,1,22
100.0,Woolf House Senior Center,801 Howard St . #413,NA,0,10,1,1,2019,1,22
96.0,Jewish Community Center of San Francisco,3200 California,Low risk vermin infestation,1,6,2,1,2019,1,23
65.0,Mission Beach Cafe,198 GUERRERO St,Foods not protected from contamination,2,5,8,1,2019,1,23
65.0,Mission Beach Cafe,198 GUERRERO St,Unclean or degraded floors walls or ceilings,1,5,8,1,2019,1,23
65.0,Mission Beach Cafe,198 GUERRERO St,Food safety certificate or food handler card not available,1,5,8,1,2019,1,23
65.0,Mission Beach Cafe,198 GUERRERO St,Permit license or inspection report not posted,1,5,8,1,2019,1,23
65.0,Mission Beach Cafe,198 GUERRERO St,High risk food holding temperature,3,5,8,1,2019,1,23
65.0,Mission Beach Cafe,198 GUERRERO St,High risk vermin infestation,3,5,8,1,2019,1,23
96.0,Jewish Community Center of San Francisco,3200 California,Unapproved or unmaintained equipment or utensils,1,6,2,1,2019,1,23
65.0,Mission Beach Cafe,198 GUERRERO St,Inadequately cleaned or sanitized food contact surfaces,2,5,8,1,2019,1,23
65.0,Mission Beach Cafe,198 GUERRERO St,Improper cooling methods,3,5,8,1,2019,1,23
57.0,New Jumbo Seafood Restaurant,1532 NORIEGA St,Improper storage use or identification of toxic substances,1,7,10,1,2019,1,23
57.0,New Jumbo Seafood Restaurant,1532 NORIEGA St,High risk food holding temperature,3,7,10,1,2019,1,23
57.0,New Jumbo Seafood Restaurant,1532 NORIEGA St,Foods not protected from contamination,2,7,10,1,2019,1,23
86.0,Sarku Japan,865 Market St Space#C08,Inadequately cleaned or sanitized food contact surfaces,2,10,5,1,2019,1,23
57.0,New Jumbo Seafood Restaurant,1532 NORIEGA St,Improper cooling methods,3,7,10,1,2019,1,23
57.0,New Jumbo Seafood Restaurant,1532 NORIEGA St,Unapproved or unmaintained equipment or utensils,1,7,10,1,2019,1,23
86.0,Sarku Japan,865 Market St Space#C08,Unapproved or unmaintained equipment or utensils,1,10,5,1,2019,1,23
86.0,Sarku Japan,865 Market St Space#C08,Inadequate dressing rooms or improper storage of personal items,1,10,5,1,2019,1,23
86.0,Sarku Japan,865 Market St Space#C08,Unclean or degraded floors walls or ceilings,1,10,5,1,2019,1,23
57.0,New Jumbo Seafood Restaurant,1532 NORIEGA St,No thermometers or uncalibrated thermometers,1,7,10,1,2019,1,23
57.0,New Jumbo Seafood Restaurant,1532 NORIEGA St,Moderate risk vermin infestation,2,7,10,1,2019,1,23
57.0,New Jumbo Seafood Restaurant,1532 NORIEGA St,Unclean or unsanitary food contact surfaces,3,7,10,1,2019,1,23
57.0,New Jumbo Seafood Restaurant,1532 NORIEGA St,Inadequate food safety knowledge or lack of certified food safety manager,2,7,10,1,2019,1,23
86.0,Sarku Japan,865 Market St Space#C08,Inadequate and inaccessible handwashing facilities,2,10,5,1,2019,1,23
57.0,New Jumbo Seafood Restaurant,1532 NORIEGA St,Reservice of previously served foods,2,7,10,1,2019,1,23
64.0,WING HING RESTAURANT,2550 SAN BRUNO Ave,High risk food holding temperature,3,2,9,1,2019,1,24
70.0,Cafe La Taza,470 Post St,Inadequate and inaccessible handwashing facilities,2,3,8,1,2019,1,24
70.0,Cafe La Taza,470 Post St,Moderate risk vermin infestation,2,3,8,1,2019,1,24
64.0,WING HING RESTAURANT,2550 SAN BRUNO Ave,Unapproved or unmaintained equipment or utensils,1,2,9,1,2019,1,24
84.0,Jitlada Thai Cuisine,1826 B Buchanan St,Insufficient hot water or running water,2,6,5,1,2019,1,24
64.0,WING HING RESTAURANT,2550 SAN BRUNO Ave,Inadequate and inaccessible handwashing facilities,2,2,9,1,2019,1,24
84.0,Jitlada Thai Cuisine,1826 B Buchanan St,Moderate risk vermin infestation,2,6,5,1,2019,1,24
70.0,Cafe La Taza,470 Post St,No hot water or running water,3,3,8,1,2019,1,24
84.0,Jitlada Thai Cuisine,1826 B Buchanan St,Inadequately cleaned or sanitized food contact surfaces,2,6,5,1,2019,1,24
64.0,WING HING RESTAURANT,2550 SAN BRUNO Ave,Improper thawing methods,2,2,9,1,2019,1,24
64.0,WING HING RESTAURANT,2550 SAN BRUNO Ave,Moderate risk vermin infestation,2,2,9,1,2019,1,24
84.0,Jitlada Thai Cuisine,1826 B Buchanan St,Unclean or degraded floors walls or ceilings,1,6,5,1,2019,1,24
70.0,Cafe La Taza,470 Post St,Wiping cloths not clean or properly stored or inadequate sanitizer,1,3,8,1,2019,1,24
70.0,Cafe La Taza,470 Post St,Unapproved or unmaintained equipment or utensils,1,3,8,1,2019,1,24
64.0,WING HING RESTAURANT,2550 SAN BRUNO Ave,Employee eating or smoking,2,2,9,1,2019,1,24
64.0,WING HING RESTAURANT,2550 SAN BRUNO Ave,Unclean or degraded floors walls or ceilings,1,2,9,1,2019,1,24
70.0,Cafe La Taza,470 Post St,Unclean or degraded floors walls or ceilings,1,3,8,1,2019,1,24
64.0,WING HING RESTAURANT,2550 SAN BRUNO Ave,Unclean or unsanitary food contact surfaces,3,2,9,1,2019,1,24
84.0,Jitlada Thai Cuisine,1826 B Buchanan St,Unapproved or unmaintained equipment or utensils,1,6,5,1,2019,1,24
70.0,Cafe La Taza,470 Post St,Improper or defective plumbing,1,3,8,1,2019,1,24
70.0,Cafe La Taza,470 Post St,High risk food holding temperature,3,3,8,1,2019,1,24
64.0,WING HING RESTAURANT,2550 SAN BRUNO Ave,Unclean nonfood contact surfaces,1,2,9,1,2019,1,24
77.0,The Station,596 Pacific Ave,Improper or defective plumbing,1,3,4,1,2019,1,24
77.0,The Station,596 Pacific Ave,High risk food holding temperature,3,3,4,1,2019,1,24
96.0,Cathead's BBQ,1665 FOLSOM St,Inadequate or unsanitary refuse containers or area or no garbage service,1,10,2,1,2019,1,24
96.0,Cathead's BBQ,1665 FOLSOM St,Improper or defective plumbing,1,10,2,1,2019,1,24
77.0,The Station,596 Pacific Ave,Improper cooling methods,3,3,4,1,2019,1,24
77.0,The Station,596 Pacific Ave,Unclean or unsanitary food contact surfaces,3,3,4,1,2019,1,24
90.0,The Crab Station of Fisherman's Wharf,Foot of Taylor St #2,Unclean nonfood contact surfaces,1,3,4,1,2019,1,25
76.0,GOURMET DIM SUM & CAFE,651 CLEMENT St,Food safety certificate or food handler card not available,1,4,6,1,2019,1,25
76.0,GOURMET DIM SUM & CAFE,651 CLEMENT St,Unclean hands or improper use of gloves,3,4,6,1,2019,1,25
90.0,The Crab Station of Fisherman's Wharf,Foot of Taylor St #2,Moderate risk food holding temperature,2,3,4,1,2019,1,25
76.0,GOURMET DIM SUM & CAFE,651 CLEMENT St,Unclean or unsanitary food contact surfaces,3,4,6,1,2019,1,25
76.0,GOURMET DIM SUM & CAFE,651 CLEMENT St,Improper storage of equipment utensils or linens,1,4,6,1,2019,1,25
90.0,The Crab Station of Fisherman's Wharf,Foot of Taylor St #2,Improper storage of equipment utensils or linens,1,3,4,1,2019,1,25
90.0,The Crab Station of Fisherman's Wharf,Foot of Taylor St #2,Unclean or degraded floors walls or ceilings,1,3,4,1,2019,1,25
76.0,GOURMET DIM SUM & CAFE,651 CLEMENT St,Permit license or inspection report not posted,1,4,6,1,2019,1,25
76.0,GOURMET DIM SUM & CAFE,651 CLEMENT St,Foods not protected from contamination,2,4,6,1,2019,1,25
85.0,Sakesan,626 Clement St,Unclean or unsanitary food contact surfaces,3,4,3,1,2019,1,25
85.0,Sakesan,626 Clement St,Inadequate and inaccessible handwashing facilities,2,4,3,1,2019,1,25
85.0,Sakesan,626 Clement St,Noncompliance with shell fish tags or display,2,4,3,1,2019,1,25
77.0,OZUMO,161 STEUART St,Improper or defective plumbing,1,10,7,1,2019,1,28
80.0,McGarden Bakery,5131 Mission St,Wiping cloths not clean or properly stored or inadequate sanitizer,1,1,5,1,2019,1,28
72.0,San Raku Restaurant,704 Sutter St,Unclean or degraded floors walls or ceilings,1,3,6,1,2019,1,28
82.0,Pizzetta 211,211 23rd Ave,Moderate risk vermin infestation,2,4,5,1,2019,1,28
83.0,Universal Bakery Inc.,3458 MISSION St,Improper cooling methods,3,2,5,1,2019,1,28
83.0,Chili Lemon Garlic,518 Bryant St,Foods not protected from contamination,2,10,4,1,2019,1,28
77.0,OZUMO,161 STEUART St,Foods not protected from contamination,2,10,7,1,2019,1,28
72.0,San Raku Restaurant,704 Sutter St,High risk food holding temperature,3,3,6,1,2019,1,28
80.0,McGarden Bakery,5131 Mission St,Unclean or degraded floors walls or ceilings,1,1,5,1,2019,1,28
77.0,OZUMO,161 STEUART St,High risk food holding temperature,3,10,7,1,2019,1,28
83.0,Chili Lemon Garlic,518 Bryant St,Improper storage use or identification of toxic substances,1,10,4,1,2019,1,28
83.0,Universal Bakery Inc.,3458 MISSION St,Inadequately cleaned or sanitized food contact surfaces,2,2,5,1,2019,1,28
82.0,Pizzetta 211,211 23rd Ave,Insufficient hot water or running water,2,4,5,1,2019,1,28
72.0,San Raku Restaurant,704 Sutter St,Improper thawing methods,2,3,6,1,2019,1,28
83.0,Chili Lemon Garlic,518 Bryant St,Unclean or unsanitary food contact surfaces,3,10,4,1,2019,1,28
77.0,OZUMO,161 STEUART St,Unclean nonfood contact surfaces,1,10,7,1,2019,1,28
87.0,MOZZARELLA DI BUFALA PIZZERIA II,069 WEST PORTAL Ave,Unclean nonfood contact surfaces,1,8,3,1,2019,1,28
89.0,ST. THOMAS THE APOSTLE,3801 BALBOA St,Unclean hands or improper use of gloves,3,4,2,1,2019,1,28
83.0,Universal Bakery Inc.,3458 MISSION St,Unclean nonfood contact surfaces,1,2,5,1,2019,1,28
77.0,OZUMO,161 STEUART St,Unclean or degraded floors walls or ceilings,1,10,7,1,2019,1,28
80.0,McGarden Bakery,5131 Mission St,High risk vermin infestation,3,1,5,1,2019,1,28
72.0,San Raku Restaurant,704 Sutter St,Inadequate and inaccessible handwashing facilities,2,3,6,1,2019,1,28
82.0,Pizzetta 211,211 23rd Ave,Inadequately cleaned or sanitized food contact surfaces,2,4,5,1,2019,1,28
80.0,McGarden Bakery,5131 Mission St,High risk food holding temperature,3,1,5,1,2019,1,28
82.0,Pizzetta 211,211 23rd Ave,Unapproved or unmaintained equipment or utensils,1,4,5,1,2019,1,28
72.0,San Raku Restaurant,704 Sutter St,Moderate risk vermin infestation,2,3,6,1,2019,1,28
80.0,McGarden Bakery,5131 Mission St,Inadequate ventilation or lighting,1,1,5,1,2019,1,28
83.0,Chili Lemon Garlic,518 Bryant St,Inadequate food safety knowledge or lack of certified food safety manager,2,10,4,1,2019,1,28
83.0,Universal Bakery Inc.,3458 MISSION St,Unapproved or unmaintained equipment or utensils,1,2,5,1,2019,1,28
77.0,OZUMO,161 STEUART St,Insufficient hot water or running water,2,10,7,1,2019,1,28
96.0,Raintree Cafe,118 West Portal Ave,Unclean nonfood contact surfaces,1,8,2,1,2019,1,28
87.0,MOZZARELLA DI BUFALA PIZZERIA II,069 WEST PORTAL Ave,Unauthorized or unsafe use of time as a public health control measure,3,8,3,1,2019,1,28
77.0,OZUMO,161 STEUART St,Inadequate warewashing facilities or equipment,1,10,7,1,2019,1,28
87.0,MOZZARELLA DI BUFALA PIZZERIA II,069 WEST PORTAL Ave,Inadequately cleaned or sanitized food contact surfaces,2,8,3,1,2019,1,28
83.0,Universal Bakery Inc.,3458 MISSION St,Unclean or degraded floors walls or ceilings,1,2,5,1,2019,1,28
82.0,Pizzetta 211,211 23rd Ave,Foods not protected from contamination,2,4,5,1,2019,1,28
89.0,ST. THOMAS THE APOSTLE,3801 BALBOA St,Inadequately cleaned or sanitized food contact surfaces,2,4,2,1,2019,1,28
96.0,Raintree Cafe,118 West Portal Ave,Unclean or degraded floors walls or ceilings,1,8,2,1,2019,1,28
72.0,San Raku Restaurant,704 Sutter St,Unclean or unsanitary food contact surfaces,3,3,6,1,2019,1,28
78.0,Kippu Japanese Restaurant,1707 BUCHANAN St,Unclean or unsanitary food contact surfaces,3,11,5,1,2019,1,28
90.0,Cypress Grill,99 Harding Park Rd,Unclean or degraded floors walls or ceilings,1,8,4,1,2019,1,28
78.0,Kippu Japanese Restaurant,1707 BUCHANAN St,Improper food storage,1,11,5,1,2019,1,28
90.0,Cypress Grill,99 Harding Park Rd,Moderate risk food holding temperature,2,8,4,1,2019,1,28
78.0,Kippu Japanese Restaurant,1707 BUCHANAN St,Moderate risk food holding temperature,2,11,5,1,2019,1,28
78.0,Kippu Japanese Restaurant,1707 BUCHANAN St,Unapproved or unmaintained equipment or utensils,1,11,5,1,2019,1,28
90.0,Cypress Grill,99 Harding Park Rd,Wiping cloths not clean or properly stored or inadequate sanitizer,1,8,4,1,2019,1,28
78.0,Kippu Japanese Restaurant,1707 BUCHANAN St,High risk vermin infestation,3,11,5,1,2019,1,28
90.0,Cypress Grill,99 Harding Park Rd,Inadequate dressing rooms or improper storage of personal items,1,8,4,1,2019,1,28
100.0,Midway Grill (Snack Shop),99 Harding Park Road,NA,0,8,1,1,2019,1,28
100.0,Cerveceria De Mateveza,3801 18th St,NA,0,5,1,1,2019,1,28
70.0,Chico's Grill,3771 Mission St,Moderate risk food holding temperature,2,2,7,1,2019,1,29
88.0,RICHMOND NEW MAY WAH SUPERMARKET,719 CLEMENT St,Moderate risk vermin infestation,2,4,3,1,2019,1,29
82.0,"Pho Tan Hoa, Inc",431 Jones St,Improper cooling methods,3,10,4,1,2019,1,29
70.0,Chico's Grill,3771 Mission St,Unclean or unsanitary food contact surfaces,3,2,7,1,2019,1,29
70.0,Chico's Grill,3771 Mission St,Unclean nonfood contact surfaces,1,2,7,1,2019,1,29
70.0,Chico's Grill,3771 Mission St,High risk vermin infestation,3,2,7,1,2019,1,29
82.0,"Pho Tan Hoa, Inc",431 Jones St,High risk vermin infestation,3,10,4,1,2019,1,29
70.0,Chico's Grill,3771 Mission St,Inadequate and inaccessible handwashing facilities,2,2,7,1,2019,1,29
88.0,RICHMOND NEW MAY WAH SUPERMARKET,719 CLEMENT St,Foods not protected from contamination,2,4,3,1,2019,1,29
70.0,Chico's Grill,3771 Mission St,Improper storage of equipment utensils or linens,1,2,7,1,2019,1,29
82.0,"Pho Tan Hoa, Inc",431 Jones St,Improper food storage,1,10,4,1,2019,1,29
82.0,"Pho Tan Hoa, Inc",431 Jones St,Wiping cloths not clean or properly stored or inadequate sanitizer,1,10,4,1,2019,1,29
70.0,Chico's Grill,3771 Mission St,Inadequate food safety knowledge or lack of certified food safety manager,2,2,7,1,2019,1,29
88.0,RICHMOND NEW MAY WAH SUPERMARKET,719 CLEMENT St,Noncompliance with shell fish tags or display,2,4,3,1,2019,1,29
81.0,RN74,301 Mission St,Noncompliance with shell fish tags or display,2,10,4,1,2019,1,30
85.0,The Lunch Box,50 Phelan Ave.,Unclean or unsanitary food contact surfaces,3,8,3,1,2019,1,30
75.0,The Front Porch,65 29th St A,Unclean or unsanitary food contact surfaces,3,2,4,1,2019,1,30
81.0,Lee's Deli,222 Front St,High risk food holding temperature,3,3,5,1,2019,1,30
94.0,Quality Gas For Your Car Arco AM/PM,5898 Mission St,Food in poor condition,2,1,2,1,2019,1,30
90.0,Volcano Kitchen,5454 GEARY Blvd,Improper thawing methods,2,4,3,1,2019,1,30
85.0,The Lunch Box,50 Phelan Ave.,Foods not protected from contamination,2,8,3,1,2019,1,30
81.0,RN74,301 Mission St,Improper cooling methods,3,10,4,1,2019,1,30
75.0,The Front Porch,65 29th St A,High risk food holding temperature,3,2,4,1,2019,1,30
90.0,Volcano Kitchen,5454 GEARY Blvd,Inadequately cleaned or sanitized food contact surfaces,2,4,3,1,2019,1,30
81.0,Lee's Deli,222 Front St,Inadequately cleaned or sanitized food contact surfaces,2,3,5,1,2019,1,30
90.0,CAFE MARS,798 BRANNAN St,Food safety certificate or food handler card not available,1,10,4,1,2019,1,30
81.0,Lee's Deli,222 Front St,Insufficient hot water or running water,2,3,5,1,2019,1,30
81.0,RN74,301 Mission St,Moderate risk food holding temperature,2,10,4,1,2019,1,30
85.0,The Lunch Box,50 Phelan Ave.,Inadequate food safety knowledge or lack of certified food safety manager,2,8,3,1,2019,1,30
90.0,Volcano Kitchen,5454 GEARY Blvd,Improper storage use or identification of toxic substances,1,4,3,1,2019,1,30
75.0,The Front Porch,65 29th St A,Employee eating or smoking,2,2,4,1,2019,1,30
85.0,WORKING GIRLS' CAFE III,100 SPEAR St 140,Foods not protected from contamination,2,10,3,1,2019,1,30
81.0,Lee's Deli,222 Front St,Unclean nonfood contact surfaces,1,3,5,1,2019,1,30
90.0,CAFE MARS,798 BRANNAN St,Improper storage use or identification of toxic substances,1,10,4,1,2019,1,30
85.0,WORKING GIRLS' CAFE III,100 SPEAR St 140,High risk food holding temperature,3,10,3,1,2019,1,30
90.0,CAFE MARS,798 BRANNAN St,Employee eating or smoking,2,10,4,1,2019,1,30
94.0,Quality Gas For Your Car Arco AM/PM,5898 Mission St,Unclean or degraded floors walls or ceilings,1,1,2,1,2019,1,30
81.0,Lee's Deli,222 Front St,Food safety certificate or food handler card not available,1,3,5,1,2019,1,30
81.0,RN74,301 Mission St,Inadequate and inaccessible handwashing facilities,2,10,4,1,2019,1,30
75.0,The Front Porch,65 29th St A,High risk vermin infestation,3,2,4,1,2019,1,30
85.0,WORKING GIRLS' CAFE III,100 SPEAR St 140,Inadequately cleaned or sanitized food contact surfaces,2,10,3,1,2019,1,30
90.0,CAFE MARS,798 BRANNAN St,Improper or defective plumbing,1,10,4,1,2019,1,30
81.0,Martita Restaurant,5276 Mission St,Moderate risk vermin infestation,2,1,5,1,2019,1,30
83.0,Magic Flute Restaurant,3673 SACRAMENTO St,High risk vermin infestation,3,6,4,1,2019,1,30
77.0,Tenmatsu Grab and Go,336 Kearny St,High risk food holding temperature,3,3,6,1,2019,1,30
83.0,Magic Flute Restaurant,3673 SACRAMENTO St,Employee eating or smoking,2,6,4,1,2019,1,30
81.0,Martita Restaurant,5276 Mission St,Unapproved or unmaintained equipment or utensils,1,1,5,1,2019,1,30
77.0,Tenmatsu Grab and Go,336 Kearny St,Inadequately cleaned or sanitized food contact surfaces,2,3,6,1,2019,1,30
77.0,Tenmatsu Grab and Go,336 Kearny St,Foods not protected from contamination,2,3,6,1,2019,1,30
81.0,Martita Restaurant,5276 Mission St,High risk food holding temperature,3,1,5,1,2019,1,30
77.0,Tenmatsu Grab and Go,336 Kearny St,Moderate risk vermin infestation,2,3,6,1,2019,1,30
83.0,Magic Flute Restaurant,3673 SACRAMENTO St,Improper food storage,1,6,4,1,2019,1,30
77.0,Tenmatsu Grab and Go,336 Kearny St,Improper storage of equipment utensils or linens,1,3,6,1,2019,1,30
81.0,Martita Restaurant,5276 Mission St,Inadequate food safety knowledge or lack of certified food safety manager,2,1,5,1,2019,1,30
83.0,Magic Flute Restaurant,3673 SACRAMENTO St,Inadequately cleaned or sanitized food contact surfaces,2,6,4,1,2019,1,30
81.0,Martita Restaurant,5276 Mission St,Wiping cloths not clean or properly stored or inadequate sanitizer,1,1,5,1,2019,1,30
77.0,Tenmatsu Grab and Go,336 Kearny St,Unapproved or unmaintained equipment or utensils,1,3,6,1,2019,1,30
80.0,Pacific Catch,1200 09th Ave,Improper or defective plumbing,1,7,5,1,2019,1,31
83.0,EXTREME PIZZA,1980 UNION St,Moderate risk vermin infestation,2,6,4,1,2019,1,31
83.0,EXTREME PIZZA,1980 UNION St,Inadequate and inaccessible handwashing facilities,2,6,4,1,2019,1,31
96.0,Metro Caffe,247 FILLMORE St,Moderate risk food holding temperature,2,11,1,1,2019,1,31
71.0,Balompie Cafe No. 3 Inc.,3801 Mission St,Wiping cloths not clean or properly stored or inadequate sanitizer,1,2,6,1,2019,1,31
84.0,Hamburger Haven,800 Clement St,Improper storage use or identification of toxic substances,1,4,5,1,2019,1,31
90.0,SUSHI TIME,2275 MARKET St,Improper thawing methods,2,5,4,1,2019,1,31
71.0,Balompie Cafe No. 3 Inc.,3801 Mission St,Unclean hands or improper use of gloves,3,2,6,1,2019,1,31
80.0,Pacific Catch,1200 09th Ave,Wiping cloths not clean or properly stored or inadequate sanitizer,1,7,5,1,2019,1,31
84.0,Hamburger Haven,800 Clement St,Moderate risk food holding temperature,2,4,5,1,2019,1,31
84.0,Hamburger Haven,800 Clement St,Moderate risk vermin infestation,2,4,5,1,2019,1,31
71.0,Balompie Cafe No. 3 Inc.,3801 Mission St,Unclean or unsanitary food contact surfaces,3,2,6,1,2019,1,31
83.0,EXTREME PIZZA,1980 UNION St,Unclean nonfood contact surfaces,1,6,4,1,2019,1,31
90.0,SUSHI TIME,2275 MARKET St,Unapproved or unmaintained equipment or utensils,1,5,4,1,2019,1,31
71.0,Balompie Cafe No. 3 Inc.,3801 Mission St,High risk food holding temperature,3,2,6,1,2019,1,31
80.0,Pacific Catch,1200 09th Ave,High risk food holding temperature,3,7,5,1,2019,1,31
80.0,Pacific Catch,1200 09th Ave,High risk vermin infestation,3,7,5,1,2019,1,31
71.0,Balompie Cafe No. 3 Inc.,3801 Mission St,Inadequate food safety knowledge or lack of certified food safety manager,2,2,6,1,2019,1,31
84.0,Hamburger Haven,800 Clement St,Inadequately cleaned or sanitized food contact surfaces,2,4,5,1,2019,1,31
90.0,SUSHI TIME,2275 MARKET St,Unclean or degraded floors walls or ceilings,1,5,4,1,2019,1,31
90.0,SUSHI TIME,2275 MARKET St,Wiping cloths not clean or properly stored or inadequate sanitizer,1,5,4,1,2019,1,31
71.0,Balompie Cafe No. 3 Inc.,3801 Mission St,Improper food storage,1,2,6,1,2019,1,31
80.0,Pacific Catch,1200 09th Ave,Unclean or degraded floors walls or ceilings,1,7,5,1,2019,1,31
83.0,EXTREME PIZZA,1980 UNION St,High risk food holding temperature,3,6,4,1,2019,1,31
84.0,Hamburger Haven,800 Clement St,Unapproved or unmaintained equipment or utensils,1,4,5,1,2019,1,31
90.0,The Posh Bagel,742 IRVING St,Moderate risk food holding temperature,2,11,3,1,2019,1,31
74.0,ITHAI,720 Post St,Improper storage use or identification of toxic substances,1,3,7,1,2019,1,31
74.0,ITHAI,720 Post St,Unclean nonfood contact surfaces,1,3,7,1,2019,1,31
74.0,ITHAI,720 Post St,Inadequate ventilation or lighting,1,3,7,1,2019,1,31
74.0,ITHAI,720 Post St,Unclean or unsanitary food contact surfaces,3,3,7,1,2019,1,31
74.0,ITHAI,720 Post St,Moderate risk food holding temperature,2,3,7,1,2019,1,31
90.0,The Posh Bagel,742 IRVING St,Wiping cloths not clean or properly stored or inadequate sanitizer,1,11,3,1,2019,1,31
74.0,ITHAI,720 Post St,Unapproved or unmaintained equipment or utensils,1,3,7,1,2019,1,31
74.0,ITHAI,720 Post St,High risk vermin infestation,3,3,7,1,2019,1,31
90.0,The Posh Bagel,742 IRVING St,Foods not protected from contamination,2,11,3,1,2019,1,31
86.0,Basil Canteen,1489 FOLSOM St,Wiping cloths not clean or properly stored or inadequate sanitizer,1,10,5,1,2019,2,1
83.0,Roxanne Cafe,570 Powell St,High risk food holding temperature,3,3,4,1,2019,2,1
86.0,Basil Canteen,1489 FOLSOM St,Improper storage of equipment utensils or linens,1,10,5,1,2019,2,1
83.0,Roxanne Cafe,570 Powell St,Foods not protected from contamination,2,3,4,1,2019,2,1
86.0,Basil Canteen,1489 FOLSOM St,Moderate risk food holding temperature,2,10,5,1,2019,2,1
92.0,"7-Eleven, Store 2231-33501",564 Market St,Inadequate and inaccessible handwashing facilities,2,3,2,1,2019,2,1
83.0,Roxanne Cafe,570 Powell St,Improper storage of equipment utensils or linens,1,3,4,1,2019,2,1
86.0,Basil Canteen,1489 FOLSOM St,Moderate risk vermin infestation,2,10,5,1,2019,2,1
92.0,"7-Eleven, Store 2231-33501",564 Market St,Inadequately cleaned or sanitized food contact surfaces,2,3,2,1,2019,2,1
86.0,Basil Canteen,1489 FOLSOM St,Unclean or degraded floors walls or ceilings,1,10,5,1,2019,2,1
83.0,Roxanne Cafe,570 Powell St,Inadequately cleaned or sanitized food contact surfaces,2,3,4,1,2019,2,1
92.0,ESTELA'S DONBURI,891 Bush St,Unapproved or unmaintained equipment or utensils,1,3,3,1,2019,2,1
92.0,ESTELA'S DONBURI,891 Bush St,Inadequately cleaned or sanitized food contact surfaces,2,3,3,1,2019,2,1
92.0,ESTELA'S DONBURI,891 Bush St,Unclean or degraded floors walls or ceilings,1,3,3,1,2019,2,1
100.0,JUNIPERO SERRA ELEMENTARY SCHOOL,625 HOLLY PARK Cir,NA,0,2,1,1,2019,2,1
100.0,CARMICHAEL ELEMENTARY SCHOOL,55 SHERMAN St,NA,0,10,1,1,2019,2,1
84.0,Ayola,327 Kearny St,Foods not protected from contamination,2,3,5,1,2019,2,4
83.0,Canyon Market,2815 Diamond St,Improper cooling methods,3,5,4,1,2019,2,4
98.0,Cafe Bellini,865 MARKET St C45,Wiping cloths not clean or properly stored or inadequate sanitizer,1,10,1,1,2019,2,4
84.0,Ayola,327 Kearny St,Unclean unmaintained or improperly constructed toilet facilities,1,3,5,1,2019,2,4
96.0,Auntie Anne's Pretzels,845 Market St Space 201,Unclean nonfood contact surfaces,1,10,2,1,2019,2,4
82.0,Pho Ha Tien,1900 OCEAN Ave,Foods not protected from contamination,2,8,4,1,2019,2,4
86.0,Bohemian Cigar Store,566 Columbus Ave,Inadequate and inaccessible handwashing facilities,2,3,4,1,2019,2,4
80.0,Whole Foods Market,399 04th St,Unclean or degraded floors walls or ceilings,1,10,6,1,2019,2,4
82.0,Pho Ha Tien,1900 OCEAN Ave,Moderate risk food holding temperature,2,8,4,1,2019,2,4
69.0,Lori's Diner,500 Sutter St,Contaminated or adulterated food,3,3,7,1,2019,2,4
96.0,Auntie Anne's Pretzels,845 Market St Space 201,Unclean or degraded floors walls or ceilings,1,10,2,1,2019,2,4
89.0,CORNERSTONES ACADEMY,801 SILVER Ave,Moderate risk vermin infestation,2,2,2,1,2019,2,4
84.0,Ayola,327 Kearny St,Moderate risk food holding temperature,2,3,5,1,2019,2,4
82.0,Pho Ha Tien,1900 OCEAN Ave,Improper thawing methods,2,8,4,1,2019,2,4
80.0,Whole Foods Market,399 04th St,High risk food holding temperature,3,10,6,1,2019,2,4
86.0,Bohemian Cigar Store,566 Columbus Ave,Foods not protected from contamination,2,3,4,1,2019,2,4
98.0,STARBUCKS,490 BRANNAN St,Unclean or degraded floors walls or ceilings,1,10,1,1,2019,2,4
83.0,Canyon Market,2815 Diamond St,Wiping cloths not clean or properly stored or inadequate sanitizer,1,5,4,1,2019,2,4
69.0,Lori's Diner,500 Sutter St,High risk vermin infestation,3,3,7,1,2019,2,4
69.0,Lori's Diner,500 Sutter St,Unclean nonfood contact surfaces,1,3,7,1,2019,2,4
69.0,Lori's Diner,500 Sutter St,Improper food storage,1,3,7,1,2019,2,4
69.0,Lori's Diner,500 Sutter St,Unclean or degraded floors walls or ceilings,1,3,7,1,2019,2,4
89.0,CORNERSTONES ACADEMY,801 SILVER Ave,Improper cooling methods,3,2,2,1,2019,2,4
86.0,Bohemian Cigar Store,566 Columbus Ave,Unapproved or unmaintained equipment or utensils,1,3,4,1,2019,2,4
80.0,Whole Foods Market,399 04th St,Inadequately cleaned or sanitized food contact surfaces,2,10,6,1,2019,2,4
82.0,Pho Ha Tien,1900 OCEAN Ave,Inadequate and inaccessible handwashing facilities,2,8,4,1,2019,2,4
83.0,Canyon Market,2815 Diamond St,Foods not protected from contamination,2,5,4,1,2019,2,4
86.0,Bohemian Cigar Store,566 Columbus Ave,Inadequately cleaned or sanitized food contact surfaces,2,3,4,1,2019,2,4
98.0,"SAN FRANCISCO SCHOOL, THE",300 GAVEN St,Unapproved or unmaintained equipment or utensils,1,2,1,1,2019,2,4
84.0,Ayola,327 Kearny St,Insufficient hot water or running water,2,3,5,1,2019,2,4
69.0,Lori's Diner,500 Sutter St,Unclean or unsanitary food contact surfaces,3,3,7,1,2019,2,4
69.0,Lori's Diner,500 Sutter St,Moderate risk food holding temperature,2,3,7,1,2019,2,4
80.0,Whole Foods Market,399 04th St,Sewage or wastewater contamination,3,10,6,1,2019,2,4
84.0,Ayola,327 Kearny St,Low risk vermin infestation,1,3,5,1,2019,2,4
83.0,Canyon Market,2815 Diamond St,Moderate risk food holding temperature,2,5,4,1,2019,2,4
100.0,HILLCREST ELEMENTARY SCHOOL,810 SILVER Ave,NA,0,2,1,1,2019,2,4
85.0,Cafe Destiji,1075 Front St,Unclean or degraded floors walls or ceilings,1,3,4,1,2019,2,5
72.0,Ilobasco Restaurant & Pupuseria,2680 San Bruno Ave,No thermometers or uncalibrated thermometers,1,2,7,1,2019,2,5
84.0,Grumpy's American Pub,125 Vallejo St,No thermometers or uncalibrated thermometers,1,3,5,1,2019,2,5
72.0,Ilobasco Restaurant & Pupuseria,2680 San Bruno Ave,Inadequately cleaned or sanitized food contact surfaces,2,2,7,1,2019,2,5
86.0,Julie's Kitchen,50 FREMONT St,Inadequately cleaned or sanitized food contact surfaces,2,10,4,1,2019,2,5
84.0,Grumpy's American Pub,125 Vallejo St,Inadequately cleaned or sanitized food contact surfaces,2,3,5,1,2019,2,5
96.0,Bruno's,2389 MISSION St,Inadequately cleaned or sanitized food contact surfaces,2,2,1,1,2019,2,5
90.0,Sabra Restaurant,419 Grant Ave,Foods not protected from contamination,2,3,3,1,2019,2,5
90.0,Sabra Restaurant,419 Grant Ave,Inadequate food safety knowledge or lack of certified food safety manager,2,3,3,1,2019,2,5
72.0,Ilobasco Restaurant & Pupuseria,2680 San Bruno Ave,Moderate risk food holding temperature,2,2,7,1,2019,2,5
86.0,Julie's Kitchen,50 FREMONT St,Low risk vermin infestation,1,10,4,1,2019,2,5
85.0,Cafe Destiji,1075 Front St,Foods not protected from contamination,2,3,4,1,2019,2,5
72.0,Ilobasco Restaurant & Pupuseria,2680 San Bruno Ave,Improper cooling methods,3,2,7,1,2019,2,5
90.0,Sabra Restaurant,419 Grant Ave,Wiping cloths not clean or properly stored or inadequate sanitizer,1,3,3,1,2019,2,5
84.0,Grumpy's American Pub,125 Vallejo St,Moderate risk food holding temperature,2,3,5,1,2019,2,5
98.0,AFC Sushi @Safeway 739,3350 Mission St,Unapproved or unmaintained equipment or utensils,1,2,1,1,2019,2,5
85.0,Cafe Destiji,1075 Front St,Unclean or unsanitary food contact surfaces,3,3,4,1,2019,2,5
84.0,Grumpy's American Pub,125 Vallejo St,Unapproved or unmaintained equipment or utensils,1,3,5,1,2019,2,5
72.0,Ilobasco Restaurant & Pupuseria,2680 San Bruno Ave,Unclean or degraded floors walls or ceilings,1,2,7,1,2019,2,5
86.0,Julie's Kitchen,50 FREMONT St,Foods not protected from contamination,2,10,4,1,2019,2,5
91.0,El Gallo Giro,3055 23rd St,High risk food holding temperature,3,2,2,1,2019,2,5
72.0,Ilobasco Restaurant & Pupuseria,2680 San Bruno Ave,Unclean nonfood contact surfaces,1,2,7,1,2019,2,5
85.0,Cafe Destiji,1075 Front St,Improper or defective plumbing,1,3,4,1,2019,2,5
84.0,Grumpy's American Pub,125 Vallejo St,Improper thawing methods,2,3,5,1,2019,2,5
72.0,Ilobasco Restaurant & Pupuseria,2680 San Bruno Ave,High risk vermin infestation,3,2,7,1,2019,2,5
91.0,El Gallo Giro,3055 23rd St,Inadequate ventilation or lighting,1,2,2,1,2019,2,5
86.0,Julie's Kitchen,50 FREMONT St,Moderate risk food holding temperature,2,10,4,1,2019,2,5
88.0,The Iron Cactus,683 04th St,Food safety certificate or food handler card not available,1,10,4,1,2019,2,5
88.0,The Iron Cactus,683 04th St,Insufficient hot water or running water,2,10,4,1,2019,2,5
90.0,The Creamery,685 04th St,Inadequate dressing rooms or improper storage of personal items,1,10,4,1,2019,2,5
90.0,The Creamery,685 04th St,Inadequate and inaccessible handwashing facilities,2,10,4,1,2019,2,5
88.0,The Iron Cactus,683 04th St,Moderate risk food holding temperature,2,10,4,1,2019,2,5
90.0,The Creamery,685 04th St,Food safety certificate or food handler card not available,1,10,4,1,2019,2,5
88.0,The Iron Cactus,683 04th St,Low risk vermin infestation,1,10,4,1,2019,2,5
90.0,The Creamery,685 04th St,Low risk vermin infestation,1,10,4,1,2019,2,5
73.0,Pasta Moto of San Francisco Centre LLC,845 Market St FE6,Improper cooling methods,3,10,5,1,2019,2,6
79.0,EBISU RESTAURANT,1283 09th Ave,High risk food holding temperature,3,7,5,1,2019,2,6
81.0,CINCO DE MAYO TAQUERIA & GROCERY,2426 SAN BRUNO Ave,Improper thawing methods,2,2,5,1,2019,2,6
86.0,SUPER MIRA,1790 SUTTER St,Improper food storage,1,11,7,1,2019,2,6
82.0,Honey Honey Cafe,599 Post St,Moderate risk food holding temperature,2,3,6,1,2019,2,6
96.0,Cornerstone Academy,501 Cambridge St,Inadequate food safety knowledge or lack of certified food safety manager,2,2,1,1,2019,2,6
96.0,BURTON HIGH SCHOOL,400 MANSELL St,Unapproved or unmaintained equipment or utensils,1,2,2,1,2019,2,6
82.0,Honey Honey Cafe,599 Post St,Improper thawing methods,2,3,6,1,2019,2,6
81.0,CINCO DE MAYO TAQUERIA & GROCERY,2426 SAN BRUNO Ave,Moderate risk food holding temperature,2,2,5,1,2019,2,6
73.0,Pasta Moto of San Francisco Centre LLC,845 Market St FE6,High risk food holding temperature,3,10,5,1,2019,2,6
81.0,CINCO DE MAYO TAQUERIA & GROCERY,2426 SAN BRUNO Ave,Improper cooling methods,3,2,5,1,2019,2,6
86.0,BASIL THAI RESTAURANT & BAR,1175 FOLSOM St,Employee eating or smoking,2,10,4,1,2019,2,6
86.0,SUPER MIRA,1790 SUTTER St,Low risk vermin infestation,1,11,7,1,2019,2,6
79.0,EBISU RESTAURANT,1283 09th Ave,Moderate risk vermin infestation,2,7,5,1,2019,2,6
82.0,Honey Honey Cafe,599 Post St,Wiping cloths not clean or properly stored or inadequate sanitizer,1,3,6,1,2019,2,6
96.0,BURTON HIGH SCHOOL,400 MANSELL St,Improper storage of equipment utensils or linens,1,2,2,1,2019,2,6
73.0,Pasta Moto of San Francisco Centre LLC,845 Market St FE6,Inadequate and inaccessible handwashing facilities,2,10,5,1,2019,2,6
81.0,CINCO DE MAYO TAQUERIA & GROCERY,2426 SAN BRUNO Ave,Unapproved or unmaintained equipment or utensils,1,2,5,1,2019,2,6
86.0,SUPER MIRA,1790 SUTTER St,Inadequate food safety knowledge or lack of certified food safety manager,2,11,7,1,2019,2,6
94.0,YASUKOCHI'S SWEET SHOP,1790 SUTTER St,Inadequately cleaned or sanitized food contact surfaces,2,11,7,1,2019,2,6
86.0,SUPER MIRA,1790 SUTTER St,Unapproved or unmaintained equipment or utensils,1,11,7,1,2019,2,6
73.0,Pasta Moto of San Francisco Centre LLC,845 Market St FE6,Unclean or degraded floors walls or ceilings,1,10,5,1,2019,2,6
86.0,BASIL THAI RESTAURANT & BAR,1175 FOLSOM St,Inadequate food safety knowledge or lack of certified food safety manager,2,10,4,1,2019,2,6
82.0,Honey Honey Cafe,599 Post St,Inadequate and inaccessible handwashing facilities,2,3,6,1,2019,2,6
79.0,EBISU RESTAURANT,1283 09th Ave,Foods not protected from contamination,2,7,5,1,2019,2,6
79.0,EBISU RESTAURANT,1283 09th Ave,Unclean or degraded floors walls or ceilings,1,7,5,1,2019,2,6
86.0,BASIL THAI RESTAURANT & BAR,1175 FOLSOM St,Moderate risk food holding temperature,2,10,4,1,2019,2,6
73.0,Pasta Moto of San Francisco Centre LLC,845 Market St FE6,High risk vermin infestation,3,10,5,1,2019,2,6
82.0,Honey Honey Cafe,599 Post St,Unclean or degraded floors walls or ceilings,1,3,6,1,2019,2,6
81.0,CINCO DE MAYO TAQUERIA & GROCERY,2426 SAN BRUNO Ave,Inadequate warewashing facilities or equipment,1,2,5,1,2019,2,6
96.0,Starbucks Coffee Company,295 California St,Food safety certificate or food handler card not available,1,3,2,1,2019,2,6
96.0,Starbucks Coffee Company,295 California St,Wiping cloths not clean or properly stored or inadequate sanitizer,1,3,2,1,2019,2,6
86.0,SUPER MIRA,1790 SUTTER St,Improper thawing methods,2,11,7,1,2019,2,6
82.0,Honey Honey Cafe,599 Post St,Improper food storage,1,3,6,1,2019,2,6
94.0,YASUKOCHI'S SWEET SHOP,1790 SUTTER St,Unapproved or unmaintained equipment or utensils,1,11,7,1,2019,2,6
79.0,EBISU RESTAURANT,1283 09th Ave,Inadequate and inaccessible handwashing facilities,2,7,5,1,2019,2,6
86.0,BASIL THAI RESTAURANT & BAR,1175 FOLSOM St,Improper or defective plumbing,1,10,4,1,2019,2,6
90.0,Momma's Kitchen,121 09th St,Inadequate and inaccessible handwashing facilities,2,10,4,1,2019,2,6
90.0,Momma's Kitchen,121 09th St,Unapproved or unmaintained equipment or utensils,1,10,4,1,2019,2,6
90.0,Momma's Kitchen,121 09th St,Food safety certificate or food handler card not available,1,10,4,1,2019,2,6
90.0,Momma's Kitchen,121 09th St,Improper or defective plumbing,1,10,4,1,2019,2,6
92.0,JANNAH,1775 FULTON St,Inadequate and inaccessible handwashing facilities,2,11,3,1,2019,2,7
86.0,TED'S MARKET,1530 HOWARD St,Food safety certificate or food handler card not available,1,10,5,1,2019,2,7
85.0,Superette Market,128 EDDY ST,Inadequate and inaccessible handwashing facilities,2,10,4,1,2019,2,7
90.0,CAFE V,1525 FOLSOM St,Food safety certificate or food handler card not available,1,10,4,1,2019,2,7
61.0,Golden City Inn,5131 03rd St,Unapproved or unmaintained equipment or utensils,1,9,8,1,2019,2,7
82.0,KEZAR BAR & RESTAURANT,900 COLE St,Permit license or inspection report not posted,1,11,7,1,2019,2,7
90.0,Golden Donuts,5401 GEARY Blvd,Unpermitted food facility,1,4,4,1,2019,2,7
87.0,"Campton Place SF, A Taj Hotel-Restaurant",340 Stockton St,Permit license or inspection report not posted,1,3,4,1,2019,2,7
82.0,KEZAR BAR & RESTAURANT,900 COLE St,Moderate risk food holding temperature,2,11,7,1,2019,2,7
61.0,Golden City Inn,5131 03rd St,Inadequate and inaccessible handwashing facilities,2,9,8,1,2019,2,7
92.0,JANNAH,1775 FULTON St,Unapproved or unmaintained equipment or utensils,1,11,3,1,2019,2,7
92.0,"Good Life Grocery, The",448 CORTLAND Ave,Wiping cloths not clean or properly stored or inadequate sanitizer,1,2,3,1,2019,2,7
90.0,CAFE V,1525 FOLSOM St,Inadequate dressing rooms or improper storage of personal items,1,10,4,1,2019,2,7
87.0,MOONLIGHT CAFE,634 CORTLAND Ave,High risk food holding temperature,3,2,3,1,2019,2,7
61.0,Golden City Inn,5131 03rd St,Foods not protected from contamination,2,9,8,1,2019,2,7
61.0,Golden City Inn,5131 03rd St,Inadequate food safety knowledge or lack of certified food safety manager,2,9,8,1,2019,2,7
87.0,MOONLIGHT CAFE,634 CORTLAND Ave,Inadequate food safety knowledge or lack of certified food safety manager,2,2,3,1,2019,2,7
82.0,KEZAR BAR & RESTAURANT,900 COLE St,Low risk vermin infestation,1,11,7,1,2019,2,7
86.0,TED'S MARKET,1530 HOWARD St,Low risk vermin infestation,1,10,5,1,2019,2,7
85.0,Superette Market,128 EDDY ST,Contaminated or adulterated food,3,10,4,1,2019,2,7
90.0,Golden Donuts,5401 GEARY Blvd,Inadequately cleaned or sanitized food contact surfaces,2,4,4,1,2019,2,7
90.0,Golden Donuts,5401 GEARY Blvd,Food safety certificate or food handler card not available,1,4,4,1,2019,2,7
92.0,MEL'S DRIVE-IN,3355 GEARY Blvd,Moderate risk food holding temperature,2,4,3,1,2019,2,7
61.0,Golden City Inn,5131 03rd St,Improper cooling methods,3,9,8,1,2019,2,7
96.0,Guerra Quality Meats,490 Taraval,Improper thawing methods,2,8,1,1,2019,2,7
87.0,"Campton Place SF, A Taj Hotel-Restaurant",340 Stockton St,Wiping cloths not clean or properly stored or inadequate sanitizer,1,3,4,1,2019,2,7
61.0,Golden City Inn,5131 03rd St,Improper thawing methods,2,9,8,1,2019,2,7
86.0,TED'S MARKET,1530 HOWARD St,Improper food storage,1,10,5,1,2019,2,7
85.0,Superette Market,128 EDDY ST,Unapproved or unmaintained equipment or utensils,1,10,4,1,2019,2,7
87.0,"Campton Place SF, A Taj Hotel-Restaurant",340 Stockton St,High risk food holding temperature,3,3,4,1,2019,2,7
90.0,CAFE V,1525 FOLSOM St,Low risk vermin infestation,1,10,4,1,2019,2,7
92.0,MEL'S DRIVE-IN,3355 GEARY Blvd,Improper food storage,1,4,3,1,2019,2,7
86.0,TED'S MARKET,1530 HOWARD St,Moderate risk food holding temperature,2,10,5,1,2019,2,7
92.0,"Good Life Grocery, The",448 CORTLAND Ave,Noncompliance with shell fish tags or display,2,2,3,1,2019,2,7
82.0,KEZAR BAR & RESTAURANT,900 COLE St,Inadequately cleaned or sanitized food contact surfaces,2,11,7,1,2019,2,7
61.0,Golden City Inn,5131 03rd St,Unclean or unsanitary food contact surfaces,3,9,8,1,2019,2,7
90.0,Golden Donuts,5401 GEARY Blvd,Improper storage of equipment utensils or linens,1,4,4,1,2019,2,7
92.0,MEL'S DRIVE-IN,3355 GEARY Blvd,Unclean or degraded floors walls or ceilings,1,4,3,1,2019,2,7
86.0,TED'S MARKET,1530 HOWARD St,Inadequately cleaned or sanitized food contact surfaces,2,10,5,1,2019,2,7
61.0,Golden City Inn,5131 03rd St,High risk food holding temperature,3,9,8,1,2019,2,7
85.0,Superette Market,128 EDDY ST,Wiping cloths not clean or properly stored or inadequate sanitizer,1,10,4,1,2019,2,7
87.0,MOONLIGHT CAFE,634 CORTLAND Ave,Unapproved or unmaintained equipment or utensils,1,2,3,1,2019,2,7
92.0,JANNAH,1775 FULTON St,Unclean or degraded floors walls or ceilings,1,11,3,1,2019,2,7
90.0,CAFE V,1525 FOLSOM St,Improper thawing methods,2,10,4,1,2019,2,7
82.0,KEZAR BAR & RESTAURANT,900 COLE St,Food safety certificate or food handler card not available,1,11,7,1,2019,2,7
82.0,KEZAR BAR & RESTAURANT,900 COLE St,Unclean or degraded floors walls or ceilings,1,11,7,1,2019,2,7
92.0,"Good Life Grocery, The",448 CORTLAND Ave,Unclean nonfood contact surfaces,1,2,3,1,2019,2,7
98.0,SAFEWAY #2646,735 07th Ave,Unapproved or unmaintained equipment or utensils,1,4,1,1,2019,2,7
87.0,"Campton Place SF, A Taj Hotel-Restaurant",340 Stockton St,Unclean or degraded floors walls or ceilings,1,3,4,1,2019,2,7
82.0,KEZAR BAR & RESTAURANT,900 COLE St,Improper storage of equipment utensils or linens,1,11,7,1,2019,2,7
78.0,Wow Naan-N-Curry,642 Irving St,High risk vermin infestation,3,11,5,1,2019,2,7
78.0,Wow Naan-N-Curry,642 Irving St,Improper cooling methods,3,11,5,1,2019,2,7
78.0,Wow Naan-N-Curry,642 Irving St,Wiping cloths not clean or properly stored or inadequate sanitizer,1,11,5,1,2019,2,7
78.0,Wow Naan-N-Curry,642 Irving St,Inadequate and inaccessible handwashing facilities,2,11,5,1,2019,2,7
78.0,Wow Naan-N-Curry,642 Irving St,Unclean or degraded floors walls or ceilings,1,11,5,1,2019,2,7
91.0,Little Delhi India Restaurant,83 Eddy St,Unclean hands or improper use of gloves,3,3,2,1,2019,2,8
94.0,House of Bagels,5030 Geary Blvd,Food safety certificate or food handler card not available,1,4,3,1,2019,2,8
94.0,Ben & Jerry's,170 O'Farrell St Basement,Wiping cloths not clean or properly stored or inadequate sanitizer,1,3,2,1,2019,2,8
82.0,Mollie Stone's Grand Central Market,2435 CALIFORNIA St,Wiping cloths not clean or properly stored or inadequate sanitizer,1,6,10,1,2019,2,8
82.0,Mollie Stone's Grand Central Market,2435 CALIFORNIA St,Moderate risk food holding temperature,2,6,10,1,2019,2,8
98.0,EPIPHANY ELEMENTARY,600 Italy Ave,Food safety certificate or food handler card not available,1,1,1,1,2019,2,8
94.0,House of Bagels,5030 Geary Blvd,Wiping cloths not clean or properly stored or inadequate sanitizer,1,4,3,1,2019,2,8
92.0,Mollie Stone's Grand Central Market (Mezzanine Level),2435 CALIFORNIA St,Other moderate risk violation,2,6,10,1,2019,2,8
82.0,Mollie Stone's Grand Central Market,2435 CALIFORNIA St,Unclean nonfood contact surfaces,1,6,10,1,2019,2,8
98.0,MONROE ELEMENTARY SCHOOL,260 MADRID St,Inadequate warewashing facilities or equipment,1,1,1,1,2019,2,8
92.0,Mollie Stone's Grand Central Market (Mezzanine Level),2435 CALIFORNIA St,Wiping cloths not clean or properly stored or inadequate sanitizer,1,6,10,1,2019,2,8
82.0,Mollie Stone's Grand Central Market,2435 CALIFORNIA St,Improper food storage,1,6,10,1,2019,2,8
92.0,Mollie Stone's Grand Central Market (Mezzanine Level),2435 CALIFORNIA St,Improper or defective plumbing,1,6,10,1,2019,2,8
91.0,Little Delhi India Restaurant,83 Eddy St,Unclean or degraded floors walls or ceilings,1,3,2,1,2019,2,8
94.0,House of Bagels,5030 Geary Blvd,Other low risk violation,1,4,3,1,2019,2,8
94.0,Ben & Jerry's,170 O'Farrell St Basement,Insufficient hot water or running water,2,3,2,1,2019,2,8
82.0,Mollie Stone's Grand Central Market,2435 CALIFORNIA St,Noncompliance with shell fish tags or display,2,6,10,1,2019,2,8
82.0,Mollie Stone's Grand Central Market,2435 CALIFORNIA St,Insufficient hot water or running water,2,6,10,1,2019,2,8
100.0,FILIPINO ED. CTR ELEMENTARY SCHOOL,824 HARRISON St,NA,0,10,1,1,2019,2,8
100.0,Levi Strauss & Co,"1155 Battery St,  7th Floor",NA,0,3,1,1,2019,2,8
100.0,SAN FRANCISCO COMMUNITY ELEM.SCHOOL,125 EXCELSIOR Ave,NA,0,1,1,1,2019,2,8
100.0,CLEVELAND ELEMENTARY SCHOOL,455 ATHENS St,NA,0,1,1,1,2019,2,8
100.0,AFC SUSHI @ MOLLIE STONE'S 2,2435 CALIFORNIA St,NA,0,6,10,1,2019,2,8
88.0,Sunflower Cafe,284 O'Farrell St,Wiping cloths not clean or properly stored or inadequate sanitizer,1,3,5,1,2019,2,11
92.0,WELCOME SUPER MARKET,1141 FOLSOM St,Unapproved or unmaintained equipment or utensils,1,10,3,1,2019,2,11
92.0,EXECUTIVE CAFE,150 EXECUTIVE PARK Blvd 2000,Wiping cloths not clean or properly stored or inadequate sanitizer,1,9,4,1,2019,2,11
76.0,Hawaiian Drive Inn,2600 San Bruno Ave,Moderate risk vermin infestation,2,2,7,1,2019,2,11
92.0,OTD,2232 Bush St,Wiping cloths not clean or properly stored or inadequate sanitizer,1,11,3,1,2019,2,11
81.0,Andrea's Bakery,4511 Mission St,Wiping cloths not clean or properly stored or inadequate sanitizer,1,1,5,1,2019,2,11
88.0,Sunflower Cafe,284 O'Farrell St,Improper food storage,1,3,5,1,2019,2,11
81.0,Andrea's Bakery,4511 Mission St,Employee eating or smoking,2,1,5,1,2019,2,11
76.0,Hawaiian Drive Inn,2600 San Bruno Ave,Inadequately cleaned or sanitized food contact surfaces,2,2,7,1,2019,2,11
92.0,EXECUTIVE CAFE,150 EXECUTIVE PARK Blvd 2000,Unclean nonfood contact surfaces,1,9,4,1,2019,2,11
81.0,Andrea's Bakery,4511 Mission St,Inadequate food safety knowledge or lack of certified food safety manager,2,1,5,1,2019,2,11
81.0,Andrea's Bakery,4511 Mission St,Unapproved or unmaintained equipment or utensils,1,1,5,1,2019,2,11
92.0,EXECUTIVE CAFE,150 EXECUTIVE PARK Blvd 2000,Unapproved or unmaintained equipment or utensils,1,9,4,1,2019,2,11
76.0,Hawaiian Drive Inn,2600 San Bruno Ave,Moderate risk food holding temperature,2,2,7,1,2019,2,11
92.0,WELCOME SUPER MARKET,1141 FOLSOM St,Food safety certificate or food handler card not available,1,10,3,1,2019,2,11
76.0,Hawaiian Drive Inn,2600 San Bruno Ave,Unclean or degraded floors walls or ceilings,1,2,7,1,2019,2,11
88.0,Sunflower Cafe,284 O'Farrell St,Unapproved or unmaintained equipment or utensils,1,3,5,1,2019,2,11
81.0,Andrea's Bakery,4511 Mission St,Unclean hands or improper use of gloves,3,1,5,1,2019,2,11
76.0,Hawaiian Drive Inn,2600 San Bruno Ave,Inadequate and inaccessible handwashing facilities,2,2,7,1,2019,2,11
92.0,WELCOME SUPER MARKET,1141 FOLSOM St,Inadequate and inaccessible handwashing facilities,2,10,3,1,2019,2,11
88.0,Sunflower Cafe,284 O'Farrell St,Food safety certificate or food handler card not available,1,3,5,1,2019,2,11
76.0,Hawaiian Drive Inn,2600 San Bruno Ave,Improper thawing methods,2,2,7,1,2019,2,11
92.0,EXECUTIVE CAFE,150 EXECUTIVE PARK Blvd 2000,Inadequate ventilation or lighting,1,9,4,1,2019,2,11
92.0,OTD,2232 Bush St,Improper food storage,1,11,3,1,2019,2,11
92.0,OTD,2232 Bush St,Other moderate risk violation,2,11,3,1,2019,2,11
76.0,Hawaiian Drive Inn,2600 San Bruno Ave,Unclean nonfood contact surfaces,1,2,7,1,2019,2,11
88.0,Sunflower Cafe,284 O'Farrell St,Moderate risk food holding temperature,2,3,5,1,2019,2,11
65.0,Soma Chicken and Salad,101 Spear St #A24,Unapproved or unmaintained equipment or utensils,1,10,8,1,2019,2,11
65.0,Soma Chicken and Salad,101 Spear St #A24,Improper cooling methods,3,10,8,1,2019,2,11
65.0,Soma Chicken and Salad,101 Spear St #A24,Unclean or degraded floors walls or ceilings,1,10,8,1,2019,2,11
65.0,Soma Chicken and Salad,101 Spear St #A24,Moderate risk food holding temperature,2,10,8,1,2019,2,11
65.0,Soma Chicken and Salad,101 Spear St #A24,Insufficient hot water or running water,2,10,8,1,2019,2,11
65.0,Soma Chicken and Salad,101 Spear St #A24,Unclean or unsanitary food contact surfaces,3,10,8,1,2019,2,11
65.0,Soma Chicken and Salad,101 Spear St #A24,Improper food storage,1,10,8,1,2019,2,11
65.0,Soma Chicken and Salad,101 Spear St #A24,Unclean hands or improper use of gloves,3,10,8,1,2019,2,11
100.0,"Heritage, The",3400 LAGUNA St,NA,0,6,1,1,2019,2,11
92.0,SOUTH BEACH CAFE,800 EMBARCADERO St,Low risk vermin infestation,1,10,3,1,2019,2,12
91.0,Subway #4066,5650 Geary Blvd,Permit license or inspection report not posted,1,4,2,1,2019,2,12
96.0,Lalita Thai Restaurant & Bar,96 McAllister St,Foods not protected from contamination,2,10,1,1,2019,2,12
90.0,Castagnola's Restaurant,286 Jefferson St,Unapproved or unmaintained equipment or utensils,1,3,4,1,2019,2,12
70.0,SFDH - Scala's Bistro Restaurant,450 Powell St 1st Floor,Inadequate and inaccessible handwashing facilities,2,3,8,1,2019,2,12
88.0,SFDH - Employee Cafeteria,450 Powell St Basement,Moderate risk vermin infestation,2,3,4,1,2019,2,12
91.0,Subway #4066,5650 Geary Blvd,Unclean or unsanitary food contact surfaces,3,4,2,1,2019,2,12
90.0,SFDH - Banquet Main Kitchen,450 Powell St 2nd Floor,Unclean nonfood contact surfaces,1,3,4,1,2019,2,12
90.0,Castagnola's Restaurant,286 Jefferson St,Food safety certificate or food handler card not available,1,3,4,1,2019,2,12
94.0,Gold Coast Grill & Catering,1650 HOLLOWAY Ave,Wiping cloths not clean or properly stored or inadequate sanitizer,1,8,2,1,2019,2,12
70.0,SFDH - Scala's Bistro Restaurant,450 Powell St 1st Floor,Unapproved or unmaintained equipment or utensils,1,3,8,1,2019,2,12
90.0,SFDH - Banquet Main Kitchen,450 Powell St 2nd Floor,Inadequately cleaned or sanitized food contact surfaces,2,3,4,1,2019,2,12
70.0,SFDH - Scala's Bistro Restaurant,450 Powell St 1st Floor,Unclean or unsanitary food contact surfaces,3,3,8,1,2019,2,12
88.0,SFDH - Employee Cafeteria,450 Powell St Basement,Insufficient hot water or running water,2,3,4,1,2019,2,12
91.0,SFDH - Harry Denton's Starlight Room,450 Powell St 21st Floor,Unclean or unsanitary food contact surfaces,3,3,2,1,2019,2,12
94.0,Gold Coast Grill & Catering,1650 HOLLOWAY Ave,Moderate risk food holding temperature,2,8,2,1,2019,2,12
90.0,SFDH - Banquet Main Kitchen,450 Powell St 2nd Floor,Unclean or degraded floors walls or ceilings,1,3,4,1,2019,2,12
90.0,Castagnola's Restaurant,286 Jefferson St,Improper storage of equipment utensils or linens,1,3,4,1,2019,2,12
96.0,SFDH - Scala's Bistro Bakery,450 Powell St 1st Floor,Inadequate food safety knowledge or lack of certified food safety manager,2,3,8,1,2019,2,12
70.0,SFDH - Scala's Bistro Restaurant,450 Powell St 1st Floor,Noncompliance with HAACP plan or variance,2,3,8,1,2019,2,12
70.0,SFDH - Scala's Bistro Restaurant,450 Powell St 1st Floor,Food safety certificate or food handler card not available,1,3,8,1,2019,2,12
70.0,SFDH - Scala's Bistro Restaurant,450 Powell St 1st Floor,Improper cooling methods,3,3,8,1,2019,2,12
88.0,SFDH - Employee Cafeteria,450 Powell St Basement,Unclean or degraded floors walls or ceilings,1,3,4,1,2019,2,12
91.0,SFDH - Harry Denton's Starlight Room,450 Powell St 21st Floor,Improper or defective plumbing,1,3,2,1,2019,2,12
90.0,SFDH - Banquet Main Kitchen,450 Powell St 2nd Floor,Food safety certificate or food handler card not available,1,3,4,1,2019,2,12
92.0,SOUTH BEACH CAFE,800 EMBARCADERO St,No thermometers or uncalibrated thermometers,1,10,3,1,2019,2,12
92.0,SOUTH BEACH CAFE,800 EMBARCADERO St,Moderate risk food holding temperature,2,10,3,1,2019,2,12
90.0,Castagnola's Restaurant,286 Jefferson St,Inadequately cleaned or sanitized food contact surfaces,2,3,4,1,2019,2,12
70.0,SFDH - Scala's Bistro Restaurant,450 Powell St 1st Floor,Moderate risk food holding temperature,2,3,8,1,2019,2,12
88.0,SFDH - Employee Cafeteria,450 Powell St Basement,Improper storage of equipment utensils or linens,1,3,4,1,2019,2,12
88.0,Bon Appetit @ Adobe,601 TOWNSEND STREET,Inadequate and inaccessible handwashing facilities,2,9,4,1,2019,2,12
88.0,Radio Africa & Kitchen,4800 03rd St,Inadequately cleaned or sanitized food contact surfaces,2,9,4,1,2019,2,12
88.0,Bon Appetit @ Adobe,601 TOWNSEND STREET,Inadequate food safety knowledge or lack of certified food safety manager,2,9,4,1,2019,2,12
88.0,Radio Africa & Kitchen,4800 03rd St,Low risk vermin infestation,1,9,4,1,2019,2,12
88.0,Bon Appetit @ Adobe,601 TOWNSEND STREET,Unapproved or unmaintained equipment or utensils,1,9,4,1,2019,2,12
88.0,Radio Africa & Kitchen,4800 03rd St,Unapproved or unmaintained equipment or utensils,1,9,4,1,2019,2,12
88.0,Bon Appetit @ Adobe,601 TOWNSEND STREET,Inadequate warewashing facilities or equipment,1,9,4,1,2019,2,12
88.0,Radio Africa & Kitchen,4800 03rd St,Insufficient hot water or running water,2,9,4,1,2019,2,12
100.0,"San Francisco Crepe Co, Inc",350 11th St,NA,0,10,1,1,2019,2,12
83.0,Lee's Deli,75 Battery St,Improper or defective plumbing,1,3,5,1,2019,2,13
94.0,Jack In the Box #558,4649 GEARY Blvd,Unclean nonfood contact surfaces,1,4,3,1,2019,2,13
85.0,Taqueria Mana,439 Stockton St,Unclean or degraded floors walls or ceilings,1,3,4,1,2019,2,13
88.0,Extreme Pizza,1062 Folsom St,Insufficient hot water or running water,2,10,3,1,2019,2,13
78.0,Cesario,601 Sutter St,Inadequate and inaccessible handwashing facilities,2,3,4,1,2019,2,13
81.0,Spice Kit,405 Howard St Suite 130,Inadequate food safety knowledge or lack of certified food safety manager,2,10,6,1,2019,2,13
83.0,Lee's Deli,75 Battery St,High risk food holding temperature,3,3,5,1,2019,2,13
88.0,Extreme Pizza,1062 Folsom St,Moderate risk food holding temperature,2,10,3,1,2019,2,13
78.0,Cesario,601 Sutter St,Improper reheating of food,3,3,4,1,2019,2,13
81.0,Spice Kit,405 Howard St Suite 130,Improper food storage,1,10,6,1,2019,2,13
83.0,Lee's Deli,75 Battery St,Inadequately cleaned or sanitized food contact surfaces,2,3,5,1,2019,2,13
81.0,Spice Kit,405 Howard St Suite 130,Unapproved or unmaintained equipment or utensils,1,10,6,1,2019,2,13
89.0,Gordo Taqueria #1,2252 Clement St,Improper cooling methods,3,4,3,1,2019,2,13
94.0,Jack In the Box #558,4649 GEARY Blvd,Inadequate or unsanitary refuse containers or area or no garbage service,1,4,3,1,2019,2,13
85.0,Taqueria Mana,439 Stockton St,Improper cooling methods,3,3,4,1,2019,2,13
92.0,Town & Country Club,218 Stockton St,Noncompliance with HAACP plan or variance,2,3,2,1,2019,2,13
81.0,Spice Kit,405 Howard St Suite 130,Low risk vermin infestation,1,10,6,1,2019,2,13
89.0,Gordo Taqueria #1,2252 Clement St,Permit license or inspection report not posted,1,4,3,1,2019,2,13
85.0,Taqueria Mana,439 Stockton St,Moderate risk vermin infestation,2,3,4,1,2019,2,13
85.0,Taqueria Mana,439 Stockton St,Improper storage of equipment utensils or linens,1,3,4,1,2019,2,13
78.0,Cesario,601 Sutter St,Moderate risk food holding temperature,2,3,4,1,2019,2,13
81.0,Spice Kit,405 Howard St Suite 130,High risk food holding temperature,3,10,6,1,2019,2,13
92.0,Town & Country Club,218 Stockton St,Inadequately cleaned or sanitized food contact surfaces,2,3,2,1,2019,2,13
83.0,Lee's Deli,75 Battery St,Improper food storage,1,3,5,1,2019,2,13
83.0,Lee's Deli,75 Battery St,Unclean nonfood contact surfaces,1,3,5,1,2019,2,13
94.0,Jack In the Box #558,4649 GEARY Blvd,Unclean or degraded floors walls or ceilings,1,4,3,1,2019,2,13
89.0,Gordo Taqueria #1,2252 Clement St,Improper or defective plumbing,1,4,3,1,2019,2,13
78.0,Cesario,601 Sutter St,Contaminated or adulterated food,3,3,4,1,2019,2,13
88.0,Extreme Pizza,1062 Folsom St,Inadequate and inaccessible handwashing facilities,2,10,3,1,2019,2,13
81.0,Spice Kit,405 Howard St Suite 130,Unclean or degraded floors walls or ceilings,1,10,6,1,2019,2,13
94.0,Godzila Sushi,1800 DIVISADERO St,Improper food storage,1,6,2,1,2019,2,13
96.0,State Bird Provisions,1529 FILLMORE St,Improper food storage,1,11,2,1,2019,2,13
90.0,Deli Board,1058 Folsom St,Inadequately cleaned or sanitized food contact surfaces,2,10,3,1,2019,2,13
94.0,Godzila Sushi,1800 DIVISADERO St,Moderate risk vermin infestation,2,6,2,1,2019,2,13
90.0,Deli Board,1058 Folsom St,Inadequate and inaccessible handwashing facilities,2,10,3,1,2019,2,13
90.0,Deli Board,1058 Folsom St,Improper or defective plumbing,1,10,3,1,2019,2,13
96.0,State Bird Provisions,1529 FILLMORE St,Unapproved or unmaintained equipment or utensils,1,11,2,1,2019,2,13
94.0,Warfield Theatre/F & B Associates,982 Market St,NA,0,10,1,1,2019,2,13
80.0,Le Central Bistro Corp,453 Bush St,Improper cooling methods,3,3,4,1,2019,2,14
81.0,Super Burrito,1200 Polk St,Improper cooling methods,3,3,5,1,2019,2,14
92.0,SPQR,1911 FILLMORE St,Wiping cloths not clean or properly stored or inadequate sanitizer,1,11,3,1,2019,2,14
92.0,The Olive Garden Italian,3251 20th Ave,Foods not protected from contamination,2,8,40,1,2019,2,14
92.0,The Olive Garden Italian,3251 20th Ave,Foods not protected from contamination,2,8,40,1,2019,2,14
92.0,The Olive Garden Italian,3251 20th Ave,Foods not protected from contamination,2,8,40,1,2019,2,14
92.0,The Olive Garden Italian,3251 20th Ave,Foods not protected from contamination,2,8,40,1,2019,2,14
92.0,The Olive Garden Italian,3251 20th Ave,Foods not protected from contamination,2,8,40,1,2019,2,14
92.0,The Olive Garden Italian,3251 20th Ave,Foods not protected from contamination,2,8,40,1,2019,2,14
92.0,The Olive Garden Italian,3251 20th Ave,Foods not protected from contamination,2,8,40,1,2019,2,14
92.0,The Olive Garden Italian,3251 20th Ave,Foods not protected from contamination,2,8,40,1,2019,2,14
92.0,The Olive Garden Italian,3251 20th Ave,Foods not protected from contamination,2,8,40,1,2019,2,14
92.0,The Olive Garden Italian,3251 20th Ave,Foods not protected from contamination,2,8,40,1,2019,2,14
92.0,The Olive Garden Italian,3251 20th Ave,Foods not protected from contamination,2,8,40,1,2019,2,14
92.0,The Olive Garden Italian,3251 20th Ave,Foods not protected from contamination,2,8,40,1,2019,2,14
92.0,The Olive Garden Italian,3251 20th Ave,Foods not protected from contamination,2,8,40,1,2019,2,14
92.0,The Olive Garden Italian,3251 20th Ave,Foods not protected from contamination,2,8,40,1,2019,2,14
92.0,The Olive Garden Italian,3251 20th Ave,Foods not protected from contamination,2,8,40,1,2019,2,14
92.0,The Olive Garden Italian,3251 20th Ave,Foods not protected from contamination,2,8,40,1,2019,2,14
92.0,The Olive Garden Italian,3251 20th Ave,Foods not protected from contamination,2,8,40,1,2019,2,14
92.0,The Olive Garden Italian,3251 20th Ave,Foods not protected from contamination,2,8,40,1,2019,2,14
92.0,The Olive Garden Italian,3251 20th Ave,Foods not protected from contamination,2,8,40,1,2019,2,14
92.0,The Olive Garden Italian,3251 20th Ave,Foods not protected from contamination,2,8,40,1,2019,2,14
87.0,China Fun Express,211 Kearny St,Inadequately cleaned or sanitized food contact surfaces,2,3,3,1,2019,2,14
80.0,Le Central Bistro Corp,453 Bush St,High risk food holding temperature,3,3,4,1,2019,2,14
87.0,China Fun Express,211 Kearny St,High risk vermin infestation,3,3,3,1,2019,2,14
81.0,Super Burrito,1200 Polk St,Food safety certificate or food handler card not available,1,3,5,1,2019,2,14
81.0,Super Burrito,1200 Polk St,Inadequate sewage or wastewater disposal,2,3,5,1,2019,2,14
92.0,The Olive Garden Italian,3251 20th Ave,Inadequate and inaccessible handwashing facilities,2,8,40,1,2019,2,14
92.0,The Olive Garden Italian,3251 20th Ave,Inadequate and inaccessible handwashing facilities,2,8,40,1,2019,2,14
92.0,The Olive Garden Italian,3251 20th Ave,Inadequate and inaccessible handwashing facilities,2,8,40,1,2019,2,14
92.0,The Olive Garden Italian,3251 20th Ave,Inadequate and inaccessible handwashing facilities,2,8,40,1,2019,2,14
92.0,The Olive Garden Italian,3251 20th Ave,Inadequate and inaccessible handwashing facilities,2,8,40,1,2019,2,14
92.0,The Olive Garden Italian,3251 20th Ave,Inadequate and inaccessible handwashing facilities,2,8,40,1,2019,2,14
92.0,The Olive Garden Italian,3251 20th Ave,Inadequate and inaccessible handwashing facilities,2,8,40,1,2019,2,14
92.0,The Olive Garden Italian,3251 20th Ave,Inadequate and inaccessible handwashing facilities,2,8,40,1,2019,2,14
92.0,The Olive Garden Italian,3251 20th Ave,Inadequate and inaccessible handwashing facilities,2,8,40,1,2019,2,14
92.0,The Olive Garden Italian,3251 20th Ave,Inadequate and inaccessible handwashing facilities,2,8,40,1,2019,2,14
92.0,The Olive Garden Italian,3251 20th Ave,Inadequate and inaccessible handwashing facilities,2,8,40,1,2019,2,14
92.0,The Olive Garden Italian,3251 20th Ave,Inadequate and inaccessible handwashing facilities,2,8,40,1,2019,2,14
92.0,The Olive Garden Italian,3251 20th Ave,Inadequate and inaccessible handwashing facilities,2,8,40,1,2019,2,14
92.0,The Olive Garden Italian,3251 20th Ave,Inadequate and inaccessible handwashing facilities,2,8,40,1,2019,2,14
92.0,The Olive Garden Italian,3251 20th Ave,Inadequate and inaccessible handwashing facilities,2,8,40,1,2019,2,14
92.0,The Olive Garden Italian,3251 20th Ave,Inadequate and inaccessible handwashing facilities,2,8,40,1,2019,2,14
92.0,The Olive Garden Italian,3251 20th Ave,Inadequate and inaccessible handwashing facilities,2,8,40,1,2019,2,14
92.0,The Olive Garden Italian,3251 20th Ave,Inadequate and inaccessible handwashing facilities,2,8,40,1,2019,2,14
92.0,The Olive Garden Italian,3251 20th Ave,Inadequate and inaccessible handwashing facilities,2,8,40,1,2019,2,14
92.0,The Olive Garden Italian,3251 20th Ave,Inadequate and inaccessible handwashing facilities,2,8,40,1,2019,2,14
92.0,SPQR,1911 FILLMORE St,Other moderate risk violation,2,11,3,1,2019,2,14
96.0,SF CHRISTIAN DAY SCHOOL,25 WHITTIER St,Improper food storage,1,1,2,1,2019,2,14
87.0,China Fun Express,211 Kearny St,Unclean or degraded floors walls or ceilings,1,3,3,1,2019,2,14
80.0,Le Central Bistro Corp,453 Bush St,Low risk vermin infestation,1,3,4,1,2019,2,14
81.0,Super Burrito,1200 Polk St,Inadequate ventilation or lighting,1,3,5,1,2019,2,14
96.0,SF CHRISTIAN DAY SCHOOL,25 WHITTIER St,Permit license or inspection report not posted,1,1,2,1,2019,2,14
96.0,HSS 121 CAFE,1600 HOLLOWAY Ave,Insufficient hot water or running water,2,8,1,1,2019,2,14
80.0,Le Central Bistro Corp,453 Bush St,Inadequately cleaned or sanitized food contact surfaces,2,3,4,1,2019,2,14
92.0,SPQR,1911 FILLMORE St,Improper food storage,1,11,3,1,2019,2,14
81.0,Super Burrito,1200 Polk St,Moderate risk vermin infestation,2,3,5,1,2019,2,14
100.0,LONGFELLOW ELEMENTARY SCHOOL,755 MORSE St,NA,0,1,1,1,2019,2,14
100.0,June Jordan,325 La Grande Ave,NA,0,1,1,1,2019,2,14
96.0,Piperade,1015 Battery St,Improper or defective plumbing,1,3,2,1,2019,2,15
88.0,Foods Co #357,1800 FOLSOM St,Unclean or degraded floors walls or ceilings,1,2,4,1,2019,2,15
94.0,John Muir Elementary School,380 Webster St,Unclean or degraded floors walls or ceilings,1,11,3,1,2019,2,15
87.0,BUFFALO BURGERS RESTAURANT,5317-19 Geary Blvd,Unclean or unsanitary food contact surfaces,3,4,3,1,2019,2,15
83.0,Brothers Pizza,3627 TARAVAL St,Improper thawing methods,2,7,4,1,2019,2,15
96.0,Cafe 101,1650 Holloway St 134,Inadequate and inaccessible handwashing facilities,2,8,1,1,2019,2,15
96.0,Piperade,1015 Battery St,Low risk vermin infestation,1,3,2,1,2019,2,15
84.0,Battery Street Coffee Roastery,950 Battery St,Foods not protected from contamination,2,3,6,1,2019,2,15
88.0,Foods Co #357,1800 FOLSOM St,Inadequate sewage or wastewater disposal,2,2,4,1,2019,2,15
98.0,GUADALUPE ELEMENTARY SCHOOL,859 PRAGUE St,Inadequate warewashing facilities or equipment,1,1,1,1,2019,2,15
84.0,Battery Street Coffee Roastery,950 Battery St,Unapproved or unmaintained equipment or utensils,1,3,6,1,2019,2,15
84.0,Battery Street Coffee Roastery,950 Battery St,Inadequately cleaned or sanitized food contact surfaces,2,3,6,1,2019,2,15
91.0,Aicha,1303 Polk St,Food safety certificate or food handler card not available,1,3,2,1,2019,2,15
83.0,Brothers Pizza,3627 TARAVAL St,Inadequately cleaned or sanitized food contact surfaces,2,7,4,1,2019,2,15
94.0,John Muir Elementary School,380 Webster St,Unapproved or unmaintained equipment or utensils,1,11,3,1,2019,2,15
84.0,Battery Street Coffee Roastery,950 Battery St,Permit license or inspection report not posted,1,3,6,1,2019,2,15
88.0,Foods Co #357,1800 FOLSOM St,Inadequate and inaccessible handwashing facilities,2,2,4,1,2019,2,15
91.0,Aicha,1303 Polk St,Improper cooling methods,3,3,2,1,2019,2,15
83.0,Brothers Pizza,3627 TARAVAL St,High risk vermin infestation,3,7,4,1,2019,2,15
84.0,Battery Street Coffee Roastery,950 Battery St,Improper storage use or identification of toxic substances,1,3,6,1,2019,2,15
88.0,Foods Co #357,1800 FOLSOM St,Low risk vermin infestation,1,2,4,1,2019,2,15
87.0,BUFFALO BURGERS RESTAURANT,5317-19 Geary Blvd,Moderate risk food holding temperature,2,4,3,1,2019,2,15
84.0,Battery Street Coffee Roastery,950 Battery St,Low risk vermin infestation,1,3,6,1,2019,2,15
94.0,John Muir Elementary School,380 Webster St,Wiping cloths not clean or properly stored or inadequate sanitizer,1,11,3,1,2019,2,15
91.0,DENMAN MIDDLE SCHOOL,241 ONEIDA St,Unapproved or unmaintained equipment or utensils,1,1,2,1,2019,2,15
83.0,Brothers Pizza,3627 TARAVAL St,Unclean or degraded floors walls or ceilings,1,7,4,1,2019,2,15
96.0,CARVER ELEMENTARY SCHOOL,1360 OAKDALE Ave,Inadequately cleaned or sanitized food contact surfaces,2,9,1,1,2019,2,15
91.0,DENMAN MIDDLE SCHOOL,241 ONEIDA St,High risk vermin infestation,3,1,2,1,2019,2,15
98.0,CAFE ELENA,1 MARKET St,Improper food storage,1,10,1,1,2019,2,15
87.0,BUFFALO BURGERS RESTAURANT,5317-19 Geary Blvd,Unapproved or unmaintained equipment or utensils,1,4,3,1,2019,2,15
70.0,Osha Express,1 Market St #21B,Inadequate and inaccessible handwashing facilities,2,10,7,1,2019,2,15
70.0,Osha Express,1 Market St #21B,No hot water or running water,3,10,7,1,2019,2,15
70.0,Osha Express,1 Market St #21B,Unclean or degraded floors walls or ceilings,1,10,7,1,2019,2,15
90.0,Subway,147 Mason St,Improper storage of equipment utensils or linens,1,10,3,1,2019,2,15
90.0,Subway,147 Mason St,Moderate risk food holding temperature,2,10,3,1,2019,2,15
70.0,Osha Express,1 Market St #21B,Inadequately cleaned or sanitized food contact surfaces,2,10,7,1,2019,2,15
70.0,Osha Express,1 Market St #21B,Improper cooling methods,3,10,7,1,2019,2,15
70.0,Osha Express,1 Market St #21B,Improper food storage,1,10,7,1,2019,2,15
90.0,Subway,147 Mason St,Inadequate and inaccessible handwashing facilities,2,10,3,1,2019,2,15
70.0,Osha Express,1 Market St #21B,Moderate risk food holding temperature,2,10,7,1,2019,2,15
100.0,MALCOLM X ELEMENTARY SCHOOL,350 Harbor Rd,NA,0,9,1,1,2019,2,15
100.0,Rosa Parks Elementary School,1501 O'Farrell St,NA,0,11,1,1,2019,2,15
100.0,BALBOA HIGH SCHOOL,1000 CAYUGA Ave,NA,0,1,1,1,2019,2,15
82.0,The Irish Bank Bar & Restaurant,10 Mark Ln,Unclean or degraded floors walls or ceilings,1,3,5,1,2019,2,19
82.0,The Irish Bank Bar & Restaurant,10 Mark Ln,Inadequately cleaned or sanitized food contact surfaces,2,3,5,1,2019,2,19
82.0,Perbacco,230 California St,Improper storage of equipment utensils or linens,1,3,6,1,2019,2,19
83.0,The Plant Cafe Organic,101 California St,High risk food holding temperature,3,3,5,1,2019,2,19
96.0,MOSCONE ELEMENTARY SCHOOL,2576 HARRISON St,Unapproved or unmaintained equipment or utensils,1,2,2,1,2019,2,19
82.0,Perbacco,230 California St,Wiping cloths not clean or properly stored or inadequate sanitizer,1,3,6,1,2019,2,19
93.0,AMASIA HIDE'S SUSHI BAR,149 NOE St,Unclean or unsanitary food contact surfaces,3,5,1,1,2019,2,19
96.0,FLYNN ELEMENTARY SCHOOL,3125 CESAR CHAVEZ St,Inadequate and inaccessible handwashing facilities,2,2,1,1,2019,2,19
85.0,Le Regency,18 California St,Foods not protected from contamination,2,3,4,1,2019,2,19
83.0,The Plant Cafe Organic,101 California St,Wiping cloths not clean or properly stored or inadequate sanitizer,1,3,5,1,2019,2,19
82.0,The Irish Bank Bar & Restaurant,10 Mark Ln,Improper thawing methods,2,3,5,1,2019,2,19
85.0,Le Regency,18 California St,High risk food holding temperature,3,3,4,1,2019,2,19
82.0,Perbacco,230 California St,Moderate risk food holding temperature,2,3,6,1,2019,2,19
98.0,LOWELL HIGH SCHOOL,1101 EUCALYPTUS Dr,Improper or defective plumbing,1,8,1,1,2019,2,19
83.0,The Plant Cafe Organic,101 California St,Unapproved or unmaintained equipment or utensils,1,3,5,1,2019,2,19
96.0,LAKESHORE ELEMENTARY SCHOOL,220 MIDDLEFIELD Dr,Low risk vermin infestation,1,8,2,1,2019,2,19
82.0,Perbacco,230 California St,Employee eating or smoking,2,3,6,1,2019,2,19
82.0,The Irish Bank Bar & Restaurant,10 Mark Ln,Inadequate sewage or wastewater disposal,2,3,5,1,2019,2,19
96.0,LAKESHORE ELEMENTARY SCHOOL,220 MIDDLEFIELD Dr,Unclean nonfood contact surfaces,1,8,2,1,2019,2,19
83.0,The Plant Cafe Organic,101 California St,Insufficient hot water or running water,2,3,5,1,2019,2,19
85.0,Le Regency,18 California St,Unclean nonfood contact surfaces,1,3,4,1,2019,2,19
82.0,Perbacco,230 California St,Insufficient hot water or running water,2,3,6,1,2019,2,19
82.0,The Irish Bank Bar & Restaurant,10 Mark Ln,Moderate risk vermin infestation,2,3,5,1,2019,2,19
96.0,CLAIRE LILIENTHAL SCHOOL-MADISON CA,3950 SACRAMENTO St,Unapproved or unmaintained equipment or utensils,1,6,2,1,2019,2,19
96.0,MOSCONE ELEMENTARY SCHOOL,2576 HARRISON St,Low risk vermin infestation,1,2,2,1,2019,2,19
85.0,Le Regency,18 California St,Wiping cloths not clean or properly stored or inadequate sanitizer,1,3,4,1,2019,2,19
96.0,CLAIRE LILIENTHAL SCHOOL-MADISON CA,3950 SACRAMENTO St,Other low risk violation,1,6,2,1,2019,2,19
82.0,Perbacco,230 California St,Unapproved or unmaintained equipment or utensils,1,3,6,1,2019,2,19
83.0,The Plant Cafe Organic,101 California St,Unclean unmaintained or improperly constructed toilet facilities,1,3,5,1,2019,2,19
80.0,Mr. Pizza Man,2680 22nd St,Inadequately cleaned or sanitized food contact surfaces,2,2,4,1,2019,2,19
92.0,Amphawa Thai Noodle House,5020 GEARY Blvd,Improper storage use or identification of toxic substances,1,4,3,1,2019,2,19
80.0,Mr. Pizza Man,2680 22nd St,Improper cooling methods,3,2,4,1,2019,2,19
92.0,Amphawa Thai Noodle House,5020 GEARY Blvd,Inadequate and inaccessible handwashing facilities,2,4,3,1,2019,2,19
80.0,Mr. Pizza Man,2680 22nd St,High risk food holding temperature,3,2,4,1,2019,2,19
92.0,Amphawa Thai Noodle House,5020 GEARY Blvd,Inadequate ventilation or lighting,1,4,3,1,2019,2,19
80.0,Mr. Pizza Man,2680 22nd St,Unclean nonfood contact surfaces,1,2,4,1,2019,2,19
100.0,MARTIN L. KING MIDDLE SCHOOL,350 GIRARD St,NA,0,2,1,1,2019,2,19
100.0,CHAVEZ ELEMENTARY SCHOOL,825 SHOTWELL St,NA,0,2,1,1,2019,2,19
100.0,DREW ELEMENTARY SCHOOL,50 POMONA Ave,NA,0,9,1,1,2019,2,19
100.0,Sodexo at Academy of Art,180 New Montgomery St.,NA,0,10,1,1,2019,2,19
75.0,CASA LUCAS #3,4555 MISSION St,Inadequate food safety knowledge or lack of certified food safety manager,2,1,6,1,2019,2,20
70.0,SEASONS RESTAURANT,757 MARKET St 5/Fl,Insufficient hot water or running water,2,10,7,1,2019,2,20
77.0,COLLEGE MARKET,995 ELLIS St,Moderate risk food holding temperature,2,11,6,1,2019,2,20
96.0,Marshall Elementary School,1575 15th St,Inadequately cleaned or sanitized food contact surfaces,2,2,1,1,2019,2,20
83.0,PUNJAB KABAB HOUSE,101 EDDY St,Foods not protected from contamination,2,10,5,1,2019,2,20
72.0,Catering For Two Or More,5051 MISSION STREET,Inadequate food safety knowledge or lack of certified food safety manager,2,1,6,1,2019,2,20
90.0,GRAND LODGE OF CALIFORNIA,5051 MISSION St,Food safety certificate or food handler card not available,1,1,4,1,2019,2,20
88.0,Credo Restaurant,360 Pine St,Improper storage of equipment utensils or linens,1,3,4,1,2019,2,20
90.0,Zero Zero,826 FOLSOM St,Inadequate and inaccessible handwashing facilities,2,10,4,1,2019,2,20
83.0,PUNJAB KABAB HOUSE,101 EDDY St,Improper or defective plumbing,1,10,5,1,2019,2,20
96.0,FOUR SEASONS HOTEL- EMPLOYEE  CAFETERIA,757 MARKET St BASE.,Insufficient hot water or running water,2,10,1,1,2019,2,20
94.0,STARBUCK'S COFFEE #6605,2727 MARIPOSA St,Inadequate warewashing facilities or equipment,1,2,3,1,2019,2,20
71.0,Kim Son Restaurant,3614 BALBOA St,Inadequate and inaccessible handwashing facilities,2,4,5,1,2019,2,20
75.0,CASA LUCAS #3,4555 MISSION St,Improper thawing methods,2,1,6,1,2019,2,20
90.0,GRAND LODGE OF CALIFORNIA,5051 MISSION St,Unclean or degraded floors walls or ceilings,1,1,4,1,2019,2,20
83.0,PUNJAB KABAB HOUSE,101 EDDY St,Unapproved or unmaintained equipment or utensils,1,10,5,1,2019,2,20
72.0,Catering For Two Or More,5051 MISSION STREET,Inadequate and inaccessible handwashing facilities,2,1,6,1,2019,2,20
77.0,COLLEGE MARKET,995 ELLIS St,Inadequately cleaned or sanitized food contact surfaces,2,11,6,1,2019,2,20
75.0,CASA LUCAS #3,4555 MISSION St,Unapproved or unmaintained equipment or utensils,1,1,6,1,2019,2,20
90.0,Zero Zero,826 FOLSOM St,Inadequate dressing rooms or improper storage of personal items,1,10,4,1,2019,2,20
70.0,SEASONS RESTAURANT,757 MARKET St 5/Fl,Inadequate and inaccessible handwashing facilities,2,10,7,1,2019,2,20
94.0,STARBUCK'S COFFEE #6605,2727 MARIPOSA St,Low risk vermin infestation,1,2,3,1,2019,2,20
70.0,SEASONS RESTAURANT,757 MARKET St 5/Fl,Improper thawing methods,2,10,7,1,2019,2,20
96.0,SEASONS BAR,757 MARKET St 5/Fl,Noncompliance with shell fish tags or display,2,10,7,1,2019,2,20
71.0,Kim Son Restaurant,3614 BALBOA St,Inadequate food safety knowledge or lack of certified food safety manager,2,4,5,1,2019,2,20
77.0,COLLEGE MARKET,995 ELLIS St,Unclean nonfood contact surfaces,1,11,6,1,2019,2,20
88.0,Credo Restaurant,360 Pine St,Foods not protected from contamination,2,3,4,1,2019,2,20
91.0,GORDO TAQUERIA #6,5450 GEARY Blvd,Permit license or inspection report not posted,1,4,2,1,2019,2,20
71.0,Kim Son Restaurant,3614 BALBOA St,High risk vermin infestation,3,4,5,1,2019,2,20
90.0,Zero Zero,826 FOLSOM St,Food safety certificate or food handler card not available,1,10,4,1,2019,2,20
75.0,CASA LUCAS #3,4555 MISSION St,Insufficient hot water or running water,2,1,6,1,2019,2,20
72.0,Catering For Two Or More,5051 MISSION STREET,Moderate risk food holding temperature,2,1,6,1,2019,2,20
77.0,COLLEGE MARKET,995 ELLIS St,Foods not protected from contamination,2,11,6,1,2019,2,20
72.0,Catering For Two Or More,5051 MISSION STREET,Unclean hands or improper use of gloves,3,1,6,1,2019,2,20
83.0,PUNJAB KABAB HOUSE,101 EDDY St,Food safety certificate or food handler card not available,1,10,5,1,2019,2,20
98.0,Everett Middle School,450 Church St,Unapproved or unmaintained equipment or utensils,1,5,1,1,2019,2,20
70.0,SEASONS RESTAURANT,757 MARKET St 5/Fl,High risk food holding temperature,3,10,7,1,2019,2,20
88.0,Credo Restaurant,360 Pine St,Inadequately cleaned or sanitized food contact surfaces,2,3,4,1,2019,2,20
90.0,GRAND LODGE OF CALIFORNIA,5051 MISSION St,Moderate risk vermin infestation,2,1,4,1,2019,2,20
91.0,GORDO TAQUERIA #6,5450 GEARY Blvd,Unclean hands or improper use of gloves,3,4,2,1,2019,2,20
75.0,CASA LUCAS #3,4555 MISSION St,Moderate risk food holding temperature,2,1,6,1,2019,2,20
70.0,SEASONS RESTAURANT,757 MARKET St 5/Fl,Improper cooling methods,3,10,7,1,2019,2,20
77.0,COLLEGE MARKET,995 ELLIS St,Unapproved or unmaintained equipment or utensils,1,11,6,1,2019,2,20
70.0,SEASONS RESTAURANT,757 MARKET St 5/Fl,Inadequate sewage or wastewater disposal,2,10,7,1,2019,2,20
90.0,Zero Zero,826 FOLSOM St,Unapproved or unmaintained equipment or utensils,1,10,4,1,2019,2,20
88.0,Credo Restaurant,360 Pine St,Improper or defective plumbing,1,3,4,1,2019,2,20
72.0,Catering For Two Or More,5051 MISSION STREET,Inadequate ventilation or lighting,1,1,6,1,2019,2,20
71.0,Kim Son Restaurant,3614 BALBOA St,Improper cooling methods,3,4,5,1,2019,2,20
72.0,Catering For Two Or More,5051 MISSION STREET,Unclean or unsanitary food contact surfaces,3,1,6,1,2019,2,20
71.0,Kim Son Restaurant,3614 BALBOA St,High risk food holding temperature,3,4,5,1,2019,2,20
83.0,PUNJAB KABAB HOUSE,101 EDDY St,Improper cooling methods,3,10,5,1,2019,2,20
94.0,STARBUCK'S COFFEE #6605,2727 MARIPOSA St,Unclean nonfood contact surfaces,1,2,3,1,2019,2,20
75.0,CASA LUCAS #3,4555 MISSION St,Unclean hands or improper use of gloves,3,1,6,1,2019,2,20
77.0,COLLEGE MARKET,995 ELLIS St,High risk vermin infestation,3,11,6,1,2019,2,20
90.0,GRAND LODGE OF CALIFORNIA,5051 MISSION St,Improper or defective plumbing,1,1,4,1,2019,2,20
88.0,Shanghai Dumpling King 2,696 Monterey Blvd,Low risk vermin infestation,1,8,5,1,2019,2,20
88.0,Shanghai Dumpling King 2,696 Monterey Blvd,Improper storage of equipment utensils or linens,1,8,5,1,2019,2,20
85.0,Bai Som Thai Kitchen,2121 CLEMENT St,Unclean hands or improper use of gloves,3,4,3,1,2019,2,20
88.0,Shanghai Dumpling King 2,696 Monterey Blvd,Unapproved or unmaintained equipment or utensils,1,8,5,1,2019,2,20
85.0,Bai Som Thai Kitchen,2121 CLEMENT St,Improper thawing methods,2,4,3,1,2019,2,20
88.0,Shanghai Dumpling King 2,696 Monterey Blvd,Foods not protected from contamination,2,8,5,1,2019,2,20
85.0,Bai Som Thai Kitchen,2121 CLEMENT St,Inadequately cleaned or sanitized food contact surfaces,2,4,3,1,2019,2,20
88.0,Shanghai Dumpling King 2,696 Monterey Blvd,Unclean or degraded floors walls or ceilings,1,8,5,1,2019,2,20
100.0,FAIRMOUNT ELEMENTARY SCHOOL,65 CHENERY St,NA,0,5,1,1,2019,2,20
100.0,SUNNYSIDE ELEMENTARY SCHOOL,250 FOERSTER St,NA,0,8,1,1,2019,2,20
82.0,CHOUQUET'S,2500 WASHINGTON St,Inadequately cleaned or sanitized food contact surfaces,2,6,7,1,2019,2,21
81.0,THIRSTY BEAR BREWING CO,661 HOWARD St,High risk food holding temperature,3,10,5,1,2019,2,21
82.0,CHOUQUET'S,2500 WASHINGTON St,Foods not protected from contamination,2,6,7,1,2019,2,21
96.0,Belly Good Cafe & Crepes,1737 Post St. #393,Unapproved or unmaintained equipment or utensils,1,11,2,1,2019,2,21
82.0,CHOUQUET'S,2500 WASHINGTON St,Inadequate warewashing facilities or equipment,1,6,7,1,2019,2,21
82.0,CHOUQUET'S,2500 WASHINGTON St,Inadequate ventilation or lighting,1,6,7,1,2019,2,21
81.0,THIRSTY BEAR BREWING CO,661 HOWARD St,Foods not protected from contamination,2,10,5,1,2019,2,21
81.0,THIRSTY BEAR BREWING CO,661 HOWARD St,Inadequate and inaccessible handwashing facilities,2,10,5,1,2019,2,21
82.0,CHOUQUET'S,2500 WASHINGTON St,Improper storage of equipment utensils or linens,1,6,7,1,2019,2,21
92.0,Gary Danko,800 North Point St,Moderate risk vermin infestation,2,6,3,1,2019,2,21
82.0,CHOUQUET'S,2500 WASHINGTON St,Low risk vermin infestation,1,6,7,1,2019,2,21
92.0,Gary Danko,800 North Point St,Improper food storage,1,6,3,1,2019,2,21
81.0,THIRSTY BEAR BREWING CO,661 HOWARD St,Unclean or degraded floors walls or ceilings,1,10,5,1,2019,2,21
96.0,Belly Good Cafe & Crepes,1737 Post St. #393,Low risk vermin infestation,1,11,2,1,2019,2,21
92.0,Gary Danko,800 North Point St,Improper or defective plumbing,1,6,3,1,2019,2,21
82.0,CHOUQUET'S,2500 WASHINGTON St,Inadequate dressing rooms or improper storage of personal items,1,6,7,1,2019,2,21
81.0,THIRSTY BEAR BREWING CO,661 HOWARD St,Wiping cloths not clean or properly stored or inadequate sanitizer,1,10,5,1,2019,2,21
94.0,Hops & Hominy,1 Tillman Pl,Inadequately cleaned or sanitized food contact surfaces,2,3,2,1,2019,2,21
88.0,Sauce Belden,56 Belden Pl,Unclean unmaintained or improperly constructed toilet facilities,1,3,10,1,2019,2,21
88.0,Sauce Belden,56 Belden Pl,Unclean unmaintained or improperly constructed toilet facilities,1,3,10,1,2019,2,21
88.0,Sauce Belden,56 Belden Pl,Improper storage use or identification of toxic substances,1,3,10,1,2019,2,21
88.0,Sauce Belden,56 Belden Pl,Improper storage use or identification of toxic substances,1,3,10,1,2019,2,21
94.0,Hops & Hominy,1 Tillman Pl,Unclean or degraded floors walls or ceilings,1,3,2,1,2019,2,21
88.0,Sauce Belden,56 Belden Pl,Improper storage of equipment utensils or linens,1,3,10,1,2019,2,21
88.0,Sauce Belden,56 Belden Pl,Improper storage of equipment utensils or linens,1,3,10,1,2019,2,21
88.0,Sauce Belden,56 Belden Pl,Foods not protected from contamination,2,3,10,1,2019,2,21
88.0,Sauce Belden,56 Belden Pl,Foods not protected from contamination,2,3,10,1,2019,2,21
88.0,Sauce Belden,56 Belden Pl,Low risk vermin infestation,1,3,10,1,2019,2,21
88.0,Sauce Belden,56 Belden Pl,Low risk vermin infestation,1,3,10,1,2019,2,21
100.0,APTOS MIDDLE SCHOOL,105 APTOS Ave,NA,0,8,1,1,2019,2,21
100.0,SLOAT ELEMENTARY SCHOOL,50 DARIEN Way,NA,0,8,1,1,2019,2,21
90.0,ORTEGA ELEMENTARY SCHOOL,400 Sargent St,No thermometers or uncalibrated thermometers,1,1,3,1,2019,2,22
96.0,Pancho's Salsa Bar & Grill,1639 Polk St,Foods not protected from contamination,2,3,1,1,2019,2,22
89.0,AMC Theatres Metreon 16 - Main Stand,135 04th St  3000,Inadequately cleaned or sanitized food contact surfaces,2,10,2,1,2019,2,22
98.0,BREAD & BUTTER MARKET,888 O'FARRELL St,Improper storage of equipment utensils or linens,1,10,1,1,2019,2,22
94.0,SHERIDAN ELEMENTARY SCHOOL,431 CAPITOL Ave,Improper storage of equipment utensils or linens,1,1,3,1,2019,2,22
89.0,AMC Theatres Metreon 16 - Main Stand,135 04th St  3000,High risk food holding temperature,3,10,2,1,2019,2,22
90.0,ORTEGA ELEMENTARY SCHOOL,400 Sargent St,Inadequate and inaccessible handwashing facilities,2,1,3,1,2019,2,22
94.0,SHERIDAN ELEMENTARY SCHOOL,431 CAPITOL Ave,Inadequate dressing rooms or improper storage of personal items,1,1,3,1,2019,2,22
94.0,SHERIDAN ELEMENTARY SCHOOL,431 CAPITOL Ave,Unclean or degraded floors walls or ceilings,1,1,3,1,2019,2,22
90.0,ORTEGA ELEMENTARY SCHOOL,400 Sargent St,Inadequately cleaned or sanitized food contact surfaces,2,1,3,1,2019,2,22
96.0,Ritz-Carlton SF - Banquet Kitchen,600 Stockton St 2nd Floor,Inadequately cleaned or sanitized food contact surfaces,2,3,2,1,2019,2,25
86.0,"Broadmoor, The",1499 SUTTER St,Moderate risk vermin infestation,2,6,4,1,2019,2,25
86.0,"Broadmoor, The",1499 SUTTER St,Inadequately cleaned or sanitized food contact surfaces,2,6,4,1,2019,2,25
68.0,IRMA'S PAMPANGA RESTAURANT,2901 16th St,Inadequately cleaned or sanitized food contact surfaces,2,2,7,1,2019,2,25
98.0,Ritz-Carlton SF - Bakery,600 Stockton St 2nd Floor,Improper food storage,1,3,2,1,2019,2,25
91.0,JACKIE CHAN SENIOR CENTER,5757 Geary Blvd,Inadequate dressing rooms or improper storage of personal items,1,4,2,1,2019,2,25
88.0,MANORA'S THAI CUISINE,1600 FOLSOM St,Employee eating or smoking,2,10,4,1,2019,2,25
88.0,MANORA'S THAI CUISINE,1600 FOLSOM St,Food in poor condition,2,10,4,1,2019,2,25
68.0,IRMA'S PAMPANGA RESTAURANT,2901 16th St,Unclean or degraded floors walls or ceilings,1,2,7,1,2019,2,25
96.0,ARCHBISHOP RIORDAN HIGH SCHOOL CAFE,175 PHELAN,Improper or defective plumbing,1,8,2,1,2019,2,25
88.0,MANORA'S THAI CUISINE,1600 FOLSOM St,Food safety certificate or food handler card not available,1,10,4,1,2019,2,25
68.0,IRMA'S PAMPANGA RESTAURANT,2901 16th St,Inadequate and inaccessible handwashing facilities,2,2,7,1,2019,2,25
88.0,MANORA'S THAI CUISINE,1600 FOLSOM St,Improper food storage,1,10,4,1,2019,2,25
96.0,ARCHBISHOP RIORDAN HIGH SCHOOL CAFE,175 PHELAN,Low risk vermin infestation,1,8,2,1,2019,2,25
68.0,IRMA'S PAMPANGA RESTAURANT,2901 16th St,Foods not protected from contamination,2,2,7,1,2019,2,25
86.0,"Broadmoor, The",1499 SUTTER St,Foods not protected from contamination,2,6,4,1,2019,2,25
94.0,NORDSTROM BAZILLE,865 MARKET St,Low risk vermin infestation,1,10,2,1,2019,2,25
91.0,JACKIE CHAN SENIOR CENTER,5757 Geary Blvd,Unclean or unsanitary food contact surfaces,3,4,2,1,2019,2,25
68.0,IRMA'S PAMPANGA RESTAURANT,2901 16th St,High risk vermin infestation,3,2,7,1,2019,2,25
86.0,"Broadmoor, The",1499 SUTTER St,Unapproved or unmaintained equipment or utensils,1,6,4,1,2019,2,25
96.0,THE BRANDEIS SCHOOL OF SAN FRANCISCO,655 BROTHERHOOD Way,Moderate risk food holding temperature,2,8,1,1,2019,2,25
68.0,IRMA'S PAMPANGA RESTAURANT,2901 16th St,Improper thawing methods,2,2,7,1,2019,2,25
94.0,NORDSTROM BAZILLE,865 MARKET St,Foods not protected from contamination,2,10,2,1,2019,2,25
98.0,RAINBOW GROCERY,1745 FOLSOM St,Inadequate warewashing facilities or equipment,1,2,1,1,2019,2,25
68.0,IRMA'S PAMPANGA RESTAURANT,2901 16th St,Contaminated or adulterated food,3,2,7,1,2019,2,25
85.0,Xiao Long Bao,625 Clement St,Inadequate dressing rooms or improper storage of personal items,1,4,4,1,2019,2,25
85.0,Xiao Long Bao,625 Clement St,Unclean or unsanitary food contact surfaces,3,4,4,1,2019,2,25
85.0,Xiao Long Bao,625 Clement St,Inadequate ventilation or lighting,1,4,4,1,2019,2,25
85.0,Xiao Long Bao,625 Clement St,Foods not protected from contamination,2,4,4,1,2019,2,25
100.0,VISITACION VALLEY MIDDLE SCHOOL,450 Raymond Ave,NA,0,9,1,1,2019,2,25
100.0,John Chin Elementary School,350 Broadway St,NA,0,3,1,1,2019,2,25
100.0,FRANK MCCOPPIN ELEMENTARY SCHOOL,651 06th Ave,NA,0,4,1,1,2019,2,25
68.0,PRINCESS BAKERY,4617 MISSION St,Unclean nonfood contact surfaces,1,1,8,1,2019,2,26
68.0,PRINCESS BAKERY,4617 MISSION St,Unapproved or unmaintained equipment or utensils,1,1,8,1,2019,2,26
80.0,Jelly Donut,3198 24th St,Inadequately cleaned or sanitized food contact surfaces,2,2,7,1,2019,2,26
80.0,Jelly Donut,3198 24th St,Unclean or degraded floors walls or ceilings,1,2,7,1,2019,2,26
68.0,PRINCESS BAKERY,4617 MISSION St,High risk vermin infestation,3,1,8,1,2019,2,26
83.0,Curbside Cafe,2417 CALIFORNIA St,Unclean or degraded floors walls or ceilings,1,6,4,1,2019,2,26
87.0,Sun Rise Deli,54 02nd St,Moderate risk food holding temperature,2,10,3,1,2019,2,26
92.0,Cherry Blossom Bakery,844 Clement St,Inadequately cleaned or sanitized food contact surfaces,2,4,3,1,2019,2,26
90.0,Sears Fine Food,439 Powell St,Unclean nonfood contact surfaces,1,3,3,1,2019,2,26
70.0,SAI JAI THAI,771 O'FARRELL St,Unclean hands or improper use of gloves,3,10,7,1,2019,2,26
96.0,BRET HARTE CHILDREN'S CENTER,950 HOLLISTER Ave,Inadequately cleaned or sanitized food contact surfaces,2,9,1,1,2019,2,26
80.0,Jelly Donut,3198 24th St,Moderate risk vermin infestation,2,2,7,1,2019,2,26
87.0,Sun Rise Deli,54 02nd St,Unclean or unsanitary food contact surfaces,3,10,3,1,2019,2,26
70.0,SAI JAI THAI,771 O'FARRELL St,Unclean or unsanitary food contact surfaces,3,10,7,1,2019,2,26
68.0,PRINCESS BAKERY,4617 MISSION St,Inadequate and inaccessible handwashing facilities,2,1,8,1,2019,2,26
83.0,Curbside Cafe,2417 CALIFORNIA St,Improper cooling methods,3,6,4,1,2019,2,26
92.0,Cherry Blossom Bakery,844 Clement St,Improper storage of equipment utensils or linens,1,4,3,1,2019,2,26
70.0,SAI JAI THAI,771 O'FARRELL St,Foods not protected from contamination,2,10,7,1,2019,2,26
96.0,HARTE ELEMENTARY SCHOOL,1035 GILMAN Ave,Inadequately cleaned or sanitized food contact surfaces,2,9,1,1,2019,2,26
80.0,Jelly Donut,3198 24th St,Inadequate and inaccessible handwashing facilities,2,2,7,1,2019,2,26
68.0,PRINCESS BAKERY,4617 MISSION St,Insufficient hot water or running water,2,1,8,1,2019,2,26
90.0,Sears Fine Food,439 Powell St,Inadequate and inaccessible handwashing facilities,2,3,3,1,2019,2,26
83.0,Curbside Cafe,2417 CALIFORNIA St,Inadequate and inaccessible handwashing facilities,2,6,4,1,2019,2,26
70.0,SAI JAI THAI,771 O'FARRELL St,Unclean or degraded floors walls or ceilings,1,10,7,1,2019,2,26
92.0,Cherry Blossom Bakery,844 Clement St,Inadequate ventilation or lighting,1,4,3,1,2019,2,26
68.0,PRINCESS BAKERY,4617 MISSION St,Unclean or degraded floors walls or ceilings,1,1,8,1,2019,2,26
80.0,Jelly Donut,3198 24th St,Unapproved or unmaintained equipment or utensils,1,2,7,1,2019,2,26
94.0,Gateway High/Kip Schools,1430 Scott St,Insufficient hot water or running water,2,11,2,1,2019,2,26
70.0,SAI JAI THAI,771 O'FARRELL St,Improper thawing methods,2,10,7,1,2019,2,26
68.0,PRINCESS BAKERY,4617 MISSION St,High risk food holding temperature,3,1,8,1,2019,2,26
68.0,PRINCESS BAKERY,4617 MISSION St,Inadequate sewage or wastewater disposal,2,1,8,1,2019,2,26
70.0,SAI JAI THAI,771 O'FARRELL St,Improper storage of equipment utensils or linens,1,10,7,1,2019,2,26
80.0,Jelly Donut,3198 24th St,Unclean nonfood contact surfaces,1,2,7,1,2019,2,26
83.0,Curbside Cafe,2417 CALIFORNIA St,Moderate risk vermin infestation,2,6,4,1,2019,2,26
94.0,Gateway High/Kip Schools,1430 Scott St,Unapproved or unmaintained equipment or utensils,1,11,2,1,2019,2,26
90.0,Sears Fine Food,439 Powell St,Moderate risk food holding temperature,2,3,3,1,2019,2,26
87.0,Sun Rise Deli,54 02nd St,Unapproved or unmaintained equipment or utensils,1,10,3,1,2019,2,26
80.0,Jelly Donut,3198 24th St,Permit license or inspection report not posted,1,2,7,1,2019,2,26
70.0,SAI JAI THAI,771 O'FARRELL St,Moderate risk vermin infestation,2,10,7,1,2019,2,26
75.0,City Chopsticks,883 Bush St,Improper thawing methods,2,3,7,1,2019,2,26
75.0,City Chopsticks,883 Bush St,Unclean nonfood contact surfaces,1,3,7,1,2019,2,26
75.0,City Chopsticks,883 Bush St,Foods not protected from contamination,2,3,7,1,2019,2,26
75.0,City Chopsticks,883 Bush St,Inadequate and inaccessible handwashing facilities,2,3,7,1,2019,2,26
94.0,Calif Pacific Medical Ctr -  Kitchen,3700 CALIFORNIA St,Unclean or degraded floors walls or ceilings,1,6,2,1,2019,2,26
75.0,City Chopsticks,883 Bush St,High risk food holding temperature,3,3,7,1,2019,2,26
75.0,City Chopsticks,883 Bush St,Improper or defective plumbing,1,3,7,1,2019,2,26
94.0,Calif Pacific Medical Ctr -  Kitchen,3700 CALIFORNIA St,Moderate risk food holding temperature,2,6,2,1,2019,2,26
75.0,City Chopsticks,883 Bush St,Wiping cloths not clean or properly stored or inadequate sanitizer,1,3,7,1,2019,2,26
100.0,GLEN PARK ELEMENTARY SCHOOL,151 LIPPARD Ave,NA,0,5,1,1,2019,2,26
100.0,Sanchez School,325 Sanchez St,NA,0,5,1,1,2019,2,26
100.0,Redding Elementary School,1421 Pine St,NA,0,3,1,1,2019,2,26
100.0,Creative Arts Charter school,1601 Turk St,NA,0,11,1,1,2019,2,26
100.0,ST PETER'S PARISH SCHOOL,1266 FLORIDA St,NA,0,2,1,1,2019,2,26
100.0,LICK-WILMERDING HIGH SCHOOL,755 OCEAN Ave,NA,0,8,1,1,2019,2,26
100.0,ARGONNE ALTERNATIVE ELEMENTARY SCHO,680 18th Ave,NA,0,4,1,1,2019,2,26
78.0,"Caramba, Inc",78 02nd St,NA,0,10,1,1,2019,2,26
81.0,Taqueria El Sol #2,595 Geary St,Improper cooling methods,3,10,5,1,2019,2,27
92.0,Upstairs Bar,181 03rd St 2/F,Inadequately cleaned or sanitized food contact surfaces,2,10,2,1,2019,2,27
87.0,Ladle and Leaf,221 Montgomery St,Inadequately cleaned or sanitized food contact surfaces,2,3,3,1,2019,2,27
98.0,Francisco Middle School,2190 Powell St,Unclean or degraded floors walls or ceilings,1,3,1,1,2019,2,27
81.0,YANK SING,49 STEVENSON St,Moderate risk food holding temperature,2,10,5,1,2019,2,27
81.0,YANK SING,49 STEVENSON St,Unclean or degraded floors walls or ceilings,1,10,5,1,2019,2,27
84.0,SILVER CREST DONUT SHOP,340 BAYSHORE Blvd,Inadequately cleaned or sanitized food contact surfaces,2,2,5,1,2019,2,27
98.0,Galileo High School,1150 Francisco St,Unapproved or unmaintained equipment or utensils,1,6,1,1,2019,2,27
98.0,RAOUL WALLENBERG HIGH SCHOOL,40 VEGA St,Unapproved or unmaintained equipment or utensils,1,6,1,1,2019,2,27
81.0,Taqueria El Sol #2,595 Geary St,Improper thawing methods,2,10,5,1,2019,2,27
92.0,Upstairs Bar,181 03rd St 2/F,Inadequate and inaccessible handwashing facilities,2,10,2,1,2019,2,27
87.0,Ladle and Leaf,221 Montgomery St,Wiping cloths not clean or properly stored or inadequate sanitizer,1,3,3,1,2019,2,27
96.0,Trace Restaurant,181 3rd St 1/F,Noncompliance with HAACP plan or variance,2,10,1,1,2019,2,27
93.0,HRD Coffee Shop Inc.,521 03rd St A,Unclean hands or improper use of gloves,3,10,1,1,2019,2,27
94.0,SAN FRANCISCO SOUP COMPANY,451 06th St,Moderate risk vermin infestation,2,10,2,1,2019,2,27
81.0,Taqueria El Sol #2,595 Geary St,Inadequately cleaned or sanitized food contact surfaces,2,10,5,1,2019,2,27
96.0,The Beanery Inc,1307 09th Ave,Moderate risk food holding temperature,2,7,1,1,2019,2,27
86.0,3rd Floor Banquet Kitchen,181 03rd St,Unclean hands or improper use of gloves,3,10,3,1,2019,2,27
84.0,SILVER CREST DONUT SHOP,340 BAYSHORE Blvd,Inadequate and inaccessible handwashing facilities,2,2,5,1,2019,2,27
81.0,YANK SING,49 STEVENSON St,Wiping cloths not clean or properly stored or inadequate sanitizer,1,10,5,1,2019,2,27
94.0,SAN FRANCISCO SOUP COMPANY,451 06th St,Unclean or degraded floors walls or ceilings,1,10,2,1,2019,2,27
87.0,Ladle and Leaf,221 Montgomery St,High risk food holding temperature,3,3,3,1,2019,2,27
84.0,SILVER CREST DONUT SHOP,340 BAYSHORE Blvd,Food safety certificate or food handler card not available,1,2,5,1,2019,2,27
81.0,YANK SING,49 STEVENSON St,Improper cooling methods,3,10,5,1,2019,2,27
81.0,Taqueria El Sol #2,595 Geary St,Improper food storage,1,10,5,1,2019,2,27
86.0,3rd Floor Banquet Kitchen,181 03rd St,Unclean or unsanitary food contact surfaces,3,10,3,1,2019,2,27
96.0,Living Room Bar - W San Francisco,181 03rd St 3/F,Inadequate and inaccessible handwashing facilities,2,10,1,1,2019,2,27
81.0,YANK SING,49 STEVENSON St,Moderate risk vermin infestation,2,10,5,1,2019,2,27
81.0,Taqueria El Sol #2,595 Geary St,Low risk vermin infestation,1,10,5,1,2019,2,27
84.0,SILVER CREST DONUT SHOP,340 BAYSHORE Blvd,Unapproved or unmaintained equipment or utensils,1,2,5,1,2019,2,27
84.0,SILVER CREST DONUT SHOP,340 BAYSHORE Blvd,Insufficient hot water or running water,2,2,5,1,2019,2,27
87.0,Newtree,16 Jessie St,Inadequately cleaned or sanitized food contact surfaces,2,10,3,1,2019,2,27
76.0,Lahore Karahi,612 O'Farrell St,Inadequate and inaccessible handwashing facilities,2,10,5,1,2019,2,27
76.0,Lahore Karahi,612 O'Farrell St,Foods not protected from contamination,2,10,5,1,2019,2,27
87.0,Newtree,16 Jessie St,High risk food holding temperature,3,10,3,1,2019,2,27
76.0,Lahore Karahi,612 O'Farrell St,Unclean nonfood contact surfaces,1,10,5,1,2019,2,27
76.0,Lahore Karahi,612 O'Farrell St,Improper cooling methods,3,10,5,1,2019,2,27
87.0,Newtree,16 Jessie St,Unapproved or unmaintained equipment or utensils,1,10,3,1,2019,2,27
76.0,Lahore Karahi,612 O'Farrell St,Unclean or unsanitary food contact surfaces,3,10,5,1,2019,2,27
100.0,Theodore Roosevelt Middle School,460 Arguello Blvd,NA,0,6,1,1,2019,2,27
100.0,The Hamlin School,2120 BROADWAY St,NA,0,6,1,1,2019,2,27
100.0,Spring Valley Elementary School,1451 Jackson St,NA,0,3,1,1,2019,2,27
100.0,Jean Parker Elementary School,840 Broadway St,NA,0,3,1,1,2019,2,27
100.0,MISSION HIGH SCHOOL,3750 18th St,NA,0,5,1,1,2019,2,27
100.0,Bryant Elementary School,2641 25th St,NA,0,9,1,1,2019,2,27
100.0,San Francisco Public Montessori,2340 Jackson St,NA,0,6,1,1,2019,2,27
81.0,TAQUERIA CANCUN,3211 MISSION St,Inadequate food safety knowledge or lack of certified food safety manager,2,2,4,1,2019,2,28
78.0,La Oaxaquena Bakery and Restaurant,2128 Mission St,Moderate risk food holding temperature,2,2,7,1,2019,2,28
85.0,Colibri Mexican Bistro,438 Geary St,Wiping cloths not clean or properly stored or inadequate sanitizer,1,3,5,1,2019,2,28
85.0,Pier 23 Cafe Inc,Pier 23,High risk food holding temperature,3,3,3,1,2019,2,28
79.0,Dong Baek Korean Restaurant,631 O'Farrell St,Low risk vermin infestation,1,10,7,1,2019,2,28
84.0,Little Saigon Deli,131 Steuart St,Foods not protected from contamination,2,10,4,1,2019,2,28
88.0,LA TRAVIATA,2854 MISSION St,Inadequately cleaned or sanitized food contact surfaces,2,2,3,1,2019,2,28
92.0,Tropisueño,75 Yerba Buena Ln,Moderate risk food holding temperature,2,10,3,1,2019,2,28
81.0,TAQUERIA CANCUN,3211 MISSION St,Foods not protected from contamination,2,2,4,1,2019,2,28
98.0,ST. JOHN'S SNACK BAR,925 CHENERY St,Low risk vermin infestation,1,5,1,1,2019,2,28
98.0,CHIPOTLE MEXICAN GRILL,126 NEW MONTGOMERY St,Unclean or degraded floors walls or ceilings,1,10,1,1,2019,2,28
78.0,La Oaxaquena Bakery and Restaurant,2128 Mission St,Inadequate and inaccessible handwashing facilities,2,2,7,1,2019,2,28
93.0,ALVARADO ELEMENTARY SCHOOL,625  DOUGLASS St,High risk food holding temperature,3,5,1,1,2019,2,28
85.0,Colibri Mexican Bistro,438 Geary St,Unapproved or unmaintained equipment or utensils,1,3,5,1,2019,2,28
78.0,La Oaxaquena Bakery and Restaurant,2128 Mission St,Foods not protected from contamination,2,2,7,1,2019,2,28
85.0,Colibri Mexican Bistro,438 Geary St,Other low risk violation,1,3,5,1,2019,2,28
92.0,Tropisueño,75 Yerba Buena Ln,Improper or defective plumbing,1,10,3,1,2019,2,28
79.0,Dong Baek Korean Restaurant,631 O'Farrell St,Improper thawing methods,2,10,7,1,2019,2,28
98.0,ST. JOHN OF GOD SENIOR MEALS PROGRA,1290 05th Ave,Unclean or degraded floors walls or ceilings,1,11,1,1,2019,2,28
85.0,BOULEVARD,1 MISSION St,Inadequately cleaned or sanitized food contact surfaces,2,10,3,1,2019,2,28
79.0,Dong Baek Korean Restaurant,631 O'Farrell St,Unclean or unsanitary food contact surfaces,3,10,7,1,2019,2,28
88.0,LA TRAVIATA,2854 MISSION St,Moderate risk vermin infestation,2,2,3,1,2019,2,28
79.0,Dong Baek Korean Restaurant,631 O'Farrell St,Inadequate or unsanitary refuse containers or area or no garbage service,1,10,7,1,2019,2,28
78.0,La Oaxaquena Bakery and Restaurant,2128 Mission St,Inadequately cleaned or sanitized food contact surfaces,2,2,7,1,2019,2,28
84.0,Little Saigon Deli,131 Steuart St,Moderate risk vermin infestation,2,10,4,1,2019,2,28
96.0,SAFEWAY #759,625 MONTEREY Blvd,Inadequately cleaned or sanitized food contact surfaces,2,8,1,1,2019,2,28
81.0,TAQUERIA CANCUN,3211 MISSION St,Improper reheating of food,3,2,4,1,2019,2,28
96.0,RUTH'S CHRIS STEAK HOUSE,1700 CALIFORNIA St,Improper thawing methods,2,6,1,1,2019,2,28
94.0,Four Star Theatre - Snack Bar,2200 CLEMENT St,Moderate risk food holding temperature,2,4,2,1,2019,2,28
85.0,Colibri Mexican Bistro,438 Geary St,Improper cooling methods,3,3,5,1,2019,2,28
85.0,Colibri Mexican Bistro,438 Geary St,Unclean or degraded floors walls or ceilings,1,3,5,1,2019,2,28
85.0,Pier 23 Cafe Inc,Pier 23,Moderate risk vermin infestation,2,3,3,1,2019,2,28
85.0,BOULEVARD,1 MISSION St,Moderate risk food holding temperature,2,10,3,1,2019,2,28
92.0,Gordon J Lau Elementary School,950 Clay St,Unclean or degraded floors walls or ceilings,1,3,3,1,2019,2,28
79.0,Dong Baek Korean Restaurant,631 O'Farrell St,Unclean nonfood contact surfaces,1,10,7,1,2019,2,28
84.0,Little Saigon Deli,131 Steuart St,Inadequately cleaned or sanitized food contact surfaces,2,10,4,1,2019,2,28
79.0,Dong Baek Korean Restaurant,631 O'Farrell St,Inadequate dressing rooms or improper storage of personal items,1,10,7,1,2019,2,28
78.0,La Oaxaquena Bakery and Restaurant,2128 Mission St,Food safety certificate or food handler card not available,1,2,7,1,2019,2,28
78.0,La Oaxaquena Bakery and Restaurant,2128 Mission St,Unclean nonfood contact surfaces,1,2,7,1,2019,2,28
94.0,Four Star Theatre - Snack Bar,2200 CLEMENT St,Unapproved or unmaintained equipment or utensils,1,4,2,1,2019,2,28
98.0,Peet's Coffee & Tea,1 Ferry Building  C3,Unclean or degraded floors walls or ceilings,1,3,1,1,2019,2,28
85.0,BOULEVARD,1 MISSION St,Improper cooling methods,3,10,3,1,2019,2,28
92.0,Tropisueño,75 Yerba Buena Ln,Wiping cloths not clean or properly stored or inadequate sanitizer,1,10,3,1,2019,2,28
85.0,Pier 23 Cafe Inc,Pier 23,Inadequately cleaned or sanitized food contact surfaces,2,3,3,1,2019,2,28
88.0,LA TRAVIATA,2854 MISSION St,Noncompliance with shell fish tags or display,2,2,3,1,2019,2,28
79.0,Dong Baek Korean Restaurant,631 O'Farrell St,Improper storage of equipment utensils or linens,1,10,7,1,2019,2,28
98.0,TENDERLOIN ELEMENTARY SCHOOL,627 TURK ST,Improper or defective plumbing,1,10,1,1,2019,2,28
92.0,Gordon J Lau Elementary School,950 Clay St,Wiping cloths not clean or properly stored or inadequate sanitizer,1,3,3,1,2019,2,28
81.0,TAQUERIA CANCUN,3211 MISSION St,Improper thawing methods,2,2,4,1,2019,2,28
92.0,Gordon J Lau Elementary School,950 Clay St,Inadequate and inaccessible handwashing facilities,2,3,3,1,2019,2,28
78.0,La Oaxaquena Bakery and Restaurant,2128 Mission St,Inadequate dressing rooms or improper storage of personal items,1,2,7,1,2019,2,28
84.0,Little Saigon Deli,131 Steuart St,Moderate risk food holding temperature,2,10,4,1,2019,2,28
92.0,Cafe Fiore,3599 24th St,Low risk vermin infestation,1,5,3,1,2019,2,28
92.0,Cafe Fiore,3599 24th St,Improper food storage,1,5,3,1,2019,2,28
92.0,Cafe Fiore,3599 24th St,Inadequately cleaned or sanitized food contact surfaces,2,5,3,1,2019,2,28
98.0,Chipotle Mexican Grill #1460,121 04th St Space #1035,Unclean or degraded floors walls or ceilings,1,10,1,1,2019,2,28
100.0,ST VINCENT DE PAUL,2356 GREEN St,NA,0,6,1,1,2019,2,28
100.0,Yick Wo Elementary School,2245 Jones St,NA,0,3,1,1,2019,2,28
100.0,NEW TRADITIONS ALTERNATIVE SCHOOL,2049 GROVE St,NA,0,11,1,1,2019,2,28
100.0,Guckenheimer 1090.01,345 Spear St. (3rd Floor),NA,0,10,1,1,2019,2,28
100.0,HARVEY MILK ELEMENTARY SCHOOL,4235 19th St,NA,0,5,1,1,2019,2,28
100.0,LILIENTHAL ELEMENTARY SCHOOL,3630 DIVISADERO St,NA,0,6,1,1,2019,2,28
100.0,LICK MIDDLE SCHOOL,1220 Noe St,NA,0,5,1,1,2019,2,28
100.0,Grace Cathedral,1100 California St,NA,0,3,1,1,2019,2,28
83.0,Wayfare Tavern,558 Sacramento St,Insufficient hot water or running water,2,3,4,1,2019,3,1
90.0,Thai Chef 2,4133 18th St,Moderate risk food holding temperature,2,5,3,1,2019,3,1
88.0,TENDERLOIN ELEMENTARY SCHOOL,627 TURK ST,Improper storage of equipment utensils or linens,1,10,4,1,2019,3,1
67.0,Brenda's French Soul Food,652 B Polk St,Unapproved or unmaintained equipment or utensils,1,10,8,1,2019,3,1
87.0,MARINA MIDDLE SCHOOL,3500 FILLMORE St,Inadequate ventilation or lighting,1,6,3,1,2019,3,1
92.0,Notre Dame des Victoires,659 Pine St,Unclean or degraded floors walls or ceilings,1,3,4,1,2019,3,1
92.0,Oakes Children's Center,1550 Treat Ave.,Unclean nonfood contact surfaces,1,2,3,1,2019,3,1
67.0,Brenda's French Soul Food,652 B Polk St,Contaminated or adulterated food,3,10,8,1,2019,3,1
88.0,TENDERLOIN ELEMENTARY SCHOOL,627 TURK ST,Moderate risk food holding temperature,2,10,4,1,2019,3,1
87.0,Town School For Boys,2750 JACKSON St,High risk vermin infestation,3,6,3,1,2019,3,1
88.0,TENDERLOIN ELEMENTARY SCHOOL,627 TURK ST,Inadequately cleaned or sanitized food contact surfaces,2,10,4,1,2019,3,1
67.0,Brenda's French Soul Food,652 B Polk St,Unclean or degraded floors walls or ceilings,1,10,8,1,2019,3,1
83.0,Wayfare Tavern,558 Sacramento St,Improper storage of equipment utensils or linens,1,3,4,1,2019,3,1
67.0,Brenda's French Soul Food,652 B Polk St,Inadequate and inaccessible handwashing facilities,2,10,8,1,2019,3,1
98.0,ST. ANTHONY'S ELEMENTARY,299 Precita Ave,Food safety certificate or food handler card not available,1,2,1,1,2019,3,1
87.0,MARINA MIDDLE SCHOOL,3500 FILLMORE St,Inadequately cleaned or sanitized food contact surfaces,2,6,3,1,2019,3,1
92.0,Notre Dame des Victoires,659 Pine St,Unapproved or unmaintained equipment or utensils,1,3,4,1,2019,3,1
90.0,Thai Chef 2,4133 18th St,Wiping cloths not clean or properly stored or inadequate sanitizer,1,5,3,1,2019,3,1
92.0,Oakes Children's Center,1550 Treat Ave.,Inadequate food safety knowledge or lack of certified food safety manager,2,2,3,1,2019,3,1
67.0,Brenda's French Soul Food,652 B Polk St,High risk food holding temperature,3,10,8,1,2019,3,1
92.0,Notre Dame des Victoires,659 Pine St,Low risk vermin infestation,1,3,4,1,2019,3,1
88.0,TENDERLOIN ELEMENTARY SCHOOL,627 TURK ST,Permit license or inspection report not posted,1,10,4,1,2019,3,1
87.0,Town School For Boys,2750 JACKSON St,Unapproved or unmaintained equipment or utensils,1,6,3,1,2019,3,1
67.0,Brenda's French Soul Food,652 B Polk St,Unclean nonfood contact surfaces,1,10,8,1,2019,3,1
94.0,ANGELINA'S DELI-CAFE & CATERING,6000 CALIFORNIA St,Inadequately cleaned or sanitized food contact surfaces,2,4,2,1,2019,3,1
87.0,MARINA MIDDLE SCHOOL,3500 FILLMORE St,High risk vermin infestation,3,6,3,1,2019,3,1
92.0,Oakes Children's Center,1550 Treat Ave.,Unapproved or unmaintained equipment or utensils,1,2,3,1,2019,3,1
90.0,Thai Chef 2,4133 18th St,Improper thawing methods,2,5,3,1,2019,3,1
83.0,Wayfare Tavern,558 Sacramento St,High risk food holding temperature,3,3,4,1,2019,3,1
92.0,Notre Dame des Victoires,659 Pine St,Food safety certificate or food handler card not available,1,3,4,1,2019,3,1
67.0,Brenda's French Soul Food,652 B Polk St,Wiping cloths not clean or properly stored or inadequate sanitizer,1,10,8,1,2019,3,1
87.0,Town School For Boys,2750 JACKSON St,Insufficient hot water or running water,2,6,3,1,2019,3,1
67.0,Brenda's French Soul Food,652 B Polk St,Improper cooling methods,3,10,8,1,2019,3,1
94.0,ANGELINA'S DELI-CAFE & CATERING,6000 CALIFORNIA St,Low risk vermin infestation,1,4,2,1,2019,3,1
96.0,SHERMAN ELEMENTARY SCHOOL,1651 UNION St,Moderate risk vermin infestation,2,6,1,1,2019,3,1
83.0,Wayfare Tavern,558 Sacramento St,Inadequately cleaned or sanitized food contact surfaces,2,3,4,1,2019,3,1
86.0,Sushirrito,475 Sansome St #120N,Improper storage of equipment utensils or linens,1,3,4,1,2019,3,1
86.0,Sushirrito,475 Sansome St #120N,Inadequately cleaned or sanitized food contact surfaces,2,3,4,1,2019,3,1
86.0,Sushirrito,475 Sansome St #120N,Inadequate and inaccessible handwashing facilities,2,3,4,1,2019,3,1
86.0,Sushirrito,475 Sansome St #120N,Improper thawing methods,2,3,4,1,2019,3,1
100.0,HILLWOOD SCHOOL,2521 SCOTT St,NA,0,6,1,1,2019,3,1
81.0,Tacos San Buena,2598 Harrison St,Unclean or unsanitary food contact surfaces,3,2,6,1,2019,3,4
76.0,Arabi Mediterranean Cuisine,101 SPEAR St,High risk food holding temperature,3,10,5,1,2019,3,4
67.0,SWEET DELIGHT BAKERY,4476A MISSION,Unclean hands or improper use of gloves,3,1,7,1,2019,3,4
83.0,Evergreen Garden Restaurant,3100 18th St,Foods not protected from contamination,2,2,5,1,2019,3,4
67.0,SWEET DELIGHT BAKERY,4476A MISSION,Unclean or degraded floors walls or ceilings,1,1,7,1,2019,3,4
89.0,The Waterfront Restaurant,Pier 7 Embarcadero,Improper or defective plumbing,1,3,3,1,2019,3,4
76.0,Arabi Mediterranean Cuisine,101 SPEAR St,Improper cooling methods,3,10,5,1,2019,3,4
96.0,TYGER'S,2798 DIAMOND St,Food safety certificate or food handler card not available,1,5,2,1,2019,3,4
83.0,Evergreen Garden Restaurant,3100 18th St,Improper storage use or identification of toxic substances,1,2,5,1,2019,3,4
81.0,Tacos San Buena,2598 Harrison St,Food safety certificate or food handler card not available,1,2,6,1,2019,3,4
86.0,FLORIO,1915 FILLMORE St,Moderate risk food holding temperature,2,11,4,1,2019,3,4
83.0,Evergreen Garden Restaurant,3100 18th St,High risk food holding temperature,3,2,5,1,2019,3,4
67.0,SWEET DELIGHT BAKERY,4476A MISSION,Inadequate food safety knowledge or lack of certified food safety manager,2,1,7,1,2019,3,4
92.0,ARIAKE,5041 Geary Blvd,Improper or defective plumbing,1,4,3,1,2019,3,4
89.0,The Waterfront Restaurant,Pier 7 Embarcadero,No thermometers or uncalibrated thermometers,1,3,3,1,2019,3,4
91.0,Zabb,4440 Mission St,High risk food holding temperature,3,1,2,1,2019,3,4
98.0,Downtown High School,693 VERMONT St,Unapproved or unmaintained equipment or utensils,1,9,1,1,2019,3,4
76.0,Arabi Mediterranean Cuisine,101 SPEAR St,Inadequate and inaccessible handwashing facilities,2,10,5,1,2019,3,4
96.0,TYGER'S,2798 DIAMOND St,Wiping cloths not clean or properly stored or inadequate sanitizer,1,5,2,1,2019,3,4
83.0,Evergreen Garden Restaurant,3100 18th St,Unclean nonfood contact surfaces,1,2,5,1,2019,3,4
92.0,ARIAKE,5041 Geary Blvd,Inadequately cleaned or sanitized food contact surfaces,2,4,3,1,2019,3,4
67.0,SWEET DELIGHT BAKERY,4476A MISSION,Inadequately cleaned or sanitized food contact surfaces,2,1,7,1,2019,3,4
81.0,Tacos San Buena,2598 Harrison St,Inadequate and inaccessible handwashing facilities,2,2,6,1,2019,3,4
86.0,FLORIO,1915 FILLMORE St,Inadequately cleaned or sanitized food contact surfaces,2,11,4,1,2019,3,4
67.0,SWEET DELIGHT BAKERY,4476A MISSION,High risk vermin infestation,3,1,7,1,2019,3,4
89.0,The Waterfront Restaurant,Pier 7 Embarcadero,High risk food holding temperature,3,3,3,1,2019,3,4
81.0,Tacos San Buena,2598 Harrison St,Unapproved or unmaintained equipment or utensils,1,2,6,1,2019,3,4
91.0,Zabb,4440 Mission St,Improper storage of equipment utensils or linens,1,1,2,1,2019,3,4
76.0,Arabi Mediterranean Cuisine,101 SPEAR St,Unclean nonfood contact surfaces,1,10,5,1,2019,3,4
92.0,ARIAKE,5041 Geary Blvd,Wiping cloths not clean or properly stored or inadequate sanitizer,1,4,3,1,2019,3,4
86.0,FLORIO,1915 FILLMORE St,Low risk vermin infestation,1,11,4,1,2019,3,4
67.0,SWEET DELIGHT BAKERY,4476A MISSION,Unclean nonfood contact surfaces,1,1,7,1,2019,3,4
83.0,Evergreen Garden Restaurant,3100 18th St,Wiping cloths not clean or properly stored or inadequate sanitizer,1,2,5,1,2019,3,4
67.0,SWEET DELIGHT BAKERY,4476A MISSION,High risk food holding temperature,3,1,7,1,2019,3,4
81.0,Tacos San Buena,2598 Harrison St,Permit license or inspection report not posted,1,2,6,1,2019,3,4
81.0,Tacos San Buena,2598 Harrison St,Inadequate ventilation or lighting,1,2,6,1,2019,3,4
86.0,FLORIO,1915 FILLMORE St,Foods not protected from contamination,2,11,4,1,2019,3,4
76.0,Arabi Mediterranean Cuisine,101 SPEAR St,Inadequately cleaned or sanitized food contact surfaces,2,10,5,1,2019,3,4
90.0,La Briciola  Restaurant,489 03rd St,Inadequately cleaned or sanitized food contact surfaces,2,10,3,1,2019,3,4
90.0,La Briciola  Restaurant,489 03rd St,Foods not protected from contamination,2,10,3,1,2019,3,4
90.0,La Briciola  Restaurant,489 03rd St,Unapproved or unmaintained equipment or utensils,1,10,3,1,2019,3,4
100.0,Presidio Middle School,450 30th Ave,NA,0,4,1,1,2019,3,4
100.0,Mother Goose School,334 28th Ave,NA,0,4,1,1,2019,3,4
85.0,CAFE ROCCO,1131 FOLSOM St,Moderate risk vermin infestation,2,10,4,1,2019,3,5
91.0,Cafe Venue Fremont,215 Fremont St,Inadequate dressing rooms or improper storage of personal items,1,10,2,1,2019,3,5
87.0,Kate O'Brien's,579 HOWARD St,Improper reheating of food,3,10,3,1,2019,3,5
88.0,Cafe Bakery,1365 Noriega St,Unclean or degraded floors walls or ceilings,1,7,5,1,2019,3,5
85.0,New San Wang Restaurant,1682 Post St,Improper thawing methods,2,11,4,1,2019,3,5
79.0,Dragon River Restaurant,5045 GEARY Blvd,Improper storage of equipment utensils or linens,1,4,7,1,2019,3,5
92.0,Zantes Pizza,3489 MISSION St,Unapproved or unmaintained equipment or utensils,1,2,3,1,2019,3,5
88.0,Cafe Bakery,1365 Noriega St,Inadequate warewashing facilities or equipment,1,7,5,1,2019,3,5
81.0,ALBORZ,1245 VAN NESS Ave,Moderate risk vermin infestation,2,6,6,1,2019,3,5
79.0,Dragon River Restaurant,5045 GEARY Blvd,Unapproved or unmaintained equipment or utensils,1,4,7,1,2019,3,5
75.0,Sutter Pub and Restaurant,700 Sutter St,High risk food holding temperature,3,3,4,1,2019,3,5
85.0,Park Gyros,1201 09th Ave,Moderate risk food holding temperature,2,7,3,1,2019,3,5
81.0,ALBORZ,1245 VAN NESS Ave,Unapproved or unmaintained equipment or utensils,1,6,6,1,2019,3,5
91.0,Cafe Venue Fremont,215 Fremont St,Unclean or unsanitary food contact surfaces,3,10,2,1,2019,3,5
90.0,ANDERSEN BAKERY,1737 Post St 304,Inadequate and inaccessible handwashing facilities,2,11,3,1,2019,3,5
87.0,Kate O'Brien's,579 HOWARD St,Food safety certificate or food handler card not available,1,10,3,1,2019,3,5
85.0,New San Wang Restaurant,1682 Post St,Improper food storage,1,11,4,1,2019,3,5
75.0,Sutter Pub and Restaurant,700 Sutter St,Unclean or unsanitary food contact surfaces,3,3,4,1,2019,3,5
88.0,Cafe Bakery,1365 Noriega St,Unapproved or unmaintained equipment or utensils,1,7,5,1,2019,3,5
85.0,CAFE ROCCO,1131 FOLSOM St,Improper cooling methods,3,10,4,1,2019,3,5
79.0,Dragon River Restaurant,5045 GEARY Blvd,Improper storage use or identification of toxic substances,1,4,7,1,2019,3,5
81.0,ALBORZ,1245 VAN NESS Ave,Unclean hands or improper use of gloves,3,6,6,1,2019,3,5
87.0,Kate O'Brien's,579 HOWARD St,Inadequately cleaned or sanitized food contact surfaces,2,10,3,1,2019,3,5
85.0,New San Wang Restaurant,1682 Post St,Unclean hands or improper use of gloves,3,11,4,1,2019,3,5
75.0,Sutter Pub and Restaurant,700 Sutter St,Inadequate and inaccessible handwashing facilities,2,3,4,1,2019,3,5
79.0,Dragon River Restaurant,5045 GEARY Blvd,Unclean or degraded floors walls or ceilings,1,4,7,1,2019,3,5
88.0,Cafe Bakery,1365 Noriega St,Unclean nonfood contact surfaces,1,7,5,1,2019,3,5
90.0,ANDERSEN BAKERY,1737 Post St 304,Inadequately cleaned or sanitized food contact surfaces,2,11,3,1,2019,3,5
92.0,Zantes Pizza,3489 MISSION St,Improper storage use or identification of toxic substances,1,2,3,1,2019,3,5
85.0,Park Gyros,1201 09th Ave,Unclean hands or improper use of gloves,3,7,3,1,2019,3,5
90.0,Cafe Bakery,1345 Noriega St,Moderate risk food holding temperature,2,7,3,1,2019,3,5
79.0,Dragon River Restaurant,5045 GEARY Blvd,Inadequate and inaccessible handwashing facilities,2,4,7,1,2019,3,5
85.0,CAFE ROCCO,1131 FOLSOM St,Wiping cloths not clean or properly stored or inadequate sanitizer,1,10,4,1,2019,3,5
85.0,New San Wang Restaurant,1682 Post St,Unclean or degraded floors walls or ceilings,1,11,4,1,2019,3,5
93.0,Boulette's Larder,1 Ferry Building,Unclean or unsanitary food contact surfaces,3,3,3,1,2019,3,5
93.0,Boulette's Larder,1 Ferry Building,Unclean or unsanitary food contact surfaces,3,3,3,1,2019,3,5
93.0,Boulette's Larder,1 Ferry Building,Unclean or unsanitary food contact surfaces,3,3,3,1,2019,3,5
75.0,Sutter Pub and Restaurant,700 Sutter St,Improper cooling methods,3,3,4,1,2019,3,5
85.0,CAFE ROCCO,1131 FOLSOM St,Improper food storage,1,10,4,1,2019,3,5
90.0,Cafe Bakery,1345 Noriega St,Unclean or degraded floors walls or ceilings,1,7,3,1,2019,3,5
81.0,ALBORZ,1245 VAN NESS Ave,Wiping cloths not clean or properly stored or inadequate sanitizer,1,6,6,1,2019,3,5
79.0,Dragon River Restaurant,5045 GEARY Blvd,Unclean or unsanitary food contact surfaces,3,4,7,1,2019,3,5
81.0,ALBORZ,1245 VAN NESS Ave,Unclean or degraded floors walls or ceilings,1,6,6,1,2019,3,5
90.0,Cafe Bakery,1345 Noriega St,Foods not protected from contamination,2,7,3,1,2019,3,5
81.0,ALBORZ,1245 VAN NESS Ave,Permit license or inspection report not posted,1,6,6,1,2019,3,5
90.0,ANDERSEN BAKERY,1737 Post St 304,Low risk vermin infestation,1,11,3,1,2019,3,5
79.0,Dragon River Restaurant,5045 GEARY Blvd,Inadequate dressing rooms or improper storage of personal items,1,4,7,1,2019,3,5
92.0,Zantes Pizza,3489 MISSION St,Foods not protected from contamination,2,2,3,1,2019,3,5
85.0,Park Gyros,1201 09th Ave,Inadequately cleaned or sanitized food contact surfaces,2,7,3,1,2019,3,5
88.0,Cafe Bakery,1365 Noriega St,Inadequately cleaned or sanitized food contact surfaces,2,7,5,1,2019,3,5
96.0,Hayes Valley Bakeworks,550 Gough St,Foods not protected from contamination,2,11,1,1,2019,3,5
100.0,MCKINLEY ELEMENTARY SCHOOL,1025 14th St,NA,0,5,1,1,2019,3,5
100.0,Ida B Wells Continuation High School,1099 Hayes St,NA,0,11,1,1,2019,3,5
100.0,SAN FRANCISCO DAY SCHOOL,350 MASONIC St,NA,0,11,1,1,2019,3,5
94.0,"California Pizza Kitchen, Inc.",53 03rd St,Unclean or degraded floors walls or ceilings,1,10,3,1,2019,3,6
87.0,DELANCEY ST. RESTAURANT,600 EMBARCADERO St,Unapproved or unmaintained equipment or utensils,1,10,3,1,2019,3,6
83.0,A La Turca,869 Geary St,Inadequately cleaned or sanitized food contact surfaces,2,10,4,1,2019,3,6
94.0,MOULIN ROUGE,887 GEARY St,Moderate risk vermin infestation,2,10,2,1,2019,3,6
84.0,Sheba Restaurant & Lounge,1419 Fillmore St,Food safety certificate or food handler card not available,1,11,5,1,2019,3,6
92.0,Paradise Coffee & Donut,453 O'Farrell St,Unclean or degraded floors walls or ceilings,1,10,3,1,2019,3,6
84.0,Sheba Restaurant & Lounge,1419 Fillmore St,Inadequately cleaned or sanitized food contact surfaces,2,11,5,1,2019,3,6
87.0,DELANCEY ST. RESTAURANT,600 EMBARCADERO St,High risk food holding temperature,3,10,3,1,2019,3,6
84.0,Sheba Restaurant & Lounge,1419 Fillmore St,Foods not protected from contamination,2,11,5,1,2019,3,6
94.0,MOULIN ROUGE,887 GEARY St,Unapproved or unmaintained equipment or utensils,1,10,2,1,2019,3,6
92.0,Paradise Coffee & Donut,453 O'Farrell St,Moderate risk food holding temperature,2,10,3,1,2019,3,6
94.0,"California Pizza Kitchen, Inc.",53 03rd St,Improper or defective plumbing,1,10,3,1,2019,3,6
83.0,A La Turca,869 Geary St,Moderate risk food holding temperature,2,10,4,1,2019,3,6
84.0,Sheba Restaurant & Lounge,1419 Fillmore St,Unclean or degraded floors walls or ceilings,1,11,5,1,2019,3,6
87.0,DELANCEY ST. RESTAURANT,600 EMBARCADERO St,Moderate risk vermin infestation,2,10,3,1,2019,3,6
94.0,"California Pizza Kitchen, Inc.",53 03rd St,Wiping cloths not clean or properly stored or inadequate sanitizer,1,10,3,1,2019,3,6
83.0,A La Turca,869 Geary St,Improper cooling methods,3,10,4,1,2019,3,6
84.0,Sheba Restaurant & Lounge,1419 Fillmore St,Moderate risk food holding temperature,2,11,5,1,2019,3,6
83.0,A La Turca,869 Geary St,Improper storage of equipment utensils or linens,1,10,4,1,2019,3,6
92.0,Paradise Coffee & Donut,453 O'Farrell St,Low risk vermin infestation,1,10,3,1,2019,3,6
98.0,Le Meridien SF Main Kitchen/Employee Cafeteria,333 Battery St Level A & B,Low risk vermin infestation,1,3,1,1,2019,3,6
100.0,ST GABRIEL SCHOOL,2550 41st Ave,NA,0,7,1,1,2019,3,6
100.0,Le Meridien SF Park Grill Restaurant & Bar,333 Battery St Level 2 & 3,NA,0,3,1,1,2019,3,6
100.0,ULLOA ELEMENTARY SCHOOL,2650 42nd Ave,NA,0,7,1,1,2019,3,6
100.0,Hooker's Sweet Treats,442 Hyde St,NA,0,10,1,1,2019,3,6
100.0,Natural Sensations,1650 HOLLOWAY St #134,NA,0,8,1,1,2019,3,6
100.0,The Village Market & Pizza,750 Font Blvd,NA,0,8,1,1,2019,3,6
100.0,Diane Feinstein Elementary School,2550 25th Ave,NA,0,7,1,1,2019,3,6
73.0,SAKANA BUNE RESTAURANT,5701 GEARY Blvd,Inadequately cleaned or sanitized food contact surfaces,2,4,5,1,2019,3,7
88.0,Osha Thai Restaurant & Lounge,311 03rd St,Employee eating or smoking,2,10,3,1,2019,3,7
94.0,Chinese Education Center Elementary School,657 Merchant St,Inadequate and inaccessible handwashing facilities,2,3,2,1,2019,3,7
87.0,Kokkari,200 Jackson St,Insufficient hot water or running water,2,3,3,1,2019,3,7
96.0,Sushi Kinta,5 Embarcadero Center,Food safety certificate or food handler card not available,1,3,2,1,2019,3,7
87.0,5A5 Steak Lounge,244 Jackson St,Inadequate ventilation or lighting,1,3,3,1,2019,3,7
88.0,Osha Thai Restaurant & Lounge,311 03rd St,Noncompliance with shell fish tags or display,2,10,3,1,2019,3,7
92.0,The Deli Lama,150 TOLAND St #7,Moderate risk food holding temperature,2,9,3,1,2019,3,7
73.0,SAKANA BUNE RESTAURANT,5701 GEARY Blvd,No thermometers or uncalibrated thermometers,1,4,5,1,2019,3,7
94.0,Safeway Store #4601,145 Jackson St,Unclean or degraded floors walls or ceilings,1,3,3,1,2019,3,7
87.0,5A5 Steak Lounge,244 Jackson St,High risk food holding temperature,3,3,3,1,2019,3,7
73.0,SAKANA BUNE RESTAURANT,5701 GEARY Blvd,Improper cooling methods,3,4,5,1,2019,3,7
92.0,Fang's,660 Howard St,Unclean or degraded floors walls or ceilings,1,10,3,1,2019,3,7
73.0,SAKANA BUNE RESTAURANT,5701 GEARY Blvd,High risk food holding temperature,3,4,5,1,2019,3,7
88.0,Osha Thai Restaurant & Lounge,311 03rd St,Moderate risk food holding temperature,2,10,3,1,2019,3,7
92.0,The Deli Lama,150 TOLAND St #7,Unapproved or unmaintained equipment or utensils,1,9,3,1,2019,3,7
92.0,The Deli Lama,150 TOLAND St #7,Unclean nonfood contact surfaces,1,9,3,1,2019,3,7
87.0,Kokkari,200 Jackson St,Improper food storage,1,3,3,1,2019,3,7
94.0,Safeway Store #4601,145 Jackson St,Foods not protected from contamination,2,3,3,1,2019,3,7
94.0,Chinese Education Center Elementary School,657 Merchant St,Unapproved or unmaintained equipment or utensils,1,3,2,1,2019,3,7
92.0,Fang's,660 Howard St,Foods not protected from contamination,2,10,3,1,2019,3,7
87.0,Kokkari,200 Jackson St,High risk food holding temperature,3,3,3,1,2019,3,7
87.0,5A5 Steak Lounge,244 Jackson St,Foods not protected from contamination,2,3,3,1,2019,3,7
73.0,SAKANA BUNE RESTAURANT,5701 GEARY Blvd,High risk vermin infestation,3,4,5,1,2019,3,7
92.0,Fang's,660 Howard St,Low risk vermin infestation,1,10,3,1,2019,3,7
96.0,Sushi Kinta,5 Embarcadero Center,Wiping cloths not clean or properly stored or inadequate sanitizer,1,3,2,1,2019,3,7
83.0,Super Duper,783 Mission St #1010,Employee eating or smoking,2,10,4,1,2019,3,7
83.0,Super Duper,783 Mission St #1010,Unclean hands or improper use of gloves,3,10,4,1,2019,3,7
85.0,Aria,932 Larkin St,High risk vermin infestation,3,10,3,1,2019,3,7
85.0,Aria,932 Larkin St,Inadequately cleaned or sanitized food contact surfaces,2,10,3,1,2019,3,7
83.0,Super Duper,783 Mission St #1010,Insufficient hot water or running water,2,10,4,1,2019,3,7
83.0,Super Duper,783 Mission St #1010,Improper storage use or identification of toxic substances,1,10,4,1,2019,3,7
85.0,Aria,932 Larkin St,Foods not protected from contamination,2,10,3,1,2019,3,7
100.0,NEW SUNSET ELEMENTARY SCHOOL,1920 41st Ave,NA,0,7,1,1,2019,3,7
100.0,AFC Sushi @ Safeway 4601,145 Jackson St,NA,0,3,3,1,2019,3,7
100.0,LAWTON ELEMENTARY SCHOOL,1570 31st Ave,NA,0,7,1,1,2019,3,7
100.0,GIANNINI MIDDLE SCHOOL,3151 ORTEGA St,NA,0,7,1,1,2019,3,7
100.0,KEY ELEMENTARY SCHOOL,1530 43rd Ave,NA,0,7,1,1,2019,3,7
81.0,PACIFIC FOOD MART,2199 SUTTER St,Inadequately cleaned or sanitized food contact surfaces,2,11,5,1,2019,3,8
83.0,SUPPENKUCHE,525 LAGUNA St,Inadequately cleaned or sanitized food contact surfaces,2,11,4,1,2019,3,8
85.0,Pagan Restaurant,3199 CLEMENT St,Improper storage use or identification of toxic substances,1,4,4,1,2019,3,8
85.0,Pagan Restaurant,3199 CLEMENT St,Low risk vermin infestation,1,4,4,1,2019,3,8
81.0,PACIFIC FOOD MART,2199 SUTTER St,No hot water or running water,3,11,5,1,2019,3,8
90.0,Akikos Sushi,431 Bush St,Improper or defective plumbing,1,3,3,1,2019,3,8
94.0,GREEN STREET MARKET,1898 GREEN St,Improper food storage,1,6,3,1,2019,3,8
87.0,Buena Vista Cafe,2765 Hyde St,High risk food holding temperature,3,6,3,1,2019,3,8
90.0,Akikos Sushi,431 Bush St,Moderate risk vermin infestation,2,3,3,1,2019,3,8
83.0,SUPPENKUCHE,525 LAGUNA St,Unclean or degraded floors walls or ceilings,1,11,4,1,2019,3,8
94.0,GREEN STREET MARKET,1898 GREEN St,Food safety certificate or food handler card not available,1,6,3,1,2019,3,8
94.0,GREEN STREET MARKET,1898 GREEN St,Improper or defective plumbing,1,6,3,1,2019,3,8
85.0,Pagan Restaurant,3199 CLEMENT St,Unclean hands or improper use of gloves,3,4,4,1,2019,3,8
90.0,Akikos Sushi,431 Bush St,Noncompliance with HAACP plan or variance,2,3,3,1,2019,3,8
81.0,PACIFIC FOOD MART,2199 SUTTER St,Improper storage of equipment utensils or linens,1,11,5,1,2019,3,8
87.0,Buena Vista Cafe,2765 Hyde St,No thermometers or uncalibrated thermometers,1,6,3,1,2019,3,8
83.0,SUPPENKUCHE,525 LAGUNA St,Improper cooling methods,3,11,4,1,2019,3,8
81.0,PACIFIC FOOD MART,2199 SUTTER St,Low risk vermin infestation,1,11,5,1,2019,3,8
96.0,Mission Martco,5098 MISSION St,Unapproved or unmaintained equipment or utensils,1,1,2,1,2019,3,8
98.0,PACIFIC HEIGHTS CHEVRON,2500 CALIFORNIA St,Food safety certificate or food handler card not available,1,6,1,1,2019,3,8
87.0,Buena Vista Cafe,2765 Hyde St,Insufficient hot water or running water,2,6,3,1,2019,3,8
83.0,SUPPENKUCHE,525 LAGUNA St,Foods not protected from contamination,2,11,4,1,2019,3,8
81.0,PACIFIC FOOD MART,2199 SUTTER St,Moderate risk food holding temperature,2,11,5,1,2019,3,8
96.0,Mission Martco,5098 MISSION St,Inadequate dressing rooms or improper storage of personal items,1,1,2,1,2019,3,8
85.0,Pagan Restaurant,3199 CLEMENT St,Improper thawing methods,2,4,4,1,2019,3,8
96.0,Whole Foods Market,1150 Ocean Ave,Unapproved or unmaintained equipment or utensils,1,8,2,1,2019,3,8
94.0,Xpresso Tea,6901 Geary Blvd,Unclean or degraded floors walls or ceilings,1,4,3,1,2019,3,8
94.0,Xpresso Tea,6901 Geary Blvd,Wiping cloths not clean or properly stored or inadequate sanitizer,1,4,3,1,2019,3,8
96.0,Whole Foods Market,1150 Ocean Ave,Wiping cloths not clean or properly stored or inadequate sanitizer,1,8,2,1,2019,3,8
94.0,Xpresso Tea,6901 Geary Blvd,Unapproved or unmaintained equipment or utensils,1,4,3,1,2019,3,8
100.0,Eclipse Cafe,5 Embarcadero Center,NA,0,3,2,1,2019,3,8
100.0,"Hyatt Regency - Main Kitchen, Employees Cafeteria",5 Embarcadero Center,NA,0,3,2,1,2019,3,8
100.0,Regency Club 18th Floor,5 Embarcadero Center  18th Floor,NA,0,3,1,1,2019,3,8
100.0,STARBUCKS COFFEE CO.,744 IRVING St,NA,0,11,1,1,2019,3,8
90.0,Sweet Lime Inc.,2100 SUTTER St,Unapproved or unmaintained equipment or utensils,1,6,3,1,2019,3,11
81.0,DELICA,1 Ferry Building  #45,Unapproved or unmaintained equipment or utensils,1,3,6,1,2019,3,11
80.0,Irish Times Bar and Grill,500 Sacramento St,High risk food holding temperature,3,3,4,1,2019,3,11
86.0,First Cake,5901 GEARY Blvd,Wiping cloths not clean or properly stored or inadequate sanitizer,1,4,5,1,2019,3,11
81.0,Frisco Fried,5176 03rd St,Inadequate dressing rooms or improper storage of personal items,1,9,6,1,2019,3,11
88.0,Marketbar,1 Ferry Building #36,Foods not protected from contamination,2,3,3,1,2019,3,11
81.0,Frisco Fried,5176 03rd St,Unapproved or unmaintained equipment or utensils,1,9,6,1,2019,3,11
93.0,BENIHANA OF TOKYO,1737 POST St,Improper cooling methods,3,11,1,1,2019,3,11
86.0,Manhattan Hub Inc,343 Sansome St Suite 140,Moderate risk food holding temperature,2,3,4,1,2019,3,11
86.0,Manhattan Hub Inc,343 Sansome St Suite 140,Foods not protected from contamination,2,3,4,1,2019,3,11
65.0,IMPERIAL GARDEN SEAFOOD RESTAURANT,2626 SAN BRUNO Ave,Noncompliance with shell fish tags or display,2,2,8,1,2019,3,11
86.0,First Cake,5901 GEARY Blvd,Unapproved or unmaintained equipment or utensils,1,4,5,1,2019,3,11
92.0,Liquor & Deli On Union Square,423 Stockton St,Unapproved or unmaintained equipment or utensils,1,3,3,1,2019,3,11
96.0,Sens Restaurant,4 Embarcadero Center  Promenade Level,Inadequate ventilation or lighting,1,3,2,1,2019,3,11
94.0,St. Ignatius,2001 37th Ave,Unclean or degraded floors walls or ceilings,1,7,2,1,2019,3,11
87.0,Calzone's,430 Columbus Ave,Unapproved or unmaintained equipment or utensils,1,3,3,1,2019,3,11
94.0,The Grove,690 Mission St,Inadequate dressing rooms or improper storage of personal items,1,10,2,1,2019,3,11
65.0,IMPERIAL GARDEN SEAFOOD RESTAURANT,2626 SAN BRUNO Ave,High risk vermin infestation,3,2,8,1,2019,3,11
86.0,Manhattan Hub Inc,343 Sansome St Suite 140,Moderate risk vermin infestation,2,3,4,1,2019,3,11
80.0,Irish Times Bar and Grill,500 Sacramento St,Insufficient hot water or running water,2,3,4,1,2019,3,11
81.0,DELICA,1 Ferry Building  #45,Improper food storage,1,3,6,1,2019,3,11
81.0,Frisco Fried,5176 03rd St,High risk vermin infestation,3,9,6,1,2019,3,11
86.0,First Cake,5901 GEARY Blvd,Inadequate and inaccessible handwashing facilities,2,4,5,1,2019,3,11
65.0,IMPERIAL GARDEN SEAFOOD RESTAURANT,2626 SAN BRUNO Ave,Unclean nonfood contact surfaces,1,2,8,1,2019,3,11
90.0,Sweet Lime Inc.,2100 SUTTER St,Moderate risk food holding temperature,2,6,3,1,2019,3,11
65.0,IMPERIAL GARDEN SEAFOOD RESTAURANT,2626 SAN BRUNO Ave,Sewage or wastewater contamination,3,2,8,1,2019,3,11
81.0,Frisco Fried,5176 03rd St,Food safety certificate or food handler card not available,1,9,6,1,2019,3,11
92.0,Liquor & Deli On Union Square,423 Stockton St,Insufficient hot water or running water,2,3,3,1,2019,3,11
90.0,Oasis Cafe,901 Divisadero St,Unapproved or unmaintained equipment or utensils,1,11,3,1,2019,3,11
98.0,Green Earth Natural Foods,860 DIVISADERO St,Unapproved or unmaintained equipment or utensils,1,11,1,1,2019,3,11
86.0,Manhattan Hub Inc,343 Sansome St Suite 140,Wiping cloths not clean or properly stored or inadequate sanitizer,1,3,4,1,2019,3,11
86.0,First Cake,5901 GEARY Blvd,Moderate risk food holding temperature,2,4,5,1,2019,3,11
88.0,Marketbar,1 Ferry Building #36,Noncompliance with shell fish tags or display,2,3,3,1,2019,3,11
81.0,DELICA,1 Ferry Building  #45,Improper thawing methods,2,3,6,1,2019,3,11
80.0,Irish Times Bar and Grill,500 Sacramento St,Unclean nonfood contact surfaces,1,3,4,1,2019,3,11
65.0,IMPERIAL GARDEN SEAFOOD RESTAURANT,2626 SAN BRUNO Ave,Unclean hands or improper use of gloves,3,2,8,1,2019,3,11
87.0,Calzone's,430 Columbus Ave,Improper cooling methods,3,3,3,1,2019,3,11
81.0,Frisco Fried,5176 03rd St,Foods not protected from contamination,2,9,6,1,2019,3,11
81.0,DELICA,1 Ferry Building  #45,No thermometers or uncalibrated thermometers,1,3,6,1,2019,3,11
65.0,IMPERIAL GARDEN SEAFOOD RESTAURANT,2626 SAN BRUNO Ave,Unclean or degraded floors walls or ceilings,1,2,8,1,2019,3,11
90.0,Oasis Cafe,901 Divisadero St,Inadequate and inaccessible handwashing facilities,2,11,3,1,2019,3,11
81.0,Frisco Fried,5176 03rd St,Wiping cloths not clean or properly stored or inadequate sanitizer,1,9,6,1,2019,3,11
65.0,IMPERIAL GARDEN SEAFOOD RESTAURANT,2626 SAN BRUNO Ave,Inadequately cleaned or sanitized food contact surfaces,2,2,8,1,2019,3,11
86.0,First Cake,5901 GEARY Blvd,Food safety certificate or food handler card not available,1,4,5,1,2019,3,11
96.0,DIANA MARKET #2,282 09th St,Inadequate and inaccessible handwashing facilities,2,10,1,1,2019,3,11
98.0,Edgewood Children's Center,1801 Vicente St,Unclean or degraded floors walls or ceilings,1,7,1,1,2019,3,11
90.0,Sweet Lime Inc.,2100 SUTTER St,Foods not protected from contamination,2,6,3,1,2019,3,11
88.0,Marketbar,1 Ferry Building #36,Moderate risk food holding temperature,2,3,3,1,2019,3,11
80.0,Irish Times Bar and Grill,500 Sacramento St,Unclean or unsanitary food contact surfaces,3,3,4,1,2019,3,11
81.0,DELICA,1 Ferry Building  #45,Improper storage of equipment utensils or linens,1,3,6,1,2019,3,11
96.0,Sens Restaurant,4 Embarcadero Center  Promenade Level,Food safety certificate or food handler card not available,1,3,2,1,2019,3,11
90.0,Oasis Cafe,901 Divisadero St,Inadequately cleaned or sanitized food contact surfaces,2,11,3,1,2019,3,11
92.0,Liquor & Deli On Union Square,423 Stockton St,Wiping cloths not clean or properly stored or inadequate sanitizer,1,3,3,1,2019,3,11
81.0,DELICA,1 Ferry Building  #45,High risk food holding temperature,3,3,6,1,2019,3,11
94.0,The Grove,690 Mission St,Inadequately cleaned or sanitized food contact surfaces,2,10,2,1,2019,3,11
65.0,IMPERIAL GARDEN SEAFOOD RESTAURANT,2626 SAN BRUNO Ave,Improper or defective plumbing,1,2,8,1,2019,3,11
87.0,Calzone's,430 Columbus Ave,Inadequately cleaned or sanitized food contact surfaces,2,3,3,1,2019,3,11
94.0,St. Ignatius,2001 37th Ave,Moderate risk vermin infestation,2,7,2,1,2019,3,11
98.0,UNIMART,1201 HOWARD St,Food safety certificate or food handler card not available,1,10,1,1,2019,3,11
85.0,Mixt Greens/Mixt,1 Market St,Moderate risk food holding temperature,2,10,6,1,2019,3,11
85.0,Mixt Greens/Mixt,1 Market St,Moderate risk food holding temperature,2,10,6,1,2019,3,11
85.0,Mixt Greens/Mixt,1 Market St,Foods not protected from contamination,2,10,6,1,2019,3,11
85.0,Mixt Greens/Mixt,1 Market St,Foods not protected from contamination,2,10,6,1,2019,3,11
85.0,Mixt Greens/Mixt,1 Market St,Improper cooling methods,3,10,6,1,2019,3,11
85.0,Mixt Greens/Mixt,1 Market St,Improper cooling methods,3,10,6,1,2019,3,11
100.0,STEVENSON ELEMENTARY SCHOOL,2051 34th Ave,NA,0,7,1,1,2019,3,11
100.0,Hog Island Oyster Co,1 Ferry Building #11A,NA,0,3,1,1,2019,3,11
87.0,CINDERELLA BAKERY & CAFE,0436 BALBOA St,Unclean hands or improper use of gloves,3,4,3,1,2019,3,12
86.0,Mijita,1 Ferry Building,Improper storage of equipment utensils or linens,1,3,15,1,2019,3,12
86.0,Mijita,1 Ferry Building,Improper storage of equipment utensils or linens,1,3,15,1,2019,3,12
86.0,Mijita,1 Ferry Building,Improper storage of equipment utensils or linens,1,3,15,1,2019,3,12
83.0,Cioppino's,400 Jefferson St,Improper or defective plumbing,1,6,4,1,2019,3,12
81.0,Roadhouse Cafe,5191 03rd St,Improper or defective plumbing,1,9,5,1,2019,3,12
75.0,Pride of the Mediterranean,1761 Fillmore St,Improper food storage,1,11,8,1,2019,3,12
75.0,Pride of the Mediterranean,1761 Fillmore St,Unapproved or unmaintained equipment or utensils,1,11,8,1,2019,3,12
86.0,Lee's Deli,550 California St,High risk food holding temperature,3,3,2,1,2019,3,12
75.0,Pride of the Mediterranean,1761 Fillmore St,Unclean or unsanitary food contact surfaces,3,11,8,1,2019,3,12
75.0,Pride of the Mediterranean,1761 Fillmore St,Food safety certificate or food handler card not available,1,11,8,1,2019,3,12
75.0,Pride of the Mediterranean,1761 Fillmore St,Moderate risk vermin infestation,2,11,8,1,2019,3,12
81.0,Roadhouse Cafe,5191 03rd St,High risk food holding temperature,3,9,5,1,2019,3,12
96.0,"Ritz-Carlton, SF -  P-37 Restaurant and Bar",600 Stockton St 4th Floor,Inadequate and inaccessible handwashing facilities,2,3,1,1,2019,3,12
83.0,Cioppino's,400 Jefferson St,Inadequately cleaned or sanitized food contact surfaces,2,6,4,1,2019,3,12
81.0,Roadhouse Cafe,5191 03rd St,Low risk vermin infestation,1,9,5,1,2019,3,12
86.0,Lee's Deli,550 California St,Unclean or unsanitary food contact surfaces,3,3,2,1,2019,3,12
91.0,Auntie April's,4618 03rd St,Unapproved or unmaintained equipment or utensils,1,9,2,1,2019,3,12
96.0,"LA MEDITERRANEE I, INC.",2210 FILLMORE St,Improper or defective plumbing,1,6,2,1,2019,3,12
87.0,CINDERELLA BAKERY & CAFE,0436 BALBOA St,Inadequate dressing rooms or improper storage of personal items,1,4,3,1,2019,3,12
96.0,STARBUCKS COFFEE #5646,455 MARKET St,Unapproved or unmaintained equipment or utensils,1,10,2,1,2019,3,12
86.0,Mijita,1 Ferry Building,Insufficient hot water or running water,2,3,15,1,2019,3,12
86.0,Mijita,1 Ferry Building,Insufficient hot water or running water,2,3,15,1,2019,3,12
86.0,Mijita,1 Ferry Building,Insufficient hot water or running water,2,3,15,1,2019,3,12
91.0,Auntie April's,4618 03rd St,High risk food holding temperature,3,9,2,1,2019,3,12
75.0,Pride of the Mediterranean,1761 Fillmore St,Unclean or degraded floors walls or ceilings,1,11,8,1,2019,3,12
81.0,Roadhouse Cafe,5191 03rd St,Inadequate and inaccessible handwashing facilities,2,9,5,1,2019,3,12
96.0,"LA MEDITERRANEE I, INC.",2210 FILLMORE St,Wiping cloths not clean or properly stored or inadequate sanitizer,1,6,2,1,2019,3,12
86.0,Mijita,1 Ferry Building,Moderate risk food holding temperature,2,3,15,1,2019,3,12
86.0,Mijita,1 Ferry Building,Moderate risk food holding temperature,2,3,15,1,2019,3,12
86.0,Mijita,1 Ferry Building,Moderate risk food holding temperature,2,3,15,1,2019,3,12
83.0,Cioppino's,400 Jefferson St,High risk food holding temperature,3,6,4,1,2019,3,12
93.0,Peasant Pies,1039 IRVING St,Improper cooling methods,3,11,1,1,2019,3,12
98.0,Tricolore Caffe' and Pizzeria,590 Washington St,Food safety certificate or food handler card not available,1,3,1,1,2019,3,12
86.0,Mijita,1 Ferry Building,Unclean nonfood contact surfaces,1,3,15,1,2019,3,12
86.0,Mijita,1 Ferry Building,Unclean nonfood contact surfaces,1,3,15,1,2019,3,12
86.0,Mijita,1 Ferry Building,Unclean nonfood contact surfaces,1,3,15,1,2019,3,12
83.0,Cioppino's,400 Jefferson St,Insufficient hot water or running water,2,6,4,1,2019,3,12
87.0,CINDERELLA BAKERY & CAFE,0436 BALBOA St,Improper thawing methods,2,4,3,1,2019,3,12
96.0,STARBUCKS COFFEE #5646,455 MARKET St,Unclean or degraded floors walls or ceilings,1,10,2,1,2019,3,12
75.0,Pride of the Mediterranean,1761 Fillmore St,Moderate risk food holding temperature,2,11,8,1,2019,3,12
81.0,Roadhouse Cafe,5191 03rd St,Inadequately cleaned or sanitized food contact surfaces,2,9,5,1,2019,3,12
86.0,Mijita,1 Ferry Building,Wiping cloths not clean or properly stored or inadequate sanitizer,1,3,15,1,2019,3,12
86.0,Mijita,1 Ferry Building,Wiping cloths not clean or properly stored or inadequate sanitizer,1,3,15,1,2019,3,12
86.0,Mijita,1 Ferry Building,Wiping cloths not clean or properly stored or inadequate sanitizer,1,3,15,1,2019,3,12
75.0,Pride of the Mediterranean,1761 Fillmore St,Improper or defective plumbing,1,11,8,1,2019,3,12
86.0,Kama Sushi Soma,294 09th St,Food safety certificate or food handler card not available,1,10,5,1,2019,3,12
87.0,Mixt Greens/Mixt,475 Sansome St  100-S,Unclean or degraded floors walls or ceilings,1,3,3,1,2019,3,12
93.0,Sidekick,1 Ferry Building  #19,Unclean or unsanitary food contact surfaces,3,3,1,1,2019,3,12
81.0,Capurro's,498 Jefferson St,Unapproved or unmaintained equipment or utensils,1,6,5,1,2019,3,12
86.0,Kama Sushi Soma,294 09th St,Inadequate dressing rooms or improper storage of personal items,1,10,5,1,2019,3,12
88.0,Pacific Street Fish Market,1199 Stockton St #E,Foods not protected from contamination,2,3,3,1,2019,3,12
81.0,Capurro's,498 Jefferson St,Insufficient hot water or running water,2,6,5,1,2019,3,12
87.0,Mixt Greens/Mixt,475 Sansome St  100-S,High risk food holding temperature,3,3,3,1,2019,3,12
88.0,Pacific Street Fish Market,1199 Stockton St #E,Inadequately cleaned or sanitized food contact surfaces,2,3,3,1,2019,3,12
81.0,Capurro's,498 Jefferson St,Improper cooling methods,3,6,5,1,2019,3,12
86.0,Kama Sushi Soma,294 09th St,Improper storage use or identification of toxic substances,1,10,5,1,2019,3,12
81.0,Capurro's,498 Jefferson St,Improper food storage,1,6,5,1,2019,3,12
88.0,Pacific Street Fish Market,1199 Stockton St #E,Inadequate and inaccessible handwashing facilities,2,3,3,1,2019,3,12
87.0,Mixt Greens/Mixt,475 Sansome St  100-S,Inadequate and inaccessible handwashing facilities,2,3,3,1,2019,3,12
86.0,Kama Sushi Soma,294 09th St,Inadequately cleaned or sanitized food contact surfaces,2,10,5,1,2019,3,12
86.0,Kama Sushi Soma,294 09th St,Inadequate procedures or records for time as a public health control,2,10,5,1,2019,3,12
81.0,Capurro's,498 Jefferson St,Moderate risk food holding temperature,2,6,5,1,2019,3,12
100.0,Ritz-Carlton SF - Employee Cafeteria,600 Stockton St 2nd Floor,NA,0,3,1,1,2019,3,12
88.0,SANRAKU,101 04th St 1/F,Moderate risk food holding temperature,2,10,4,1,2019,3,13
80.0,TSING TAO RESTAURANT,3107 CLEMENT St,Improper storage of equipment utensils or linens,1,4,4,1,2019,3,13
88.0,SANRAKU,101 04th St 1/F,Unclean or degraded floors walls or ceilings,1,10,4,1,2019,3,13
92.0,RINCON PERUANO RESTAURANT,3364 26th St,Moderate risk food holding temperature,2,2,3,1,2019,3,13
77.0,GRAND 7 LIQUOR & DELI,1740A Cesar Chavez St,Unclean hands or improper use of gloves,3,9,7,1,2019,3,13
77.0,GRAND 7 LIQUOR & DELI,1740A Cesar Chavez St,Moderate risk food holding temperature,2,9,7,1,2019,3,13
91.0,Cybelle's Front Room,1385 09th Ave,Inadequate dressing rooms or improper storage of personal items,1,7,2,1,2019,3,13
80.0,TSING TAO RESTAURANT,3107 CLEMENT St,Unclean or unsanitary food contact surfaces,3,4,4,1,2019,3,13
87.0,JUMP START COFFEE & GROCERY,1192 GUERRERO St,Inadequate food safety knowledge or lack of certified food safety manager,2,5,3,1,2019,3,13
80.0,TSING TAO RESTAURANT,3107 CLEMENT St,Improper thawing methods,2,4,4,1,2019,3,13
88.0,SANRAKU,101 04th St 1/F,Inadequately cleaned or sanitized food contact surfaces,2,10,4,1,2019,3,13
92.0,Brendas Meat & Three,919 DIVISADERO ST,Improper food storage,1,11,3,1,2019,3,13
77.0,GRAND 7 LIQUOR & DELI,1740A Cesar Chavez St,Unapproved or unmaintained equipment or utensils,1,9,7,1,2019,3,13
87.0,JUMP START COFFEE & GROCERY,1192 GUERRERO St,Low risk vermin infestation,1,5,3,1,2019,3,13
80.0,TSING TAO RESTAURANT,3107 CLEMENT St,Unclean hands or improper use of gloves,3,4,4,1,2019,3,13
96.0,Sunset Bakery,1410 09th Ave,Moderate risk food holding temperature,2,7,1,1,2019,3,13
92.0,Brendas Meat & Three,919 DIVISADERO ST,Unapproved or unmaintained equipment or utensils,1,11,3,1,2019,3,13
77.0,GRAND 7 LIQUOR & DELI,1740A Cesar Chavez St,Food safety certificate or food handler card not available,1,9,7,1,2019,3,13
88.0,SANRAKU,101 04th St 1/F,Unclean nonfood contact surfaces,1,10,4,1,2019,3,13
92.0,RINCON PERUANO RESTAURANT,3364 26th St,Inadequate dressing rooms or improper storage of personal items,1,2,3,1,2019,3,13
91.0,Cybelle's Front Room,1385 09th Ave,High risk food holding temperature,3,7,2,1,2019,3,13
87.0,JUMP START COFFEE & GROCERY,1192 GUERRERO St,High risk food holding temperature,3,5,3,1,2019,3,13
77.0,GRAND 7 LIQUOR & DELI,1740A Cesar Chavez St,Inadequate dressing rooms or improper storage of personal items,1,9,7,1,2019,3,13
77.0,GRAND 7 LIQUOR & DELI,1740A Cesar Chavez St,Foods not protected from contamination,2,9,7,1,2019,3,13
92.0,Brendas Meat & Three,919 DIVISADERO ST,Inadequately cleaned or sanitized food contact surfaces,2,11,3,1,2019,3,13
92.0,RINCON PERUANO RESTAURANT,3364 26th St,Unapproved or unmaintained equipment or utensils,1,2,3,1,2019,3,13
77.0,GRAND 7 LIQUOR & DELI,1740A Cesar Chavez St,Unclean nonfood contact surfaces,1,9,7,1,2019,3,13
82.0,Sushi Taka,600 Kearny St,Improper thawing methods,2,3,3,1,2019,3,13
88.0,Freshroll,157 04th St,Unclean nonfood contact surfaces,1,10,4,1,2019,3,13
88.0,Freshroll,157 04th St,Moderate risk food holding temperature,2,10,4,1,2019,3,13
82.0,Sushi Taka,600 Kearny St,Unclean or unsanitary food contact surfaces,3,3,3,1,2019,3,13
94.0,Sorabol Metreon,135 04th St FC-3,Wiping cloths not clean or properly stored or inadequate sanitizer,1,6,2,1,2019,3,13
91.0,Giordano Bros.,3108 16th St,Unapproved or unmaintained equipment or utensils,1,5,2,1,2019,3,13
88.0,Freshroll,157 04th St,Inadequate and inaccessible handwashing facilities,2,10,4,1,2019,3,13
94.0,Sorabol Metreon,135 04th St FC-3,Moderate risk food holding temperature,2,6,2,1,2019,3,13
91.0,Giordano Bros.,3108 16th St,High risk food holding temperature,3,5,2,1,2019,3,13
98.0,Mission dolores Academy,3371 16th St,Food safety certificate or food handler card not available,1,5,1,1,2019,3,13
82.0,Sushi Taka,600 Kearny St,High risk food holding temperature,3,3,3,1,2019,3,13
88.0,Freshroll,157 04th St,Unclean or degraded floors walls or ceilings,1,10,4,1,2019,3,13
100.0,Castro Village Wine Co.,4119 19th St,NA,0,5,1,1,2019,3,13
100.0,COURTYARD BY MARRIOTT-STAFF KITCHEN,299 02nd St,NA,0,10,2,1,2019,3,14
88.0,NAPOLI PIZZA RESTAURANT,1045 POLK St,Low risk vermin infestation,1,3,5,1,2019,3,14
77.0,Subway Sandwiches #34341,11 03rd St,Unclean hands or improper use of gloves,3,10,6,1,2019,3,14
87.0,Imperial Tea Court,1 Ferry Building #27,Contaminated or adulterated food,3,3,3,1,2019,3,14
96.0,Church Street Grocery,300 CHURCH St,Foods not protected from contamination,2,5,1,1,2019,3,14
88.0,Zaytoon,1136 Valencia St,Improper storage of equipment utensils or linens,1,5,5,1,2019,3,14
85.0,KIMOCHI INC,1840 SUTTER St 208,Moderate risk vermin infestation,2,11,4,1,2019,3,14
87.0,Imperial Tea Court,1 Ferry Building #27,Insufficient hot water or running water,2,3,3,1,2019,3,14
87.0,Balboa Teriyaki,3536 BALBOA St,Moderate risk vermin infestation,2,4,3,1,2019,3,14
92.0,Tony's Pizza,1570 Stockton St,Improper storage use or identification of toxic substances,1,3,3,1,2019,3,14
94.0,Terroir,81 Langton St,Inadequately cleaned or sanitized food contact surfaces,2,10,2,1,2019,3,14
81.0,Las Isletas,4508 03rd St,Moderate risk food holding temperature,2,9,5,1,2019,3,14
77.0,Subway Sandwiches #34341,11 03rd St,Inadequate food safety knowledge or lack of certified food safety manager,2,10,6,1,2019,3,14
77.0,Subway Sandwiches #34341,11 03rd St,Employee eating or smoking,2,10,6,1,2019,3,14
81.0,Las Isletas,4508 03rd St,Improper cooling methods,3,9,5,1,2019,3,14
81.0,Las Isletas,4508 03rd St,Unclean or degraded floors walls or ceilings,1,9,5,1,2019,3,14
88.0,NAPOLI PIZZA RESTAURANT,1045 POLK St,Permit license or inspection report not posted,1,3,5,1,2019,3,14
87.0,La Mar Cebicheria Peruana,Pier 1.5,Improper cooling methods,3,6,3,1,2019,3,14
87.0,Imperial Tea Court,1 Ferry Building #27,Improper storage of equipment utensils or linens,1,3,3,1,2019,3,14
92.0,Tony's Pizza,1570 Stockton St,Improper food storage,1,3,3,1,2019,3,14
77.0,Subway Sandwiches #34341,11 03rd St,Unapproved or unmaintained equipment or utensils,1,10,6,1,2019,3,14
93.0,COURTYARD BY MARRIOTT-RESTAURANT,299 02nd St,Unclean or unsanitary food contact surfaces,3,10,2,1,2019,3,14
88.0,Zaytoon,1136 Valencia St,Unclean nonfood contact surfaces,1,5,5,1,2019,3,14
96.0,Sammy's on 2nd,84 02nd St,Moderate risk vermin infestation,2,10,1,1,2019,3,14
98.0,Starbucks,5 03rd St,Unclean or degraded floors walls or ceilings,1,10,1,1,2019,3,14
87.0,La Mar Cebicheria Peruana,Pier 1.5,Inadequate and inaccessible handwashing facilities,2,6,3,1,2019,3,14
88.0,Zaytoon,1136 Valencia St,Wiping cloths not clean or properly stored or inadequate sanitizer,1,5,5,1,2019,3,14
81.0,Las Isletas,4508 03rd St,Unapproved or unmaintained equipment or utensils,1,9,5,1,2019,3,14
91.0,AMERICANA GRILL & FOUNTAIN,3532 BALBOA St,Improper cooling methods,3,4,2,1,2019,3,14
88.0,NAPOLI PIZZA RESTAURANT,1045 POLK St,Unapproved or unmaintained equipment or utensils,1,3,5,1,2019,3,14
88.0,NAPOLI PIZZA RESTAURANT,1045 POLK St,Improper food storage,1,3,5,1,2019,3,14
85.0,KIMOCHI INC,1840 SUTTER St 208,Improper or defective plumbing,1,11,4,1,2019,3,14
92.0,Tony's Pizza,1570 Stockton St,Inadequately cleaned or sanitized food contact surfaces,2,3,3,1,2019,3,14
77.0,Subway Sandwiches #34341,11 03rd St,No person in charge of food facility,1,10,6,1,2019,3,14
88.0,Zaytoon,1136 Valencia St,Low risk vermin infestation,1,5,5,1,2019,3,14
87.0,Balboa Teriyaki,3536 BALBOA St,High risk food holding temperature,3,4,3,1,2019,3,14
87.0,Balboa Teriyaki,3536 BALBOA St,Wiping cloths not clean or properly stored or inadequate sanitizer,1,4,3,1,2019,3,14
94.0,Terroir,81 Langton St,Unclean or degraded floors walls or ceilings,1,10,2,1,2019,3,14
87.0,La Mar Cebicheria Peruana,Pier 1.5,Unapproved or unmaintained equipment or utensils,1,6,3,1,2019,3,14
81.0,Las Isletas,4508 03rd St,Moderate risk vermin infestation,2,9,5,1,2019,3,14
88.0,NAPOLI PIZZA RESTAURANT,1045 POLK St,Moderate risk food holding temperature,2,3,5,1,2019,3,14
91.0,AMERICANA GRILL & FOUNTAIN,3532 BALBOA St,Low risk vermin infestation,1,4,2,1,2019,3,14
77.0,Subway Sandwiches #34341,11 03rd St,Moderate risk food holding temperature,2,10,6,1,2019,3,14
85.0,KIMOCHI INC,1840 SUTTER St 208,Improper cooling methods,3,11,4,1,2019,3,14
88.0,Zaytoon,1136 Valencia St,Insufficient hot water or running water,2,5,5,1,2019,3,14
85.0,KIMOCHI INC,1840 SUTTER St 208,Wiping cloths not clean or properly stored or inadequate sanitizer,1,11,4,1,2019,3,14
92.0,Tupelo,1337 Grant Ave,Moderate risk food holding temperature,2,3,2,1,2019,3,14
92.0,Tupelo,1337 Grant Ave,Inadequately cleaned or sanitized food contact surfaces,2,3,2,1,2019,3,14
69.0,Thee Parkside,1600 17th St,Improper or defective plumbing,1,9,9,1,2019,3,15
85.0,Mel's Drive-In,833 MISSION St,Improper or defective plumbing,1,10,4,1,2019,3,15
92.0,SUBWAY #31419,2599 SAN BRUNO Ave,Inadequate dressing rooms or improper storage of personal items,1,2,3,1,2019,3,15
92.0,Cafe Bean,800 Sutter St,Improper food storage,1,3,3,1,2019,3,15
69.0,Thee Parkside,1600 17th St,Inadequate food safety knowledge or lack of certified food safety manager,2,9,9,1,2019,3,15
86.0,CALIFORNIA TENNIS CLUB,1770 Scott St,Low risk vermin infestation,1,6,4,1,2019,3,15
69.0,Thee Parkside,1600 17th St,No thermometers or uncalibrated thermometers,1,9,9,1,2019,3,15
85.0,Local Roots Leidesdorff,70 Leidesdorff St,Inadequate and inaccessible handwashing facilities,2,3,3,1,2019,3,15
94.0,PIZZA HUT #758280,728 GEARY St,Inadequately cleaned or sanitized food contact surfaces,2,10,2,1,2019,3,15
86.0,CALIFORNIA TENNIS CLUB,1770 Scott St,Inadequately cleaned or sanitized food contact surfaces,2,6,4,1,2019,3,15
69.0,Thee Parkside,1600 17th St,Foods not protected from contamination,2,9,9,1,2019,3,15
85.0,Mel's Drive-In,833 MISSION St,Unclean or degraded floors walls or ceilings,1,10,4,1,2019,3,15
69.0,Thee Parkside,1600 17th St,Moderate risk food holding temperature,2,9,9,1,2019,3,15
92.0,SUBWAY #31419,2599 SAN BRUNO Ave,Permit license or inspection report not posted,1,2,3,1,2019,3,15
92.0,Cafe Bean,800 Sutter St,Inadequate and inaccessible handwashing facilities,2,3,3,1,2019,3,15
85.0,Local Roots Leidesdorff,70 Leidesdorff St,High risk food holding temperature,3,3,3,1,2019,3,15
94.0,PIZZA HUT #758280,728 GEARY St,Unclean nonfood contact surfaces,1,10,2,1,2019,3,15
86.0,CALIFORNIA TENNIS CLUB,1770 Scott St,Moderate risk food holding temperature,2,6,4,1,2019,3,15
85.0,Local Roots Leidesdorff,70 Leidesdorff St,Foods not protected from contamination,2,3,3,1,2019,3,15
69.0,Thee Parkside,1600 17th St,Unclean or degraded floors walls or ceilings,1,9,9,1,2019,3,15
69.0,Thee Parkside,1600 17th St,Unapproved or unmaintained equipment or utensils,1,9,9,1,2019,3,15
85.0,Mel's Drive-In,833 MISSION St,Moderate risk vermin infestation,2,10,4,1,2019,3,15
96.0,Angel Cafe and Deli,700 Geary St,Inadequately cleaned or sanitized food contact surfaces,2,10,1,1,2019,3,15
69.0,Thee Parkside,1600 17th St,Inadequately cleaned or sanitized food contact surfaces,2,9,9,1,2019,3,15
86.0,CALIFORNIA TENNIS CLUB,1770 Scott St,Foods not protected from contamination,2,6,4,1,2019,3,15
92.0,Cafe Bean,800 Sutter St,Unapproved or unmaintained equipment or utensils,1,3,3,1,2019,3,15
85.0,Mel's Drive-In,833 MISSION St,High risk food holding temperature,3,10,4,1,2019,3,15
69.0,Thee Parkside,1600 17th St,Improper reheating of food,3,9,9,1,2019,3,15
92.0,SUBWAY #31419,2599 SAN BRUNO Ave,Moderate risk vermin infestation,2,2,3,1,2019,3,15
88.0,5 Degree Tea House,2527 SAN BRUNO Ave,Moderate risk food holding temperature,2,2,4,1,2019,3,15
88.0,5 Degree Tea House,2527 SAN BRUNO Ave,Unapproved or unmaintained equipment or utensils,1,2,4,1,2019,3,15
88.0,5 Degree Tea House,2527 SAN BRUNO Ave,Unsanitary employee garments hair or nails,1,2,4,1,2019,3,15
88.0,5 Degree Tea House,2527 SAN BRUNO Ave,Inadequate food safety knowledge or lack of certified food safety manager,2,2,4,1,2019,3,15
96.0,Coqueta,Pier 5,Inadequately cleaned or sanitized food contact surfaces,2,3,1,1,2019,3,15
92.0,Don Pisto Restaurants LLC,510 Union St,Improper or defective plumbing,1,3,4,1,2019,3,18
87.0,YANK SING RESTAURANT,101 SPEAR St A-16,Unapproved or unmaintained equipment or utensils,1,10,3,1,2019,3,18
98.0,MANN MIDDLE SCHOOL,3351 23rd St,Low risk vermin infestation,1,2,1,1,2019,3,18
78.0,Great India Restaurant,6127 GEARY Blvd,Inadequate and inaccessible handwashing facilities,2,4,4,1,2019,3,18
90.0,MORNING DUE,3698 17th St,Moderate risk food holding temperature,2,5,3,1,2019,3,18
87.0,YANK SING RESTAURANT,101 SPEAR St A-16,Moderate risk food holding temperature,2,10,3,1,2019,3,18
77.0,LA ALTENA,3346 MISSION St,Improper thawing methods,2,2,6,1,2019,3,18
92.0,Don Pisto Restaurants LLC,510 Union St,Low risk vermin infestation,1,3,4,1,2019,3,18
90.0,MORNING DUE,3698 17th St,Inadequate food safety knowledge or lack of certified food safety manager,2,5,3,1,2019,3,18
77.0,LA ALTENA,3346 MISSION St,Improper cooling methods,3,2,6,1,2019,3,18
78.0,Great India Restaurant,6127 GEARY Blvd,Improper cooling methods,3,4,4,1,2019,3,18
96.0,Kaiser Permanente Nutrition - 5th floor,2425 Geary Blvd,Insufficient hot water or running water,2,6,16,1,2019,3,18
96.0,Kaiser Permanente Nutrition - 5th floor,2425 Geary Blvd,Insufficient hot water or running water,2,6,16,1,2019,3,18
96.0,Kaiser Permanente Nutrition - 5th floor,2425 Geary Blvd,Insufficient hot water or running water,2,6,16,1,2019,3,18
96.0,Kaiser Permanente Nutrition - 5th floor,2425 Geary Blvd,Insufficient hot water or running water,2,6,16,1,2019,3,18
90.0,MORNING DUE,3698 17th St,Low risk vermin infestation,1,5,3,1,2019,3,18
77.0,LA ALTENA,3346 MISSION St,Unapproved or unmaintained equipment or utensils,1,2,6,1,2019,3,18
78.0,Great India Restaurant,6127 GEARY Blvd,Inadequate food safety knowledge or lack of certified food safety manager,2,4,4,1,2019,3,18
92.0,Don Pisto Restaurants LLC,510 Union St,Unapproved or unmaintained equipment or utensils,1,3,4,1,2019,3,18
77.0,LA ALTENA,3346 MISSION St,Moderate risk food holding temperature,2,2,6,1,2019,3,18
77.0,LA ALTENA,3346 MISSION St,Wiping cloths not clean or properly stored or inadequate sanitizer,1,2,6,1,2019,3,18
92.0,Don Pisto Restaurants LLC,510 Union St,Improper food storage,1,3,4,1,2019,3,18
87.0,YANK SING RESTAURANT,101 SPEAR St A-16,Improper cooling methods,3,10,3,1,2019,3,18
78.0,Great India Restaurant,6127 GEARY Blvd,High risk vermin infestation,3,4,4,1,2019,3,18
77.0,LA ALTENA,3346 MISSION St,Inadequate food safety knowledge or lack of certified food safety manager,2,2,6,1,2019,3,18
100.0,Hornblower Cruises & Events/Hornblower-Santa Rosa,Pier 3  The Embarcadero,NA,0,3,1,1,2019,3,18
81.0,Pete's Deli & Cafe,1661 Divisadero St,Low risk vermin infestation,1,11,6,1,2019,3,19
92.0,Subway #33355,750 FONT Blvd,Moderate risk food holding temperature,2,8,3,1,2019,3,19
88.0,TIO CHILOS GRILL,2872 24th St,Unclean or degraded floors walls or ceilings,1,2,6,1,2019,3,19
92.0,DON RAMON,225 11th St,Inadequate dressing rooms or improper storage of personal items,1,10,3,1,2019,3,19
90.0,Hornblower Hospitality Svcs/MV Calif. Hornblower,Pier 3 The Embarcadero,Inadequate warewashing facilities or equipment,1,3,3,1,2019,3,19
85.0,Club Mari's,1581 Webster St #240,High risk vermin infestation,3,11,4,1,2019,3,19
92.0,SEAKOR DELI,5957 GEARY Blvd,Improper food storage,1,4,3,1,2019,3,19
88.0,MASON DINER,320 Mason St,Moderate risk food holding temperature,2,3,4,1,2019,3,19
72.0,LO-COST MEAT MARKET #2,2918 24th St,High risk vermin infestation,3,2,7,1,2019,3,19
86.0,BAYSIDE COFFEE SHOP,2011 BAYSHORE Blvd,Wiping cloths not clean or properly stored or inadequate sanitizer,1,9,4,1,2019,3,19
92.0,LELENITA'S CAKES,3743 MISSION St,Inadequately cleaned or sanitized food contact surfaces,2,2,3,1,2019,3,19
81.0,Pete's Deli & Cafe,1661 Divisadero St,Improper food storage,1,11,6,1,2019,3,19
82.0,Hornblower Cruises & Events/SF Spirit,"Pier 3, The Embarcadero",Inadequate sewage or wastewater disposal,2,3,5,1,2019,3,19
82.0,Hornblower Cruises & Events/SF Spirit,"Pier 3, The Embarcadero",Inadequate warewashing facilities or equipment,1,3,5,1,2019,3,19
88.0,Hornblower Cruises & Events/SF Belle,Pier 3,Foods not protected from contamination,2,3,4,1,2019,3,19
81.0,Pete's Deli & Cafe,1661 Divisadero St,Moderate risk food holding temperature,2,11,6,1,2019,3,19
86.0,BAYSIDE COFFEE SHOP,2011 BAYSHORE Blvd,Inadequate and inaccessible handwashing facilities,2,9,4,1,2019,3,19
90.0,Hornblower Hospitality Svcs/MV Calif. Hornblower,Pier 3 The Embarcadero,Inadequately cleaned or sanitized food contact surfaces,2,3,3,1,2019,3,19
88.0,TIO CHILOS GRILL,2872 24th St,Improper food storage,1,2,6,1,2019,3,19
88.0,MASON DINER,320 Mason St,Unclean or degraded floors walls or ceilings,1,3,4,1,2019,3,19
98.0,Zaida T. Rodriguez (ZTR) Child Development Center,2950  Mission St,Food safety certificate or food handler card not available,1,2,1,1,2019,3,19
72.0,LO-COST MEAT MARKET #2,2918 24th St,Unclean hands or improper use of gloves,3,2,7,1,2019,3,19
88.0,TIO CHILOS GRILL,2872 24th St,Improper storage of equipment utensils or linens,1,2,6,1,2019,3,19
88.0,TIO CHILOS GRILL,2872 24th St,Wiping cloths not clean or properly stored or inadequate sanitizer,1,2,6,1,2019,3,19
72.0,LO-COST MEAT MARKET #2,2918 24th St,Unclean or degraded floors walls or ceilings,1,2,7,1,2019,3,19
92.0,LELENITA'S CAKES,3743 MISSION St,Unapproved or unmaintained equipment or utensils,1,2,3,1,2019,3,19
85.0,Club Mari's,1581 Webster St #240,Unapproved or unmaintained equipment or utensils,1,11,4,1,2019,3,19
94.0,Cafe Enchante,6157 GEARY Blvd,Unapproved or unmaintained equipment or utensils,1,4,2,1,2019,3,19
92.0,DON RAMON,225 11th St,Low risk vermin infestation,1,10,3,1,2019,3,19
72.0,LO-COST MEAT MARKET #2,2918 24th St,Permit license or inspection report not posted,1,2,7,1,2019,3,19
82.0,Hornblower Cruises & Events/SF Spirit,"Pier 3, The Embarcadero",Insufficient hot water or running water,2,3,5,1,2019,3,19
88.0,Hornblower Cruises & Events/SF Belle,Pier 3,Improper or defective plumbing,1,3,4,1,2019,3,19
92.0,SEAKOR DELI,5957 GEARY Blvd,Low risk vermin infestation,1,4,3,1,2019,3,19
81.0,Pete's Deli & Cafe,1661 Divisadero St,Unclean or unsanitary food contact surfaces,3,11,6,1,2019,3,19
91.0,McCormick & Kuleto's Seafood Restaunt,900 North Point St,Unapproved or unmaintained equipment or utensils,1,6,2,1,2019,3,19
88.0,Hornblower Cruises & Events/SF Belle,Pier 3,Inadequate warewashing facilities or equipment,1,3,4,1,2019,3,19
88.0,MASON DINER,320 Mason St,Unclean nonfood contact surfaces,1,3,4,1,2019,3,19
82.0,Hornblower Cruises & Events/SF Spirit,"Pier 3, The Embarcadero",Moderate risk food holding temperature,2,3,5,1,2019,3,19
92.0,Subway #33355,750 FONT Blvd,Food safety certificate or food handler card not available,1,8,3,1,2019,3,19
86.0,BAYSIDE COFFEE SHOP,2011 BAYSHORE Blvd,Moderate risk food holding temperature,2,9,4,1,2019,3,19
92.0,DON RAMON,225 11th St,Inadequate and inaccessible handwashing facilities,2,10,3,1,2019,3,19
88.0,TIO CHILOS GRILL,2872 24th St,Inadequate ventilation or lighting,1,2,6,1,2019,3,19
72.0,LO-COST MEAT MARKET #2,2918 24th St,Unclean nonfood contact surfaces,1,2,7,1,2019,3,19
85.0,Club Mari's,1581 Webster St #240,Moderate risk food holding temperature,2,11,4,1,2019,3,19
92.0,LELENITA'S CAKES,3743 MISSION St,Unclean or degraded floors walls or ceilings,1,2,3,1,2019,3,19
88.0,Hornblower Cruises & Events/SF Belle,Pier 3,Inadequately cleaned or sanitized food contact surfaces,2,3,4,1,2019,3,19
82.0,Hornblower Cruises & Events/SF Spirit,"Pier 3, The Embarcadero",Inadequately cleaned or sanitized food contact surfaces,2,3,5,1,2019,3,19
81.0,Pete's Deli & Cafe,1661 Divisadero St,Unclean or degraded floors walls or ceilings,1,11,6,1,2019,3,19
91.0,McCormick & Kuleto's Seafood Restaunt,900 North Point St,High risk food holding temperature,3,6,2,1,2019,3,19
90.0,Hornblower Hospitality Svcs/MV Calif. Hornblower,Pier 3 The Embarcadero,Inadequate and inaccessible handwashing facilities,2,3,3,1,2019,3,19
86.0,BAYSIDE COFFEE SHOP,2011 BAYSHORE Blvd,Foods not protected from contamination,2,9,4,1,2019,3,19
88.0,TIO CHILOS GRILL,2872 24th St,Unclean nonfood contact surfaces,1,2,6,1,2019,3,19
81.0,Pete's Deli & Cafe,1661 Divisadero St,Food safety certificate or food handler card not available,1,11,6,1,2019,3,19
94.0,Cafe Enchante,6157 GEARY Blvd,Moderate risk vermin infestation,2,4,2,1,2019,3,19
72.0,LO-COST MEAT MARKET #2,2918 24th St,Inadequately cleaned or sanitized food contact surfaces,2,2,7,1,2019,3,19
92.0,Subway #33355,750 FONT Blvd,Wiping cloths not clean or properly stored or inadequate sanitizer,1,8,3,1,2019,3,19
88.0,MASON DINER,320 Mason St,Improper thawing methods,2,3,4,1,2019,3,19
92.0,SEAKOR DELI,5957 GEARY Blvd,Inadequate and inaccessible handwashing facilities,2,4,3,1,2019,3,19
85.0,Club Mari's,1581 Webster St #240,Permit license or inspection report not posted,1,11,4,1,2019,3,19
98.0,O'CONNELL HIGH SCHOOL,2355 FOLSOM St,Low risk vermin infestation,1,2,1,1,2019,3,19
72.0,LO-COST MEAT MARKET #2,2918 24th St,Other moderate risk violation,2,2,7,1,2019,3,19
87.0,Mixt Greens/Mixt,560 Mission St Suite 125,High risk food holding temperature,3,10,3,1,2019,3,19
87.0,Mixt Greens/Mixt,560 Mission St Suite 125,Inadequate procedures or records for time as a public health control,2,10,3,1,2019,3,19
87.0,Mixt Greens/Mixt,560 Mission St Suite 125,Unapproved or unmaintained equipment or utensils,1,10,3,1,2019,3,19
100.0,TAZA WRAPS & JUICE,"750 FONT, BLDG B Blvd",NA,0,8,1,1,2019,3,19
100.0,Zaida T. Rodriguez (ZTR) Annex Child Development Center,421  BARTLETT St,NA,0,2,1,1,2019,3,19
77.0,New Ocean Seafood & Produce,838 Jackson St,Moderate risk food holding temperature,2,3,5,1,2019,3,20
88.0,Punjab Restaurant,2838 24th St,Moderate risk food holding temperature,2,2,4,1,2019,3,20
88.0,LA GALLINITA,2989 24th St,Inadequately cleaned or sanitized food contact surfaces,2,2,4,1,2019,3,20
85.0,New Mangia Tutti Ristorante,635 Clay St,Unclean hands or improper use of gloves,3,3,3,1,2019,3,20
92.0,Specialty's Cafe & Bakery,150 SPEAR St,Unclean or degraded floors walls or ceilings,1,10,3,1,2019,3,20
74.0,Gourmet Delight,1045 Stockton St,Moderate risk vermin infestation,2,3,9,1,2019,3,20
74.0,Gourmet Delight,1045 Stockton St,Unclean nonfood contact surfaces,1,3,9,1,2019,3,20
77.0,New Ocean Seafood & Produce,838 Jackson St,Unclean hands or improper use of gloves,3,3,5,1,2019,3,20
77.0,New Ocean Seafood & Produce,838 Jackson St,Inadequate and inaccessible handwashing facilities,2,3,5,1,2019,3,20
88.0,LA GALLINITA,2989 24th St,Moderate risk vermin infestation,2,2,4,1,2019,3,20
74.0,Gourmet Delight,1045 Stockton St,Unclean or degraded floors walls or ceilings,1,3,9,1,2019,3,20
88.0,Punjab Restaurant,2838 24th St,Moderate risk vermin infestation,2,2,4,1,2019,3,20
92.0,Specialty's Cafe & Bakery,150 SPEAR St,Inadequate procedures or records for time as a public health control,2,10,3,1,2019,3,20
74.0,Gourmet Delight,1045 Stockton St,Wiping cloths not clean or properly stored or inadequate sanitizer,1,3,9,1,2019,3,20
96.0,Laureate,488 PRESIDIO Ave,Inadequately cleaned or sanitized food contact surfaces,2,6,1,1,2019,3,20
74.0,Gourmet Delight,1045 Stockton St,Improper food storage,1,3,9,1,2019,3,20
85.0,New Mangia Tutti Ristorante,635 Clay St,Moderate risk food holding temperature,2,3,3,1,2019,3,20
88.0,LA GALLINITA,2989 24th St,Unclean nonfood contact surfaces,1,2,4,1,2019,3,20
74.0,Gourmet Delight,1045 Stockton St,Moderate risk food holding temperature,2,3,9,1,2019,3,20
74.0,Gourmet Delight,1045 Stockton St,Inadequate and inaccessible handwashing facilities,2,3,9,1,2019,3,20
77.0,New Ocean Seafood & Produce,838 Jackson St,Inadequately cleaned or sanitized food contact surfaces,2,3,5,1,2019,3,20
88.0,Punjab Restaurant,2838 24th St,Unclean nonfood contact surfaces,1,2,4,1,2019,3,20
85.0,New Mangia Tutti Ristorante,635 Clay St,Inadequately cleaned or sanitized food contact surfaces,2,3,3,1,2019,3,20
77.0,New Ocean Seafood & Produce,838 Jackson St,Foods not protected from contamination,2,3,5,1,2019,3,20
74.0,Gourmet Delight,1045 Stockton St,Improper storage of equipment utensils or linens,1,3,9,1,2019,3,20
88.0,Punjab Restaurant,2838 24th St,Unclean or degraded floors walls or ceilings,1,2,4,1,2019,3,20
92.0,Specialty's Cafe & Bakery,150 SPEAR St,Food safety certificate or food handler card not available,1,10,3,1,2019,3,20
74.0,Gourmet Delight,1045 Stockton St,Improper thawing methods,2,3,9,1,2019,3,20
88.0,LA GALLINITA,2989 24th St,Unclean or degraded floors walls or ceilings,1,2,4,1,2019,3,20
100.0,IMMACULATE CONCPTION ACADEMY,3625 24th St,NA,0,5,1,1,2019,3,20
100.0,STARBUCKS COFFEE #9219,333 MARKET St,NA,0,10,1,1,2019,3,20
100.0,ST CHARLES SCHOOL,3250 18th St,NA,0,2,1,1,2019,3,20
90.0,PANCHO VILLA,3071 16th St,Inadequate ventilation or lighting,1,2,4,1,2019,3,21
75.0,MANIVANH THAI RESTAURANT,2732 24th St,Improper food storage,1,2,8,1,2019,3,21
75.0,MANIVANH THAI RESTAURANT,2732 24th St,Unclean or degraded floors walls or ceilings,1,2,8,1,2019,3,21
91.0,Zingari,501 Post St,Inadequate warewashing facilities or equipment,1,3,2,1,2019,3,21
87.0,ST FRANCIS FOUNTAIN,2801 24th St,Food safety certificate or food handler card not available,1,2,3,1,2019,3,21
73.0,RINCONSITO SALVADORENO,3829 MISSION St,Improper cooling methods,3,2,5,1,2019,3,21
88.0,Alexander's Steakhouse,448 BRANNAN St,Inadequate and inaccessible handwashing facilities,2,10,4,1,2019,3,21
91.0,Zingari,501 Post St,High risk food holding temperature,3,3,2,1,2019,3,21
75.0,MANIVANH THAI RESTAURANT,2732 24th St,Unclean nonfood contact surfaces,1,2,8,1,2019,3,21
89.0,Fat Angel,1740 O' Farrell St,Inadequately cleaned or sanitized food contact surfaces,2,11,2,1,2019,3,21
87.0,Slanted Door Restaurant,1 Ferry Building #3,Improper or defective plumbing,1,3,3,1,2019,3,21
75.0,MANIVANH THAI RESTAURANT,2732 24th St,Unclean hands or improper use of gloves,3,2,8,1,2019,3,21
87.0,ST FRANCIS FOUNTAIN,2801 24th St,Moderate risk food holding temperature,2,2,3,1,2019,3,21
75.0,MANIVANH THAI RESTAURANT,2732 24th St,Inadequate ventilation or lighting,1,2,8,1,2019,3,21
90.0,PANCHO VILLA,3071 16th St,Unclean nonfood contact surfaces,1,2,4,1,2019,3,21
73.0,RINCONSITO SALVADORENO,3829 MISSION St,Unclean hands or improper use of gloves,3,2,5,1,2019,3,21
87.0,Slanted Door Restaurant,1 Ferry Building #3,Moderate risk food holding temperature,2,3,3,1,2019,3,21
73.0,RINCONSITO SALVADORENO,3829 MISSION St,Unclean or degraded floors walls or ceilings,1,2,5,1,2019,3,21
88.0,Alexander's Steakhouse,448 BRANNAN St,Inadequate dressing rooms or improper storage of personal items,1,10,4,1,2019,3,21
75.0,MANIVANH THAI RESTAURANT,2732 24th St,Inadequately cleaned or sanitized food contact surfaces,2,2,8,1,2019,3,21
89.0,Fat Angel,1740 O' Farrell St,Improper reheating of food,3,11,2,1,2019,3,21
90.0,PANCHO VILLA,3071 16th St,Inadequately cleaned or sanitized food contact surfaces,2,2,4,1,2019,3,21
73.0,RINCONSITO SALVADORENO,3829 MISSION St,Unclean or unsanitary food contact surfaces,3,2,5,1,2019,3,21
88.0,Alexander's Steakhouse,448 BRANNAN St,Inadequately cleaned or sanitized food contact surfaces,2,10,4,1,2019,3,21
87.0,Slanted Door Restaurant,1 Ferry Building #3,Unclean or unsanitary food contact surfaces,3,3,3,1,2019,3,21
75.0,MANIVANH THAI RESTAURANT,2732 24th St,Unapproved or unmaintained equipment or utensils,1,2,8,1,2019,3,21
88.0,Alexander's Steakhouse,448 BRANNAN St,Unclean or degraded floors walls or ceilings,1,10,4,1,2019,3,21
75.0,MANIVANH THAI RESTAURANT,2732 24th St,Moderate risk vermin infestation,2,2,8,1,2019,3,21
90.0,PANCHO VILLA,3071 16th St,Permit license or inspection report not posted,1,2,4,1,2019,3,21
87.0,ST FRANCIS FOUNTAIN,2801 24th St,Improper cooling methods,3,2,3,1,2019,3,21
73.0,RINCONSITO SALVADORENO,3829 MISSION St,Moderate risk vermin infestation,2,2,5,1,2019,3,21
86.0,Tsubasa Sushi,429 Gough St,Wiping cloths not clean or properly stored or inadequate sanitizer,1,11,5,1,2019,3,21
86.0,Tsubasa Sushi,429 Gough St,Foods not protected from contamination,2,11,5,1,2019,3,21
86.0,Tsubasa Sushi,429 Gough St,Moderate risk vermin infestation,2,11,5,1,2019,3,21
86.0,Tsubasa Sushi,429 Gough St,Unclean or degraded floors walls or ceilings,1,11,5,1,2019,3,21
86.0,Tsubasa Sushi,429 Gough St,Food safety certificate or food handler card not available,1,11,5,1,2019,3,21
91.0,Cocola,3251 20th Ave 186,High risk food holding temperature,3,8,2,1,2019,3,22
80.0,PORTICO,98 01st St,Unclean hands or improper use of gloves,3,10,4,1,2019,3,22
94.0,Matching Half,1799 McAllister St,Inadequately cleaned or sanitized food contact surfaces,2,11,2,1,2019,3,22
80.0,PORTICO,98 01st St,High risk food holding temperature,3,10,4,1,2019,3,22
94.0,Matching Half,1799 McAllister St,Unapproved or unmaintained equipment or utensils,1,11,2,1,2019,3,22
80.0,PORTICO,98 01st St,Insufficient hot water or running water,2,10,4,1,2019,3,22
80.0,PORTICO,98 01st St,Improper or defective plumbing,1,10,4,1,2019,3,22
91.0,Cocola,3251 20th Ave 186,Wiping cloths not clean or properly stored or inadequate sanitizer,1,8,2,1,2019,3,22
100.0,Macy's Cellar,170 O'Farrell St Basement,NA,0,3,1,1,2019,3,22
96.0,Osha Thai Restaurant & Bar,4 Embarcadero Center  Street Level,Inadequately cleaned or sanitized food contact surfaces,2,3,1,1,2019,3,25
98.0,Pi Bar,1432 Valencia St,Wiping cloths not clean or properly stored or inadequate sanitizer,1,5,1,1,2019,3,25
92.0,Fog Harbor Fish House,Pier 39  Space A202,Inadequately cleaned or sanitized food contact surfaces,2,3,2,1,2019,3,25
90.0,CLOONEY'S,1401 Valencia St,Food safety certificate or food handler card not available,1,2,4,1,2019,3,25
90.0,CLOONEY'S,1401 Valencia St,Unclean or degraded floors walls or ceilings,1,2,4,1,2019,3,25
89.0,Muskaan Cuisine of India,101 Spear St 22,Improper cooling methods,3,10,2,1,2019,3,25
90.0,ROUND TABLE PIZZA,2660 SAN BRUNO Ave,Moderate risk food holding temperature,2,2,3,1,2019,3,25
85.0,Sai's Vietnamese Restaurant,505 Washington St,Improper thawing methods,2,3,3,1,2019,3,25
90.0,ROUND TABLE PIZZA,2660 SAN BRUNO Ave,Wiping cloths not clean or properly stored or inadequate sanitizer,1,2,3,1,2019,3,25
92.0,Fog Harbor Fish House,Pier 39  Space A202,Insufficient hot water or running water,2,3,2,1,2019,3,25
90.0,CLOONEY'S,1401 Valencia St,Foods not protected from contamination,2,2,4,1,2019,3,25
85.0,Sai's Vietnamese Restaurant,505 Washington St,Improper thawing methods,2,3,3,1,2019,3,25
89.0,Muskaan Cuisine of India,101 Spear St 22,Moderate risk vermin infestation,2,10,2,1,2019,3,25
85.0,Sai's Vietnamese Restaurant,505 Washington St,High risk food holding temperature,3,3,3,1,2019,3,25
90.0,CLOONEY'S,1401 Valencia St,Inadequate ventilation or lighting,1,2,4,1,2019,3,25
90.0,ROUND TABLE PIZZA,2660 SAN BRUNO Ave,Inadequate food safety knowledge or lack of certified food safety manager,2,2,3,1,2019,3,25
94.0,Wise Sons Deli,3150 24th St,Improper storage of equipment utensils or linens,1,2,2,1,2019,3,25
94.0,Wise Sons Deli,3150 24th St,Moderate risk vermin infestation,2,2,2,1,2019,3,25
76.0,Gourmet Kitchen,1051 Stockton St,Improper thawing methods,2,3,6,1,2019,3,26
58.0,EDEN PLAZA CAFE,600 HARRISON St,Inadequate and inaccessible handwashing facilities,2,10,9,1,2019,3,26
76.0,Gourmet Kitchen,1051 Stockton St,Improper food storage,1,3,6,1,2019,3,26
58.0,EDEN PLAZA CAFE,600 HARRISON St,Unclean or unsanitary food contact surfaces,3,10,9,1,2019,3,26
89.0,Uncle Vito's Pizza,700 Bush St,No thermometers or uncalibrated thermometers,1,3,3,1,2019,3,26
58.0,EDEN PLAZA CAFE,600 HARRISON St,Permit license or inspection report not posted,1,10,9,1,2019,3,26
58.0,EDEN PLAZA CAFE,600 HARRISON St,Inadequate food safety knowledge or lack of certified food safety manager,2,10,9,1,2019,3,26
58.0,EDEN PLAZA CAFE,600 HARRISON St,High risk vermin infestation,3,10,9,1,2019,3,26
76.0,Gourmet Kitchen,1051 Stockton St,High risk vermin infestation,3,3,6,1,2019,3,26
92.0,Skool,1725 Alameda St,Foods not protected from contamination,2,9,2,1,2019,3,26
76.0,Gourmet Kitchen,1051 Stockton St,Unclean hands or improper use of gloves,3,3,6,1,2019,3,26
58.0,EDEN PLAZA CAFE,600 HARRISON St,High risk food holding temperature,3,10,9,1,2019,3,26
76.0,Gourmet Kitchen,1051 Stockton St,Food safety certificate or food handler card not available,1,3,6,1,2019,3,26
89.0,Uncle Vito's Pizza,700 Bush St,Unapproved or unmaintained equipment or utensils,1,3,3,1,2019,3,26
58.0,EDEN PLAZA CAFE,600 HARRISON St,No thermometers or uncalibrated thermometers,1,10,9,1,2019,3,26
92.0,Skool,1725 Alameda St,Inadequately cleaned or sanitized food contact surfaces,2,9,2,1,2019,3,26
89.0,Uncle Vito's Pizza,700 Bush St,High risk food holding temperature,3,3,3,1,2019,3,26
58.0,EDEN PLAZA CAFE,600 HARRISON St,Improper cooling methods,3,10,9,1,2019,3,26
58.0,EDEN PLAZA CAFE,600 HARRISON St,Unclean or degraded floors walls or ceilings,1,10,9,1,2019,3,26
96.0,Cafe Me,500 Washington St #102,Foods not protected from contamination,2,3,1,1,2019,3,26
76.0,Gourmet Kitchen,1051 Stockton St,Unclean nonfood contact surfaces,1,3,6,1,2019,3,26
46.0,SUNFLOWER RESTAURANT,506 Valencia St,Inadequate and inaccessible handwashing facilities,2,5,12,1,2019,3,27
46.0,SUNFLOWER RESTAURANT,506 Valencia St,Unclean hands or improper use of gloves,3,5,12,1,2019,3,27
46.0,SUNFLOWER RESTAURANT,506 Valencia St,Inadequate food safety knowledge or lack of certified food safety manager,2,5,12,1,2019,3,27
46.0,SUNFLOWER RESTAURANT,506 Valencia St,High risk food holding temperature,3,5,12,1,2019,3,27
90.0,SOCIALE,3665 SACRAMENTO St,Wiping cloths not clean or properly stored or inadequate sanitizer,1,6,3,1,2019,3,27
46.0,SUNFLOWER RESTAURANT,506 Valencia St,Improper storage use or identification of toxic substances,1,5,12,1,2019,3,27
46.0,SUNFLOWER RESTAURANT,506 Valencia St,Unclean or degraded floors walls or ceilings,1,5,12,1,2019,3,27
46.0,SUNFLOWER RESTAURANT,506 Valencia St,Improper thawing methods,2,5,12,1,2019,3,27
46.0,SUNFLOWER RESTAURANT,506 Valencia St,Unclean or unsanitary food contact surfaces,3,5,12,1,2019,3,27
46.0,SUNFLOWER RESTAURANT,506 Valencia St,High risk vermin infestation,3,5,12,1,2019,3,27
90.0,SOCIALE,3665 SACRAMENTO St,Foods not protected from contamination,2,6,3,1,2019,3,27
46.0,SUNFLOWER RESTAURANT,506 Valencia St,Employee eating or smoking,2,5,12,1,2019,3,27
46.0,SUNFLOWER RESTAURANT,506 Valencia St,Unclean nonfood contact surfaces,1,5,12,1,2019,3,27
46.0,SUNFLOWER RESTAURANT,506 Valencia St,Foods not protected from contamination,2,5,12,1,2019,3,27
90.0,SOCIALE,3665 SACRAMENTO St,Inadequate and inaccessible handwashing facilities,2,6,3,1,2019,3,27
82.0,Nama Sushi,227 King St,Insufficient hot water or running water,2,10,5,1,2019,3,29
82.0,Nama Sushi,227 King St,Foods not protected from contamination,2,10,5,1,2019,3,29
94.0,Mission Creek Senior Community,225 Berry St,Inadequate food safety knowledge or lack of certified food safety manager,2,10,2,1,2019,3,29
82.0,Nama Sushi,227 King St,Food safety certificate or food handler card not available,1,10,5,1,2019,3,29
94.0,Mission Creek Senior Community,225 Berry St,Unapproved or unmaintained equipment or utensils,1,10,2,1,2019,3,29
82.0,Nama Sushi,227 King St,Moderate risk food holding temperature,2,10,5,1,2019,3,29
82.0,Nama Sushi,227 King St,Inadequate procedures or records for time as a public health control,2,10,5,1,2019,3,29
90.0,Pharaohs,608 Geary St,Moderate risk food holding temperature,2,3,3,1,2019,3,29
90.0,Pharaohs,608 Geary St,Food safety certificate or food handler card not available,1,3,3,1,2019,3,29
90.0,Pharaohs,608 Geary St,Inadequately cleaned or sanitized food contact surfaces,2,3,3,1,2019,3,29
90.0,PETES BARBEQUE,2399 MISSION St,Unapproved or unmaintained equipment or utensils,1,2,3,2,2019,4,1
80.0,Golden Gate Dim Sum Seafood,1829 Clement St,Unclean nonfood contact surfaces,1,4,7,2,2019,4,1
86.0,Cafe Seventy 8,78 29th St,Foods not protected from contamination,2,5,4,2,2019,4,1
91.0,Cafe Niebaum Coppola,916 Kearny St,Unclean or unsanitary food contact surfaces,3,3,2,2,2019,4,1
82.0,IL BORGO,500 FELL St,Inadequately cleaned or sanitized food contact surfaces,2,11,3,2,2019,4,1
80.0,Golden Gate Dim Sum Seafood,1829 Clement St,Inadequately cleaned or sanitized food contact surfaces,2,4,7,2,2019,4,1
82.0,IL BORGO,500 FELL St,High risk food holding temperature,3,11,3,2,2019,4,1
86.0,Cafe Seventy 8,78 29th St,Moderate risk food holding temperature,2,5,4,2,2019,4,1
80.0,Golden Gate Dim Sum Seafood,1829 Clement St,Moderate risk vermin infestation,2,4,7,2,2019,4,1
91.0,Cafe Niebaum Coppola,916 Kearny St,Unapproved or unmaintained equipment or utensils,1,3,2,2,2019,4,1
86.0,Cafe Seventy 8,78 29th St,Inadequate and inaccessible handwashing facilities,2,5,4,2,2019,4,1
80.0,Golden Gate Dim Sum Seafood,1829 Clement St,Inadequate dressing rooms or improper storage of personal items,1,4,7,2,2019,4,1
82.0,IL BORGO,500 FELL St,High risk vermin infestation,3,11,3,2,2019,4,1
80.0,Golden Gate Dim Sum Seafood,1829 Clement St,Inadequate and inaccessible handwashing facilities,2,4,7,2,2019,4,1
80.0,Golden Gate Dim Sum Seafood,1829 Clement St,Inadequate ventilation or lighting,1,4,7,2,2019,4,1
90.0,PETES BARBEQUE,2399 MISSION St,Foods not protected from contamination,2,2,3,2,2019,4,1
90.0,PETES BARBEQUE,2399 MISSION St,Inadequately cleaned or sanitized food contact surfaces,2,2,3,2,2019,4,1
86.0,Cafe Seventy 8,78 29th St,Low risk vermin infestation,1,5,4,2,2019,4,1
80.0,Golden Gate Dim Sum Seafood,1829 Clement St,Unapproved or unmaintained equipment or utensils,1,4,7,2,2019,4,1
85.0,Tacolicious,741 Valencia St,Moderate risk vermin infestation,2,2,3,2,2019,4,1
92.0,Pearl Market,1201 DIVISADERO St,Moderate risk food holding temperature,2,11,2,2,2019,4,1
96.0,The Sweet House,3512 BALBOA St,Improper storage of equipment utensils or linens,1,4,2,2,2019,4,1
85.0,Tacolicious,741 Valencia St,High risk food holding temperature,3,2,3,2,2019,4,1
92.0,Pearl Market,1201 DIVISADERO St,Moderate risk vermin infestation,2,11,2,2,2019,4,1
85.0,Tacolicious,741 Valencia St,Inadequate and inaccessible handwashing facilities,2,2,3,2,2019,4,1
96.0,The Sweet House,3512 BALBOA St,Wiping cloths not clean or properly stored or inadequate sanitizer,1,4,2,2,2019,4,1
94.0,Blue Bottle Cafe,66 Mint St,Permit license or inspection report not posted,1,10,2,2,2019,4,2
68.0,TAIWAN RESTAURANT,445 CLEMENT St,Improper thawing methods,2,4,8,2,2019,4,2
84.0,I LUV TERIYAKI AND SUSHI,270 Potrero Ave,Inadequately cleaned or sanitized food contact surfaces,2,9,5,2,2019,4,2
87.0,SWEET CHINITO,3100 MISSION St,Unclean nonfood contact surfaces,1,2,3,2,2019,4,2
68.0,TAIWAN RESTAURANT,445 CLEMENT St,Moderate risk vermin infestation,2,4,8,2,2019,4,2
82.0,LA SANTANECA DE LA MISSION,2815 MISSION St,Inadequately cleaned or sanitized food contact surfaces,2,2,3,2,2019,4,2
98.0,BALBOA BI-RITE MARKET,2449 BALBOA St,Low risk vermin infestation,1,4,1,2,2019,4,2
82.0,LA SANTANECA DE LA MISSION,2815 MISSION St,Improper cooling methods,3,2,3,2,2019,4,2
68.0,TAIWAN RESTAURANT,445 CLEMENT St,Food safety certificate or food handler card not available,1,4,8,2,2019,4,2
68.0,TAIWAN RESTAURANT,445 CLEMENT St,Unclean or degraded floors walls or ceilings,1,4,8,2,2019,4,2
89.0,KITARO JAPANESE RESTAURANT,5723 GEARY Blvd,Wiping cloths not clean or properly stored or inadequate sanitizer,1,4,3,2,2019,4,2
68.0,TAIWAN RESTAURANT,445 CLEMENT St,High risk food holding temperature,3,4,8,2,2019,4,2
87.0,SWEET CHINITO,3100 MISSION St,Unclean hands or improper use of gloves,3,2,3,2,2019,4,2
98.0,S F GOLF CLUB,1310 Junipero Serra Blvd,Wiping cloths not clean or properly stored or inadequate sanitizer,1,8,1,2,2019,4,2
82.0,LA SANTANECA DE LA MISSION,2815 MISSION St,Unclean hands or improper use of gloves,3,2,3,2,2019,4,2
89.0,KITARO JAPANESE RESTAURANT,5723 GEARY Blvd,Low risk vermin infestation,1,4,3,2,2019,4,2
84.0,I LUV TERIYAKI AND SUSHI,270 Potrero Ave,Unclean or degraded floors walls or ceilings,1,9,5,2,2019,4,2
98.0,Peet's Coffee & Tea,405 Howard St,Unclean or degraded floors walls or ceilings,1,10,1,2,2019,4,2
84.0,I LUV TERIYAKI AND SUSHI,270 Potrero Ave,Moderate risk food holding temperature,2,9,5,2,2019,4,2
87.0,SWEET CHINITO,3100 MISSION St,Moderate risk food holding temperature,2,2,3,2,2019,4,2
98.0,RICHMOND SENIOR CENTER - 3RD FLOOR,6221 GEARY Blvd,Wiping cloths not clean or properly stored or inadequate sanitizer,1,4,1,2,2019,4,2
89.0,KITARO JAPANESE RESTAURANT,5723 GEARY Blvd,High risk food holding temperature,3,4,3,2,2019,4,2
68.0,TAIWAN RESTAURANT,445 CLEMENT St,Foods not protected from contamination,2,4,8,2,2019,4,2
84.0,I LUV TERIYAKI AND SUSHI,270 Potrero Ave,Improper or defective plumbing,1,9,5,2,2019,4,2
94.0,Blue Bottle Cafe,66 Mint St,Inadequately cleaned or sanitized food contact surfaces,2,10,2,2,2019,4,2
68.0,TAIWAN RESTAURANT,445 CLEMENT St,Unapproved or unmaintained equipment or utensils,1,4,8,2,2019,4,2
68.0,TAIWAN RESTAURANT,445 CLEMENT St,Unclean or unsanitary food contact surfaces,3,4,8,2,2019,4,2
84.0,I LUV TERIYAKI AND SUSHI,270 Potrero Ave,Inadequate and inaccessible handwashing facilities,2,9,5,2,2019,4,2
83.0,Lers Ros Thai Noodle,730 Larkin St,Inadequately cleaned or sanitized food contact surfaces,2,10,4,2,2019,4,2
83.0,Lers Ros Thai Noodle,730 Larkin St,Foods not protected from contamination,2,10,4,2,2019,4,2
93.0,La Corneta,2731 MISSION St,Unclean or unsanitary food contact surfaces,3,2,1,2,2019,4,2
83.0,Lers Ros Thai Noodle,730 Larkin St,Low risk vermin infestation,1,10,4,2,2019,4,2
83.0,Lers Ros Thai Noodle,730 Larkin St,High risk food holding temperature,3,10,4,2,2019,4,2
91.0,Walgreens #4609,1301 Market St,High risk food holding temperature,3,10,2,2,2019,4,2
91.0,Walgreens #4609,1301 Market St,Unapproved or unmaintained equipment or utensils,1,10,2,2,2019,4,2
100.0,Ghirardelli Chcocolate Company,900 North Point St #52,NA,0,6,1,2,2019,4,2
100.0,Ghirardelli Chocolate Fountain,801 Beach St,NA,0,6,1,2,2019,4,2
79.0,M.P. Seafood Market,848 Jackson St,Food safety certificate or food handler card not available,1,3,5,2,2019,4,3
79.0,City View Restaurant,662 Commercial St,Foods not protected from contamination,2,3,5,2,2019,4,3
75.0,WAN KEE RESTAURANT,2152 MISSION St,Unclean nonfood contact surfaces,1,2,6,2,2019,4,3
90.0,Noodle City,1165 Powell St,Other low risk violation,1,3,4,2,2019,4,3
85.0,PAZZO,2 HENRY ADAMS St,No hot water or running water,3,9,3,2,2019,4,3
94.0,WHITE PALACE LIQUOR & DELI,1524 SILVER Ave,Unapproved or unmaintained equipment or utensils,1,2,2,2,2019,4,3
66.0,VALENCIA PIZZA & PASTA,801 VALENCIA St,Foods not protected from contamination,2,2,8,2,2019,4,3
78.0,TAWAN'S THAI FOOD,4403 GEARY Blvd,Unclean hands or improper use of gloves,3,4,5,2,2019,4,3
66.0,VALENCIA PIZZA & PASTA,801 VALENCIA St,Unapproved or unmaintained equipment or utensils,1,2,8,2,2019,4,3
94.0,Piccolo Italia Pizza,799 O'Farrell St,Unclean or degraded floors walls or ceilings,1,10,2,2,2019,4,3
83.0,ONE MARKET RESTAURANT,1 MARKET St,Moderate risk vermin infestation,2,10,4,2,2019,4,3
86.0,Anchor & Hope,83 Minna St,Noncompliance with shell fish tags or display,2,10,4,2,2019,4,3
79.0,City View Restaurant,662 Commercial St,Inadequately cleaned or sanitized food contact surfaces,2,3,5,2,2019,4,3
79.0,M.P. Seafood Market,848 Jackson St,Unclean hands or improper use of gloves,3,3,5,2,2019,4,3
90.0,Noodle City,1165 Powell St,Improper storage of equipment utensils or linens,1,3,4,2,2019,4,3
79.0,M.P. Seafood Market,848 Jackson St,Inadequately cleaned or sanitized food contact surfaces,2,3,5,2,2019,4,3
66.0,VALENCIA PIZZA & PASTA,801 VALENCIA St,Unclean nonfood contact surfaces,1,2,8,2,2019,4,3
75.0,WAN KEE RESTAURANT,2152 MISSION St,Inadequate and inaccessible handwashing facilities,2,2,6,2,2019,4,3
96.0,Starbucks Coffee,44 Montgomery St,Inadequate food safety knowledge or lack of certified food safety manager,2,3,1,2,2019,4,3
78.0,TAWAN'S THAI FOOD,4403 GEARY Blvd,Inadequate ventilation or lighting,1,4,5,2,2019,4,3
66.0,VALENCIA PIZZA & PASTA,801 VALENCIA St,Insufficient hot water or running water,2,2,8,2,2019,4,3
79.0,City View Restaurant,662 Commercial St,Unapproved or unmaintained equipment or utensils,1,3,5,2,2019,4,3
86.0,Anchor & Hope,83 Minna St,Foods not protected from contamination,2,10,4,2,2019,4,3
83.0,ONE MARKET RESTAURANT,1 MARKET St,Inadequate and inaccessible handwashing facilities,2,10,4,2,2019,4,3
79.0,M.P. Seafood Market,848 Jackson St,Foods not protected from contamination,2,3,5,2,2019,4,3
66.0,VALENCIA PIZZA & PASTA,801 VALENCIA St,High risk food holding temperature,3,2,8,2,2019,4,3
92.0,BURGER JOINT,807 VALENCIA St,Inadequately cleaned or sanitized food contact surfaces,2,2,2,2,2019,4,3
66.0,VALENCIA PIZZA & PASTA,801 VALENCIA St,Inadequately cleaned or sanitized food contact surfaces,2,2,8,2,2019,4,3
75.0,WAN KEE RESTAURANT,2152 MISSION St,Moderate risk food holding temperature,2,2,6,2,2019,4,3
90.0,Noodle City,1165 Powell St,Inadequate and inaccessible handwashing facilities,2,3,4,2,2019,4,3
86.0,Anchor & Hope,83 Minna St,Food safety certificate or food handler card not available,1,10,4,2,2019,4,3
66.0,VALENCIA PIZZA & PASTA,801 VALENCIA St,High risk vermin infestation,3,2,8,2,2019,4,3
79.0,City View Restaurant,662 Commercial St,Unclean hands or improper use of gloves,3,3,5,2,2019,4,3
78.0,TAWAN'S THAI FOOD,4403 GEARY Blvd,Foods not protected from contamination,2,4,5,2,2019,4,3
75.0,WAN KEE RESTAURANT,2152 MISSION St,Moderate risk vermin infestation,2,2,6,2,2019,4,3
94.0,WHITE PALACE LIQUOR & DELI,1524 SILVER Ave,Inadequately cleaned or sanitized food contact surfaces,2,2,2,2,2019,4,3
79.0,M.P. Seafood Market,848 Jackson St,Moderate risk food holding temperature,2,3,5,2,2019,4,3
66.0,VALENCIA PIZZA & PASTA,801 VALENCIA St,Inadequate and inaccessible handwashing facilities,2,2,8,2,2019,4,3
83.0,ONE MARKET RESTAURANT,1 MARKET St,Improper cooling methods,3,10,4,2,2019,4,3
85.0,PAZZO,2 HENRY ADAMS St,Moderate risk food holding temperature,2,9,3,2,2019,4,3
86.0,Anchor & Hope,83 Minna St,Moderate risk food holding temperature,2,10,4,2,2019,4,3
92.0,BURGER JOINT,807 VALENCIA St,Insufficient hot water or running water,2,2,2,2,2019,4,3
85.0,PAZZO,2 HENRY ADAMS St,Inadequate food safety knowledge or lack of certified food safety manager,2,9,3,2,2019,4,3
75.0,WAN KEE RESTAURANT,2152 MISSION St,Inadequately cleaned or sanitized food contact surfaces,2,2,6,2,2019,4,3
78.0,TAWAN'S THAI FOOD,4403 GEARY Blvd,Unpermitted food facility,1,4,5,2,2019,4,3
90.0,Noodle City,1165 Powell St,Improper food storage,1,3,4,2,2019,4,3
75.0,WAN KEE RESTAURANT,2152 MISSION St,Improper cooling methods,3,2,6,2,2019,4,3
83.0,ONE MARKET RESTAURANT,1 MARKET St,Unapproved or unmaintained equipment or utensils,1,10,4,2,2019,4,3
94.0,Piccolo Italia Pizza,799 O'Farrell St,Foods not protected from contamination,2,10,2,2,2019,4,3
78.0,TAWAN'S THAI FOOD,4403 GEARY Blvd,Unclean or unsanitary food contact surfaces,3,4,5,2,2019,4,3
79.0,City View Restaurant,662 Commercial St,Moderate risk food holding temperature,2,3,5,2,2019,4,3
83.0,Jang Soo BBQ,6314 Geary Blvd,Unclean or unsanitary food contact surfaces,3,4,4,2,2019,4,3
83.0,Jang Soo BBQ,6314 Geary Blvd,Unapproved or unmaintained equipment or utensils,1,4,4,2,2019,4,3
98.0,Juice Shop,540 Barneveld Ave #C,Wiping cloths not clean or properly stored or inadequate sanitizer,1,9,1,2,2019,4,3
91.0,Let's Eat,5130 03rd St,Improper or defective plumbing,1,9,2,2,2019,4,3
83.0,Jang Soo BBQ,6314 Geary Blvd,Inadequate and inaccessible handwashing facilities,2,4,4,2,2019,4,3
91.0,Let's Eat,5130 03rd St,High risk food holding temperature,3,9,2,2,2019,4,3
83.0,Jang Soo BBQ,6314 Geary Blvd,Improper thawing methods,2,4,4,2,2019,4,3
100.0,Chenery Market,100 CHENERY St,NA,0,5,1,2,2019,4,3
100.0,Godiva Chocolatier Inc.,3251 20th Ave 154,NA,0,8,1,2,2019,4,3
90.0,ORPHAN ANDY'S,3991 A 17th St,Unclean or degraded floors walls or ceilings,1,5,4,2,2019,4,4
87.0,Muracci's Japanese Restaurant,307 Kearny St,High risk food holding temperature,3,3,4,2,2019,4,4
92.0,TAQUERIA SAN FRANCISCO,3230 24th St,Improper or defective plumbing,1,2,4,2,2019,4,4
88.0,Tortas Los Picudos,2969 24th St,Moderate risk food holding temperature,2,2,3,2,2019,4,4
90.0,Public House/Mijita,24 WILLIE MAYS PLAZA,Foods not protected from contamination,2,10,3,2,2019,4,4
92.0,CHARLIE'S DELI CAFE,3202 FOLSOM St,Wiping cloths not clean or properly stored or inadequate sanitizer,1,2,3,2,2019,4,4
92.0,CHARLIE'S DELI CAFE,3202 FOLSOM St,Moderate risk food holding temperature,2,2,3,2,2019,4,4
90.0,ORPHAN ANDY'S,3991 A 17th St,Inadequate food safety knowledge or lack of certified food safety manager,2,5,4,2,2019,4,4
85.0,Tommaso,1042 Kearny St,Improper cooling methods,3,3,3,2,2019,4,4
92.0,Pete's Tavern,128 KING STREET,Inadequate and inaccessible handwashing facilities,2,10,2,2,2019,4,4
90.0,Public House/Mijita,24 WILLIE MAYS PLAZA,Food safety certificate or food handler card not available,1,10,3,2,2019,4,4
92.0,TAQUERIA SAN FRANCISCO,3230 24th St,Unclean or degraded floors walls or ceilings,1,2,4,2,2019,4,4
98.0,Nordstrom Expresso Bar,285 Winston Dr.,Unapproved or unmaintained equipment or utensils,1,8,1,2,2019,4,4
98.0,NEW COLLEGE HILL MARKET,3798 MISSION St,Unclean or degraded floors walls or ceilings,1,5,1,2,2019,4,4
98.0,Woerner's Liquor,901 Geary St,Low risk vermin infestation,1,10,1,2,2019,4,4
87.0,Muracci's Japanese Restaurant,307 Kearny St,Inadequate ventilation or lighting,1,3,4,2,2019,4,4
92.0,Pete's Tavern,128 KING STREET,Inadequately cleaned or sanitized food contact surfaces,2,10,2,2,2019,4,4
88.0,Tortas Los Picudos,2969 24th St,Insufficient hot water or running water,2,2,3,2,2019,4,4
90.0,ORPHAN ANDY'S,3991 A 17th St,Food safety certificate or food handler card not available,1,5,4,2,2019,4,4
93.0,NORM'S MARKET,2201 BRYANT St,High risk vermin infestation,3,2,1,2,2019,4,4
92.0,TAQUERIA SAN FRANCISCO,3230 24th St,Unclean nonfood contact surfaces,1,2,4,2,2019,4,4
85.0,Tommaso,1042 Kearny St,Inadequately cleaned or sanitized food contact surfaces,2,3,3,2,2019,4,4
87.0,Muracci's Japanese Restaurant,307 Kearny St,Unclean unmaintained or improperly constructed toilet facilities,1,3,4,2,2019,4,4
92.0,TAQUERIA SAN FRANCISCO,3230 24th St,Unapproved or unmaintained equipment or utensils,1,2,4,2,2019,4,4
87.0,Muracci's Japanese Restaurant,307 Kearny St,Improper food storage,1,3,4,2,2019,4,4
90.0,Public House/Mijita,24 WILLIE MAYS PLAZA,Noncompliance with HAACP plan or variance,2,10,3,2,2019,4,4
92.0,CHARLIE'S DELI CAFE,3202 FOLSOM St,Low risk vermin infestation,1,2,3,2,2019,4,4
88.0,Tortas Los Picudos,2969 24th St,Inadequately cleaned or sanitized food contact surfaces,2,2,3,2,2019,4,4
85.0,Tommaso,1042 Kearny St,Moderate risk food holding temperature,2,3,3,2,2019,4,4
90.0,ORPHAN ANDY'S,3991 A 17th St,Improper storage of equipment utensils or linens,1,5,4,2,2019,4,4
90.0,Sweet Hut,519 Clement St,Inadequately cleaned or sanitized food contact surfaces,2,4,3,2,2019,4,4
90.0,Sweet Hut,519 Clement St,Unclean nonfood contact surfaces,1,4,3,2,2019,4,4
90.0,Sweet Hut,519 Clement St,Inadequate and inaccessible handwashing facilities,2,4,3,2,2019,4,4
100.0,BERNAL HEIGHTS NEIGBORHOOD CENTER,515 CORTLAND AVE,NA,0,2,1,2,2019,4,4
92.0,Curry Senior Center,333 Turk St,Insufficient hot water or running water,2,10,2,2,2019,4,5
84.0,La Torta Gorda,2833 24th St,Permit license or inspection report not posted,1,2,6,2,2019,4,5
81.0,HIEP-THANH MARKET,724 LARKIN St,Inadequate and inaccessible handwashing facilities,2,10,6,2,2019,4,5
81.0,HIEP-THANH MARKET,724 LARKIN St,Improper or defective plumbing,1,10,6,2,2019,4,5
89.0,DESTINO RESTAURANT,1815 MARKET St,Improper cooling methods,3,5,2,2,2019,4,5
84.0,La Torta Gorda,2833 24th St,Unclean or degraded floors walls or ceilings,1,2,6,2,2019,4,5
80.0,MARTHA & BROS COFFEE CO,745 CORTLAND Ave,High risk vermin infestation,3,2,4,2,2019,4,5
84.0,La Torta Gorda,2833 24th St,Other moderate risk violation,2,2,6,2,2019,4,5
89.0,DESTINO RESTAURANT,1815 MARKET St,Inadequately cleaned or sanitized food contact surfaces,2,5,2,2,2019,4,5
84.0,La Torta Gorda,2833 24th St,Inadequate ventilation or lighting,1,2,6,2,2019,4,5
80.0,MARTHA & BROS COFFEE CO,745 CORTLAND Ave,Moderate risk food holding temperature,2,2,4,2,2019,4,5
81.0,HIEP-THANH MARKET,724 LARKIN St,Unapproved or unmaintained equipment or utensils,1,10,6,2,2019,4,5
84.0,La Torta Gorda,2833 24th St,Unclean nonfood contact surfaces,1,2,6,2,2019,4,5
96.0,Schuberts Bakery,521 Clement St,Inadequate and inaccessible handwashing facilities,2,4,1,2,2019,4,5
81.0,HIEP-THANH MARKET,724 LARKIN St,Unclean nonfood contact surfaces,1,10,6,2,2019,4,5
80.0,MARTHA & BROS COFFEE CO,745 CORTLAND Ave,Improper or defective plumbing,1,2,4,2,2019,4,5
92.0,Curry Senior Center,333 Turk St,Inadequate and inaccessible handwashing facilities,2,10,2,2,2019,4,5
81.0,HIEP-THANH MARKET,724 LARKIN St,Improper food storage,1,10,6,2,2019,4,5
80.0,MARTHA & BROS COFFEE CO,745 CORTLAND Ave,Contaminated or adulterated food,3,2,4,2,2019,4,5
84.0,La Torta Gorda,2833 24th St,Inadequate food safety knowledge or lack of certified food safety manager,2,2,6,2,2019,4,5
81.0,HIEP-THANH MARKET,724 LARKIN St,Unclean or unsanitary food contact surfaces,3,10,6,2,2019,4,5
96.0,Telegraph Hill Senior Meals Program,660 Lombard St,Inadequately cleaned or sanitized food contact surfaces,2,3,1,2,2019,4,5
77.0,Izakaya Roku,1819 Market St,Unapproved or unmaintained equipment or utensils,1,5,7,2,2019,4,5
77.0,Izakaya Roku,1819 Market St,Inadequate and inaccessible handwashing facilities,2,5,7,2,2019,4,5
77.0,Izakaya Roku,1819 Market St,Unclean or degraded floors walls or ceilings,1,5,7,2,2019,4,5
77.0,Izakaya Roku,1819 Market St,Improper food storage,1,5,7,2,2019,4,5
77.0,Izakaya Roku,1819 Market St,Unclean or unsanitary food contact surfaces,3,5,7,2,2019,4,5
77.0,Izakaya Roku,1819 Market St,Unclean nonfood contact surfaces,1,5,7,2,2019,4,5
77.0,Izakaya Roku,1819 Market St,Improper thawing methods,2,5,7,2,2019,4,5
83.0,Hing Wang Bakery,339 JUDAH St,Inadequate and inaccessible handwashing facilities,2,11,4,2,2019,4,8
94.0,Ballroom Bakery,55 4th St,Inadequately cleaned or sanitized food contact surfaces,2,10,3,2,2019,4,8
86.0,Good Eats Cafe,200 Pine St #160,Wiping cloths not clean or properly stored or inadequate sanitizer,1,3,4,2,2019,4,8
71.0,Pho #1,2571 SAN BRUNO Ave,Improper thawing methods,2,2,6,2,2019,4,8
91.0,Cafe Le,2895 VAN NESS Ave,Improper storage of equipment utensils or linens,1,6,2,2,2019,4,8
90.0,China House Jumbo Seafood Restaurant,2237 Powell Street,Inadequately cleaned or sanitized food contact surfaces,2,3,4,2,2019,4,8
82.0,GIANT SCOOP,2708 SAN BRUNO Ave,Unclean or degraded floors walls or ceilings,1,2,4,2,2019,4,8
69.0,Elaine's Kitchen,434 Broadway St,Unclean or degraded floors walls or ceilings,1,3,6,2,2019,4,8
85.0,Locali Mediterranean,98 Battery St #B,High risk food holding temperature,3,3,4,2,2019,4,8
86.0,Good Eats Cafe,200 Pine St #160,Foods not protected from contamination,2,3,4,2,2019,4,8
83.0,Hing Wang Bakery,339 JUDAH St,Inadequately cleaned or sanitized food contact surfaces,2,11,4,2,2019,4,8
91.0,Cafe Le,2895 VAN NESS Ave,Improper reheating of food,3,6,2,2,2019,4,8
83.0,Hing Wang Bakery,339 JUDAH St,Unapproved or unmaintained equipment or utensils,1,11,4,2,2019,4,8
69.0,Elaine's Kitchen,434 Broadway St,High risk vermin infestation,3,3,6,2,2019,4,8
85.0,Locali Mediterranean,98 Battery St #B,Wiping cloths not clean or properly stored or inadequate sanitizer,1,3,4,2,2019,4,8
69.0,Elaine's Kitchen,434 Broadway St,Improper thawing methods,2,3,6,2,2019,4,8
71.0,Pho #1,2571 SAN BRUNO Ave,High risk food holding temperature,3,2,6,2,2019,4,8
94.0,Ritual Coffee Roasters,1634 Jerrold Ave,Inadequately cleaned or sanitized food contact surfaces,2,9,2,2,2019,4,8
71.0,Pho #1,2571 SAN BRUNO Ave,Improper cooling methods,3,2,6,2,2019,4,8
90.0,China House Jumbo Seafood Restaurant,2237 Powell Street,Improper storage of equipment utensils or linens,1,3,4,2,2019,4,8
82.0,GIANT SCOOP,2708 SAN BRUNO Ave,Unapproved or unmaintained equipment or utensils,1,2,4,2,2019,4,8
71.0,Pho #1,2571 SAN BRUNO Ave,Unclean hands or improper use of gloves,3,2,6,2,2019,4,8
94.0,Ritual Coffee Roasters,1634 Jerrold Ave,Low risk vermin infestation,1,9,2,2,2019,4,8
69.0,Elaine's Kitchen,434 Broadway St,Inadequately cleaned or sanitized food contact surfaces,2,3,6,2,2019,4,8
69.0,Elaine's Kitchen,434 Broadway St,Sewage or wastewater contamination,3,3,6,2,2019,4,8
86.0,Good Eats Cafe,200 Pine St #160,Moderate risk vermin infestation,2,3,4,2,2019,4,8
71.0,Pho #1,2571 SAN BRUNO Ave,Wiping cloths not clean or properly stored or inadequate sanitizer,1,2,6,2,2019,4,8
82.0,GIANT SCOOP,2708 SAN BRUNO Ave,High risk food holding temperature,3,2,4,2,2019,4,8
96.0,View Lounge,55 04th St,Inadequately cleaned or sanitized food contact surfaces,2,10,5,2,2019,4,8
96.0,Mission Street Pantry,55 04th St 1/F,Insufficient hot water or running water,2,10,1,2,2019,4,8
85.0,Locali Mediterranean,98 Battery St #B,Insufficient hot water or running water,2,3,4,2,2019,4,8
96.0,Lombard Shell,1800 LOMBARD St,Inadequately cleaned or sanitized food contact surfaces,2,6,1,2,2019,4,8
92.0,Employee Cafeteria,55 04th St,Inadequately cleaned or sanitized food contact surfaces,2,10,5,2,2019,4,8
93.0,Main Kitchen-Mission Grille,55 04th St,High risk food holding temperature,3,10,5,2,2019,4,8
90.0,China House Jumbo Seafood Restaurant,2237 Powell Street,Improper food storage,1,3,4,2,2019,4,8
86.0,Good Eats Cafe,200 Pine St #160,Moderate risk food holding temperature,2,3,4,2,2019,4,8
83.0,Hing Wang Bakery,339 JUDAH St,High risk food holding temperature,3,11,4,2,2019,4,8
71.0,Pho #1,2571 SAN BRUNO Ave,Improper food storage,1,2,6,2,2019,4,8
94.0,Ballroom Bakery,55 4th St,Improper food storage,1,10,3,2,2019,4,8
82.0,GIANT SCOOP,2708 SAN BRUNO Ave,High risk vermin infestation,3,2,4,2,2019,4,8
69.0,Elaine's Kitchen,434 Broadway St,High risk food holding temperature,3,3,6,2,2019,4,8
85.0,Locali Mediterranean,98 Battery St #B,Food safety certificate or food handler card not available,1,3,4,2,2019,4,8
90.0,China House Jumbo Seafood Restaurant,2237 Powell Street,Unapproved or unmaintained equipment or utensils,1,3,4,2,2019,4,8
98.0,BIN 55,55 04th St,Unclean or degraded floors walls or ceilings,1,10,5,2,2019,4,8
92.0,Employee Cafeteria,55 04th St,Moderate risk food holding temperature,2,10,5,2,2019,4,8
85.0,San Tung Restaurant LLC,1031 Irving St,Unclean hands or improper use of gloves,3,11,4,2,2019,4,8
89.0,Mixt Greens/Mixt,114 Sansome St #120,High risk food holding temperature,3,3,2,2,2019,4,8
85.0,San Tung Restaurant LLC,1031 Irving St,Improper thawing methods,2,11,4,2,2019,4,8
85.0,San Tung Restaurant LLC,1031 Irving St,Wiping cloths not clean or properly stored or inadequate sanitizer,1,11,4,2,2019,4,8
85.0,San Tung Restaurant LLC,1031 Irving St,Low risk vermin infestation,1,11,4,2,2019,4,8
89.0,Mixt Greens/Mixt,114 Sansome St #120,Inadequately cleaned or sanitized food contact surfaces,2,3,2,2,2019,4,8
100.0,Quince Restaurant,470 Pacific Ave,NA,0,3,1,2,2019,4,8
100.0,Banquet Kitchen,55 4th St,NA,0,10,3,2,2019,4,8
100.0,The Pub At S.F.S.U.,1650 Holloway Ave C-134,NA,0,8,1,2,2019,4,8
100.0,POTRERO HILL NEIGHBORHOOD House,953 De Haro St,NA,0,9,1,2,2019,4,8
100.0,Good To Go,750 Font Blvd Bldg. A,NA,0,8,1,2,2019,4,8
88.0,CITY CLUB,"155 Sansome St, 10th Floor",Wiping cloths not clean or properly stored or inadequate sanitizer,1,3,5,2,2019,4,9
88.0,CITY CLUB,"155 Sansome St, 10th Floor",Foods not protected from contamination,2,3,5,2,2019,4,9
88.0,CITY CLUB,"155 Sansome St, 10th Floor",Unclean or degraded floors walls or ceilings,1,3,5,2,2019,4,9
88.0,CITY CLUB,"155 Sansome St, 10th Floor",Improper food storage,1,3,5,2,2019,4,9
88.0,CITY CLUB,"155 Sansome St, 10th Floor",Improper storage of equipment utensils or linens,1,3,5,2,2019,4,9
91.0,Venga Empanadas,443 Valencia St,Inadequate warewashing facilities or equipment,1,2,2,2,2019,4,9
91.0,Venga Empanadas,443 Valencia St,Improper cooling methods,3,2,2,2,2019,4,9
92.0,Educated Palate,88 4th St.,Inadequately cleaned or sanitized food contact surfaces,2,10,2,2,2019,4,10
82.0,THAI TIME RESTAURANT,315 08th Ave,Other high risk violation,3,4,4,2,2019,4,10
88.0,Lava Restaurant & Lounge,527 BRYANT St,Inadequately cleaned or sanitized food contact surfaces,2,10,4,2,2019,4,10
90.0,J J Fish & Chicken,5100 03rd St,Low risk vermin infestation,1,9,4,2,2019,4,10
71.0,PHUKET THAI RESTAURANT,248 DIVISADERO St,Unclean nonfood contact surfaces,1,11,9,2,2019,4,10
71.0,PHUKET THAI RESTAURANT,248 DIVISADERO St,Unclean or unsanitary food contact surfaces,3,11,9,2,2019,4,10
87.0,CHA-AM RESTAURANT,701 FOLSOM St,High risk food holding temperature,3,10,4,2,2019,4,10
87.0,CHA-AM RESTAURANT,701 FOLSOM St,Unclean nonfood contact surfaces,1,10,4,2,2019,4,10
94.0,Subway 30303,3911 Alemany Bl.,Permit license or inspection report not posted,1,8,3,2,2019,4,10
88.0,Lava Restaurant & Lounge,527 BRYANT St,Unclean or degraded floors walls or ceilings,1,10,4,2,2019,4,10
87.0,RED A BAKERY,634 CLEMENT St,Unclean or unsanitary food contact surfaces,3,4,3,2,2019,4,10
90.0,J J Fish & Chicken,5100 03rd St,Improper food storage,1,9,4,2,2019,4,10
71.0,PHUKET THAI RESTAURANT,248 DIVISADERO St,Inadequate and inaccessible handwashing facilities,2,11,9,2,2019,4,10
71.0,PHUKET THAI RESTAURANT,248 DIVISADERO St,Foods not protected from contamination,2,11,9,2,2019,4,10
82.0,Basa Seafood Express,3064 24th St,Moderate risk vermin infestation,2,2,5,2,2019,4,10
82.0,THAI TIME RESTAURANT,315 08th Ave,No thermometers or uncalibrated thermometers,1,4,4,2,2019,4,10
94.0,Subway 30303,3911 Alemany Bl.,Inadequately cleaned or sanitized food contact surfaces,2,8,3,2,2019,4,10
71.0,PHUKET THAI RESTAURANT,248 DIVISADERO St,Moderate risk food holding temperature,2,11,9,2,2019,4,10
82.0,THAI TIME RESTAURANT,315 08th Ave,Improper cooling methods,3,4,4,2,2019,4,10
82.0,Basa Seafood Express,3064 24th St,Foods not protected from contamination,2,2,5,2,2019,4,10
71.0,PHUKET THAI RESTAURANT,248 DIVISADERO St,Unclean unmaintained or improperly constructed toilet facilities,1,11,9,2,2019,4,10
90.0,J J Fish & Chicken,5100 03rd St,Inadequately cleaned or sanitized food contact surfaces,2,9,4,2,2019,4,10
88.0,Lava Restaurant & Lounge,527 BRYANT St,Improper storage of equipment utensils or linens,1,10,4,2,2019,4,10
82.0,Basa Seafood Express,3064 24th St,Inadequately cleaned or sanitized food contact surfaces,2,2,5,2,2019,4,10
87.0,RED A BAKERY,634 CLEMENT St,Inadequate procedures or records for time as a public health control,2,4,3,2,2019,4,10
92.0,Neiman Marcus On The Square,"150 Stockton St, Ground Floor",Moderate risk food holding temperature,2,3,2,2,2019,4,10
96.0,Neiman Marcus - Rotunda,150 Stockton St,Unapproved or unmaintained equipment or utensils,1,3,2,2,2019,4,10
71.0,PHUKET THAI RESTAURANT,248 DIVISADERO St,Unapproved or unmaintained equipment or utensils,1,11,9,2,2019,4,10
82.0,Basa Seafood Express,3064 24th St,Inadequate and inaccessible handwashing facilities,2,2,5,2,2019,4,10
71.0,PHUKET THAI RESTAURANT,248 DIVISADERO St,Low risk vermin infestation,1,11,9,2,2019,4,10
82.0,THAI TIME RESTAURANT,315 08th Ave,Unclean or degraded floors walls or ceilings,1,4,4,2,2019,4,10
82.0,Basa Seafood Express,3064 24th St,Unclean or degraded floors walls or ceilings,1,2,5,2,2019,4,10
96.0,Neiman Marcus - Rotunda,150 Stockton St,Unclean nonfood contact surfaces,1,3,2,2,2019,4,10
88.0,Lava Restaurant & Lounge,527 BRYANT St,Improper thawing methods,2,10,4,2,2019,4,10
92.0,Educated Palate,88 4th St.,Moderate risk food holding temperature,2,10,2,2,2019,4,10
87.0,CHA-AM RESTAURANT,701 FOLSOM St,Unclean or degraded floors walls or ceilings,1,10,4,2,2019,4,10
90.0,J J Fish & Chicken,5100 03rd St,Unclean nonfood contact surfaces,1,9,4,2,2019,4,10
87.0,CHA-AM RESTAURANT,701 FOLSOM St,Wiping cloths not clean or properly stored or inadequate sanitizer,1,10,4,2,2019,4,10
87.0,RED A BAKERY,634 CLEMENT St,Low risk vermin infestation,1,4,3,2,2019,4,10
96.0,Ritual Coffee Roasters,1026 Valencia St,Moderate risk food holding temperature,2,5,1,2,2019,4,10
92.0,Neiman Marcus On The Square,"150 Stockton St, Ground Floor",Inadequately cleaned or sanitized food contact surfaces,2,3,2,2,2019,4,10
71.0,PHUKET THAI RESTAURANT,248 DIVISADERO St,Improper storage of equipment utensils or linens,1,11,9,2,2019,4,10
96.0,SF Deli and Wine,810 MISSION St,Unclean or degraded floors walls or ceilings,1,10,2,2,2019,4,10
79.0,21 Taste House,1109 Ocean Ave,Foods not protected from contamination,2,8,6,2,2019,4,10
79.0,21 Taste House,1109 Ocean Ave,Unclean or degraded floors walls or ceilings,1,8,6,2,2019,4,10
79.0,21 Taste House,1109 Ocean Ave,High risk vermin infestation,3,8,6,2,2019,4,10
79.0,21 Taste House,1109 Ocean Ave,Wiping cloths not clean or properly stored or inadequate sanitizer,1,8,6,2,2019,4,10
79.0,21 Taste House,1109 Ocean Ave,No thermometers or uncalibrated thermometers,1,8,6,2,2019,4,10
96.0,Darren's Cafe,2731 Taylor St,Improper food storage,1,3,2,2,2019,4,10
96.0,Olivier's Butchery,1074 Illinois St,Noncompliance with HAACP plan or variance,2,9,1,2,2019,4,10
96.0,SF Deli and Wine,810 MISSION St,Improper food storage,1,10,2,2,2019,4,10
79.0,21 Taste House,1109 Ocean Ave,Inadequate and inaccessible handwashing facilities,2,8,6,2,2019,4,10
96.0,Darren's Cafe,2731 Taylor St,Improper storage of equipment utensils or linens,1,3,2,2,2019,4,10
100.0,Extreme Pizza,3911 Alemany Bl.,NA,0,8,3,2,2019,4,10
94.0,KISS SEAFOOD,1708 LAGUNA St,Inadequately cleaned or sanitized food contact surfaces,2,11,2,2,2019,4,11
92.0,LA MEXICANA BAKERY,2804 24th St,Unclean or degraded floors walls or ceilings,1,2,3,2,2019,4,11
94.0,Donut World,1399 09th Ave,Insufficient hot water or running water,2,7,2,2,2019,4,11
90.0,PIZZA HUT,3349 MISSION St,Food safety certificate or food handler card not available,1,2,3,2,2019,4,11
90.0,PIZZA HUT,3349 MISSION St,Employee eating or smoking,2,2,3,2,2019,4,11
85.0,Shanghai China Restaurant,1559 MISSION St,Inadequately cleaned or sanitized food contact surfaces,2,10,4,2,2019,4,11
81.0,Cafe Venue,218 Montgomery St,Foods not protected from contamination,2,3,5,2,2019,4,11
92.0,BLUE FRONT DELI,1430 HAIGHT St,Foods not protected from contamination,2,11,3,2,2019,4,11
88.0,Canchola's Bar,3775 MISSION St,Inadequate food safety knowledge or lack of certified food safety manager,2,2,4,2,2019,4,11
92.0,LA MEXICANA BAKERY,2804 24th St,Unapproved or unmaintained equipment or utensils,1,2,3,2,2019,4,11
96.0,SQUAT & GOBBLE CAFE #3,3600 16th St,Foods not protected from contamination,2,5,1,2,2019,4,11
81.0,Cafe Venue,218 Montgomery St,Unapproved or unmaintained equipment or utensils,1,3,5,2,2019,4,11
90.0,PIZZA HUT,3349 MISSION St,Inadequately cleaned or sanitized food contact surfaces,2,2,3,2,2019,4,11
96.0,NOE VALLEY MARKET,200 NOE St,Unapproved or unmaintained equipment or utensils,1,5,2,2,2019,4,11
85.0,Shanghai China Restaurant,1559 MISSION St,Low risk vermin infestation,1,10,4,2,2019,4,11
81.0,Cafe Venue,218 Montgomery St,Improper storage of equipment utensils or linens,1,3,5,2,2019,4,11
96.0,SF Senior Center at Aquatic Park Meals Program,890 Beach St,Insufficient hot water or running water,2,6,1,2,2019,4,11
92.0,BLUE FRONT DELI,1430 HAIGHT St,Unclean nonfood contact surfaces,1,11,3,2,2019,4,11
96.0,NOE VALLEY MARKET,200 NOE St,Unclean or degraded floors walls or ceilings,1,5,2,2,2019,4,11
88.0,Canchola's Bar,3775 MISSION St,Food safety certificate or food handler card not available,1,2,4,2,2019,4,11
92.0,BLUE FRONT DELI,1430 HAIGHT St,Improper food storage,1,11,3,2,2019,4,11
98.0,PANDA EXPRESS,3251 20th Ave 250H,Wiping cloths not clean or properly stored or inadequate sanitizer,1,8,1,2,2019,4,11
92.0,LA MEXICANA BAKERY,2804 24th St,Moderate risk food holding temperature,2,2,3,2,2019,4,11
94.0,KISS SEAFOOD,1708 LAGUNA St,Unapproved or unmaintained equipment or utensils,1,11,2,2,2019,4,11
85.0,Shanghai China Restaurant,1559 MISSION St,Inadequate dressing rooms or improper storage of personal items,1,10,4,2,2019,4,11
89.0,Mission Bay Cafe,550 Terry Francois St,Unclean or unsanitary food contact surfaces,3,10,2,2,2019,4,11
81.0,Cafe Venue,218 Montgomery St,Inadequate and inaccessible handwashing facilities,2,3,5,2,2019,4,11
93.0,SAN FRANCISCO MUSEUM OF MODERN ART,151 03rd St,Improper cooling methods,3,10,1,2,2019,4,11
94.0,Donut World,1399 09th Ave,Improper storage of equipment utensils or linens,1,7,2,2,2019,4,11
88.0,Canchola's Bar,3775 MISSION St,Inadequate and inaccessible handwashing facilities,2,2,4,2,2019,4,11
89.0,Mission Bay Cafe,550 Terry Francois St,Moderate risk food holding temperature,2,10,2,2,2019,4,11
85.0,Shanghai China Restaurant,1559 MISSION St,High risk food holding temperature,3,10,4,2,2019,4,11
88.0,Canchola's Bar,3775 MISSION St,Unclean nonfood contact surfaces,1,2,4,2,2019,4,11
81.0,Cafe Venue,218 Montgomery St,High risk food holding temperature,3,3,5,2,2019,4,11
90.0,Bluestem Brasserie,1 Yerba Buena Ln,Unclean or degraded floors walls or ceilings,1,10,3,2,2019,4,11
90.0,Cafe 24,600 16th St,Inadequately cleaned or sanitized food contact surfaces,2,9,3,2,2019,4,11
90.0,Cafeto Coffee Shop,111 Richland Ave,Inadequate food safety knowledge or lack of certified food safety manager,2,2,3,2,2019,4,11
90.0,Cafeto Coffee Shop,111 Richland Ave,Unsanitary employee garments hair or nails,1,2,3,2,2019,4,11
90.0,Cafe 24,600 16th St,Unapproved or unmaintained equipment or utensils,1,9,3,2,2019,4,11
90.0,Cafe 24,600 16th St,Moderate risk food holding temperature,2,9,3,2,2019,4,11
90.0,Bluestem Brasserie,1 Yerba Buena Ln,Moderate risk food holding temperature,2,10,3,2,2019,4,11
90.0,Cafeto Coffee Shop,111 Richland Ave,Insufficient hot water or running water,2,2,3,2,2019,4,11
90.0,Bluestem Brasserie,1 Yerba Buena Ln,Inadequately cleaned or sanitized food contact surfaces,2,10,3,2,2019,4,11
100.0,San Francisco Senior Center Downtown Branch,481 O'Farrell St,NA,0,10,1,2,2019,4,11
94.0,Press Club,20 Yerba Buena Ln,Wiping cloths not clean or properly stored or inadequate sanitizer,1,10,3,2,2019,4,12
86.0,"Guzman's Produce Market, Inc.",5229 MISSION St,Inadequately cleaned or sanitized food contact surfaces,2,1,4,2,2019,4,12
79.0,Courtney's Produce II,101 CASTRO St,Inadequately cleaned or sanitized food contact surfaces,2,5,5,2,2019,4,12
96.0,ANZU Restaurant,"222 Mason St, 2nd Floor",Insufficient hot water or running water,2,10,1,2,2019,4,12
92.0,Hotel Nikko-San Francisco - Harmony Room,"222 Mason St,  B1st Floor",Inadequate and inaccessible handwashing facilities,2,10,2,2,2019,4,12
98.0,Papa John's Pizza,69 Cambon Dr,Wiping cloths not clean or properly stored or inadequate sanitizer,1,8,1,2,2019,4,12
84.0,M & M SHORTSTOP,2145 GENEVA Ave,Unclean nonfood contact surfaces,1,9,6,2,2019,4,12
94.0,Press Club,20 Yerba Buena Ln,Improper or defective plumbing,1,10,3,2,2019,4,12
98.0,Hotel Nikko SF - Banquet Prep/Service Room,"222 Mason St, 3rd Floor",Unapproved or unmaintained equipment or utensils,1,10,1,2,2019,4,12
84.0,M & M SHORTSTOP,2145 GENEVA Ave,Unapproved or unmaintained equipment or utensils,1,9,6,2,2019,4,12
86.0,"Guzman's Produce Market, Inc.",5229 MISSION St,Improper thawing methods,2,1,4,2,2019,4,12
79.0,Courtney's Produce II,101 CASTRO St,Insufficient hot water or running water,2,5,5,2,2019,4,12
79.0,Courtney's Produce II,101 CASTRO St,Moderate risk vermin infestation,2,5,5,2,2019,4,12
84.0,M & M SHORTSTOP,2145 GENEVA Ave,Inadequate and inaccessible handwashing facilities,2,9,6,2,2019,4,12
84.0,M & M SHORTSTOP,2145 GENEVA Ave,Foods not protected from contamination,2,9,6,2,2019,4,12
86.0,"Guzman's Produce Market, Inc.",5229 MISSION St,Improper food storage,1,1,4,2,2019,4,12
98.0,XOX Truffles,7 Columbus Ave,Wiping cloths not clean or properly stored or inadequate sanitizer,1,3,1,2,2019,4,12
79.0,Courtney's Produce II,101 CASTRO St,Improper storage of equipment utensils or linens,1,5,5,2,2019,4,12
98.0,Ghirardelli Chocolate,24 Willie Mays Plaza,Wiping cloths not clean or properly stored or inadequate sanitizer,1,10,8,2,2019,4,12
88.0,J.T. Restaurant/Catering,953 MISSION St 100,Moderate risk food holding temperature,2,10,3,2,2019,4,12
84.0,M & M SHORTSTOP,2145 GENEVA Ave,Low risk vermin infestation,1,9,6,2,2019,4,12
94.0,Press Club,20 Yerba Buena Ln,Improper storage of equipment utensils or linens,1,10,3,2,2019,4,12
84.0,M & M SHORTSTOP,2145 GENEVA Ave,Unclean or degraded floors walls or ceilings,1,9,6,2,2019,4,12
79.0,Courtney's Produce II,101 CASTRO St,High risk food holding temperature,3,5,5,2,2019,4,12
86.0,"Guzman's Produce Market, Inc.",5229 MISSION St,Inadequate food safety knowledge or lack of certified food safety manager,2,1,4,2,2019,4,12
92.0,Hotel Nikko-San Francisco - Harmony Room,"222 Mason St,  B1st Floor",Insufficient hot water or running water,2,10,2,2,2019,4,12
88.0,J.T. Restaurant/Catering,953 MISSION St 100,Moderate risk vermin infestation,2,10,3,2,2019,4,12
88.0,J.T. Restaurant/Catering,953 MISSION St 100,Inadequately cleaned or sanitized food contact surfaces,2,10,3,2,2019,4,12
98.0,Bon Appetit @ Twitter,1355 Market St 9th Fl.,Wiping cloths not clean or properly stored or inadequate sanitizer,1,10,1,2,2019,4,12
92.0,Jimmy John's - Galleria,50 Post St Space 64A,Moderate risk food holding temperature,2,3,2,2,2019,4,12
92.0,Jimmy John's - Galleria,50 Post St Space 64A,Inadequate food safety knowledge or lack of certified food safety manager,2,3,2,2,2019,4,12
93.0,Hotel Nikko San Francisco,222 Mason St 2nd Foor,High risk food holding temperature,3,10,1,2,2019,4,12
100.0,SPRESSA,51 Cambon Dr,NA,0,8,1,2,2019,4,12
92.0,Specialty's Cafe & Bakery,"1 Post St, Lower Level",Improper storage of equipment utensils or linens,1,3,3,2,2019,4,15
87.0,Fresca Restaurant,737 IRVING St,Inadequately cleaned or sanitized food contact surfaces,2,11,3,2,2019,4,15
88.0,Amber India Corporation,25 Yerba Buena Ln,Food safety certificate or food handler card not available,1,10,4,2,2019,4,15
87.0,Working Girls' Cafe',0259 Kearny St,High risk vermin infestation,3,3,3,2,2019,4,15
90.0,S & W MARKET,399 HAIGHT St,Unapproved or unmaintained equipment or utensils,1,11,3,2,2019,4,15
85.0,TACO LOS ALTOS,737 CORTLAND Ave,Foods not protected from contamination,2,2,4,2,2019,4,15
84.0,La Taqueria Guadalajara,3146 24th St,Unclean nonfood contact surfaces,1,2,5,2,2019,4,15
87.0,Working Girls' Cafe',0259 Kearny St,Moderate risk food holding temperature,2,3,3,2,2019,4,15
85.0,TACO LOS ALTOS,737 CORTLAND Ave,Improper storage of equipment utensils or linens,1,2,4,2,2019,4,15
90.0,S & W MARKET,399 HAIGHT St,Inadequate and inaccessible handwashing facilities,2,11,3,2,2019,4,15
92.0,Specialty's Cafe & Bakery,"1 Post St, Lower Level",Insufficient hot water or running water,2,3,3,2,2019,4,15
88.0,Amber India Corporation,25 Yerba Buena Ln,Improper food storage,1,10,4,2,2019,4,15
84.0,La Taqueria Guadalajara,3146 24th St,Inadequately cleaned or sanitized food contact surfaces,2,2,5,2,2019,4,15
90.0,S & W MARKET,399 HAIGHT St,Moderate risk vermin infestation,2,11,3,2,2019,4,15
92.0,Specialty's Cafe & Bakery,"1 Post St, Lower Level",Unapproved or unmaintained equipment or utensils,1,3,3,2,2019,4,15
88.0,Amber India Corporation,25 Yerba Buena Ln,Inadequately cleaned or sanitized food contact surfaces,2,10,4,2,2019,4,15
84.0,La Taqueria Guadalajara,3146 24th St,Inadequate and inaccessible handwashing facilities,2,2,5,2,2019,4,15
85.0,TACO LOS ALTOS,737 CORTLAND Ave,Wiping cloths not clean or properly stored or inadequate sanitizer,1,2,4,2,2019,4,15
96.0,Sun Rise Restaurant,3126 24th St,Moderate risk vermin infestation,2,2,1,2,2019,4,15
84.0,La Taqueria Guadalajara,3146 24th St,Inadequate food safety knowledge or lack of certified food safety manager,2,2,5,2,2019,4,15
87.0,Fresca Restaurant,737 IRVING St,High risk food holding temperature,3,11,3,2,2019,4,15
85.0,TACO LOS ALTOS,737 CORTLAND Ave,Improper cooling methods,3,2,4,2,2019,4,15
87.0,Working Girls' Cafe',0259 Kearny St,Improper storage of equipment utensils or linens,1,3,3,2,2019,4,15
84.0,La Taqueria Guadalajara,3146 24th St,Unclean or degraded floors walls or ceilings,1,2,5,2,2019,4,15
87.0,Fresca Restaurant,737 IRVING St,Inadequate dressing rooms or improper storage of personal items,1,11,3,2,2019,4,15
88.0,Amber India Corporation,25 Yerba Buena Ln,Moderate risk food holding temperature,2,10,4,2,2019,4,15
74.0,Spices Restaurant,291 06th Ave,Unclean nonfood contact surfaces,1,4,6,2,2019,4,15
74.0,Spices Restaurant,291 06th Ave,Unclean or unsanitary food contact surfaces,3,4,6,2,2019,4,15
74.0,Spices Restaurant,291 06th Ave,High risk vermin infestation,3,4,6,2,2019,4,15
74.0,Spices Restaurant,291 06th Ave,Improper thawing methods,2,4,6,2,2019,4,15
74.0,Spices Restaurant,291 06th Ave,Moderate risk food holding temperature,2,4,6,2,2019,4,15
74.0,Spices Restaurant,291 06th Ave,Unapproved or unmaintained equipment or utensils,1,4,6,2,2019,4,15
100.0,SF Adult Day Services,50 Broad St,NA,0,1,1,2,2019,4,15
100.0,Missionaries of Charity,55 Sadowa St,NA,0,1,1,2,2019,4,15
81.0,Dar Bar Pakistani/Indian Cusine,1412 Polk St,Improper food storage,1,3,6,2,2019,4,16
90.0,Alioto's,Foot of Taylor St #8,Improper thawing methods,2,3,3,2,2019,4,16
94.0,Donairo's Pizza,6905 Geary Blvd,Employee eating or smoking,2,4,2,2,2019,4,16
90.0,Nonna Rose Restaurant,Foot of Taylor St #7,Moderate risk food holding temperature,2,3,3,2,2019,4,16
72.0,Thanh Tam II,577 Valencia St.,Unclean hands or improper use of gloves,3,2,6,2,2019,4,16
73.0,El Chico Produce Market #2,4600 Mission St,Unclean or degraded floors walls or ceilings,1,1,7,2,2019,4,16
94.0,Mercury Cafe,201 Octavia St,Unclean or degraded floors walls or ceilings,1,11,2,2,2019,4,16
81.0,Dar Bar Pakistani/Indian Cusine,1412 Polk St,Inadequately cleaned or sanitized food contact surfaces,2,3,6,2,2019,4,16
86.0,New Mings Restaurant,641 Mission St,Inadequate and inaccessible handwashing facilities,2,10,4,2,2019,4,16
83.0,TAQUERIA EL FAROLITO NO. 2,4817 MISSION St,Moderate risk food holding temperature,2,1,4,2,2019,4,16
98.0,STARBUCKS,350 RHODE ISLAND,Wiping cloths not clean or properly stored or inadequate sanitizer,1,9,1,2,2019,4,16
73.0,El Chico Produce Market #2,4600 Mission St,Unapproved or unmaintained equipment or utensils,1,1,7,2,2019,4,16
94.0,Donairo's Pizza,6905 Geary Blvd,Wiping cloths not clean or properly stored or inadequate sanitizer,1,4,2,2,2019,4,16
72.0,Thanh Tam II,577 Valencia St.,No hot water or running water,3,2,6,2,2019,4,16
83.0,HUNAN CHEF,525 CORTLAND Ave,Unclean nonfood contact surfaces,1,2,5,2,2019,4,16
73.0,El Chico Produce Market #2,4600 Mission St,Unclean hands or improper use of gloves,3,1,7,2,2019,4,16
86.0,EUROPA EXPRESS,746-750 LA PLAYA St,Improper food storage,1,4,4,2,2019,4,16
81.0,Dar Bar Pakistani/Indian Cusine,1412 Polk St,Unclean nonfood contact surfaces,1,3,6,2,2019,4,16
83.0,TAQUERIA EL FAROLITO NO. 2,4817 MISSION St,Improper food storage,1,1,4,2,2019,4,16
94.0,Episcopal Community Services,1001 Polk St.,Unapproved or unmaintained equipment or utensils,1,10,3,2,2019,4,16
86.0,EUROPA EXPRESS,746-750 LA PLAYA St,Noncompliance with HAACP plan or variance,2,4,4,2,2019,4,16
86.0,New Mings Restaurant,641 Mission St,Inadequately cleaned or sanitized food contact surfaces,2,10,4,2,2019,4,16
90.0,Alioto's,Foot of Taylor St #8,Inadequate and inaccessible handwashing facilities,2,3,3,2,2019,4,16
72.0,Thanh Tam II,577 Valencia St.,Moderate risk food holding temperature,2,2,6,2,2019,4,16
73.0,El Chico Produce Market #2,4600 Mission St,Moderate risk food holding temperature,2,1,7,2,2019,4,16
81.0,Dar Bar Pakistani/Indian Cusine,1412 Polk St,Unapproved or unmaintained equipment or utensils,1,3,6,2,2019,4,16
90.0,Nonna Rose Restaurant,Foot of Taylor St #7,Food safety certificate or food handler card not available,1,3,3,2,2019,4,16
72.0,Thanh Tam II,577 Valencia St.,Foods not protected from contamination,2,2,6,2,2019,4,16
94.0,Episcopal Community Services,1001 Polk St.,Inadequate warewashing facilities or equipment,1,10,3,2,2019,4,16
83.0,HUNAN CHEF,525 CORTLAND Ave,Non service animal,1,2,5,2,2019,4,16
72.0,Thanh Tam II,577 Valencia St.,Inadequately cleaned or sanitized food contact surfaces,2,2,6,2,2019,4,16
83.0,HUNAN CHEF,525 CORTLAND Ave,Improper storage use or identification of toxic substances,1,2,5,2,2019,4,16
83.0,TAQUERIA EL FAROLITO NO. 2,4817 MISSION St,Improper cooling methods,3,1,4,2,2019,4,16
94.0,Mercury Cafe,201 Octavia St,Insufficient hot water or running water,2,11,2,2,2019,4,16
81.0,Dar Bar Pakistani/Indian Cusine,1412 Polk St,Unclean or degraded floors walls or ceilings,1,3,6,2,2019,4,16
73.0,El Chico Produce Market #2,4600 Mission St,Moderate risk vermin infestation,2,1,7,2,2019,4,16
86.0,EUROPA EXPRESS,746-750 LA PLAYA St,Moderate risk food holding temperature,2,4,4,2,2019,4,16
86.0,New Mings Restaurant,641 Mission St,Improper thawing methods,2,10,4,2,2019,4,16
94.0,Episcopal Community Services,1001 Polk St.,Unclean nonfood contact surfaces,1,10,3,2,2019,4,16
90.0,Nonna Rose Restaurant,Foot of Taylor St #7,Inadequately cleaned or sanitized food contact surfaces,2,3,3,2,2019,4,16
73.0,El Chico Produce Market #2,4600 Mission St,Inadequate food safety knowledge or lack of certified food safety manager,2,1,7,2,2019,4,16
86.0,EUROPA EXPRESS,746-750 LA PLAYA St,Moderate risk vermin infestation,2,4,4,2,2019,4,16
83.0,HUNAN CHEF,525 CORTLAND Ave,Foods not protected from contamination,2,2,5,2,2019,4,16
90.0,Alioto's,Foot of Taylor St #8,Unapproved or unmaintained equipment or utensils,1,3,3,2,2019,4,16
86.0,New Mings Restaurant,641 Mission St,Improper storage use or identification of toxic substances,1,10,4,2,2019,4,16
72.0,Thanh Tam II,577 Valencia St.,Unclean or degraded floors walls or ceilings,1,2,6,2,2019,4,16
83.0,HUNAN CHEF,525 CORTLAND Ave,High risk food holding temperature,3,2,5,2,2019,4,16
73.0,El Chico Produce Market #2,4600 Mission St,Inadequately cleaned or sanitized food contact surfaces,2,1,7,2,2019,4,16
83.0,TAQUERIA EL FAROLITO NO. 2,4817 MISSION St,Inadequately cleaned or sanitized food contact surfaces,2,1,4,2,2019,4,16
81.0,Dar Bar Pakistani/Indian Cusine,1412 Polk St,High risk vermin infestation,3,3,6,2,2019,4,16
98.0,Happy Yogurt,503 33rd Ave,Wiping cloths not clean or properly stored or inadequate sanitizer,1,4,1,2,2019,4,16
100.0,Farm Fresh Underground,1650 Holloway Ave LC,NA,0,8,1,2,2019,4,16
100.0,WEBSTER ELEMENTARY SCHOOL,465 MISSOURI St,NA,0,9,1,2,2019,4,16
100.0,SFSU STATION CAFE,1600 Holloway Ave,NA,0,8,1,2,2019,4,16
100.0,KING ELEMENTARY SCHOOL,1215 CAROLINA St,NA,0,9,1,2,2019,4,16
86.0,YUMMA'S MED GRILL,721 IRVING St,Unclean or unsanitary food contact surfaces,3,11,2,2,2019,4,17
90.0,CHAVA'S,2839 MISSION St,Improper food storage,1,2,4,2,2019,4,17
90.0,360 Gourmet Burrito,50 Post St #59-60,Unclean or degraded floors walls or ceilings,1,3,4,2,2019,4,17
96.0,Sushi Rapture,1400 Leavenworth St,Improper or defective plumbing,1,3,2,2,2019,4,17
90.0,GARDEN CT. RESTAURANT & BAR,2 NEW MONTGOMERY St,Noncompliance with HAACP plan or variance,2,10,7,2,2019,4,17
90.0,BAKERY/ICE CREAM/STOREROOM,2 New Montgomery St,Improper storage of equipment utensils or linens,1,10,3,2,2019,4,17
83.0,ASIA SF LLC,201 09th St,Moderate risk vermin infestation,2,10,4,2,2019,4,17
89.0,ARINELL PIZZA,509 VALENCIA St,High risk vermin infestation,3,2,2,2,2019,4,17
87.0,Twenty Five Lusk,25 Lusk St,Improper or defective plumbing,1,10,4,2,2019,4,17
88.0,The Grind Cafe,783 Haight St,Food safety certificate or food handler card not available,1,11,4,2,2019,4,17
82.0,RUBIN'S,101 SPEAR St,Improper or defective plumbing,1,10,4,2,2019,4,17
92.0,SHERA.-PAL.HOTEL MAXFIELD'S GRILL,2 NEW MONTGOMERY St,Inadequate and inaccessible handwashing facilities,2,10,7,2,2019,4,17
86.0,All stars Donuts,901 Clement St,Moderate risk food holding temperature,2,4,4,2,2019,4,17
90.0,Kells,530 Jackson St,Wiping cloths not clean or properly stored or inadequate sanitizer,1,3,3,2,2019,4,17
96.0,STONESTOWN FAMILY YMCA (SR. ANNEX),3150 20th Ave,Inadequately cleaned or sanitized food contact surfaces,2,8,1,2,2019,4,17
86.0,YUMMA'S MED GRILL,721 IRVING St,Improper reheating of food,3,11,2,2,2019,4,17
96.0,Sushi Rapture,1400 Leavenworth St,Unclean nonfood contact surfaces,1,3,2,2,2019,4,17
90.0,CHAVA'S,2839 MISSION St,Unapproved or unmaintained equipment or utensils,1,2,4,2,2019,4,17
90.0,CHAVA'S,2839 MISSION St,Inadequately cleaned or sanitized food contact surfaces,2,2,4,2,2019,4,17
98.0,CAFE-ROSSO,1600 HOLLOWAY Ave,Wiping cloths not clean or properly stored or inadequate sanitizer,1,8,1,2,2019,4,17
90.0,360 Gourmet Burrito,50 Post St #59-60,Improper or defective plumbing,1,3,4,2,2019,4,17
86.0,All stars Donuts,901 Clement St,Unclean nonfood contact surfaces,1,4,4,2,2019,4,17
82.0,RUBIN'S,101 SPEAR St,Unclean or degraded floors walls or ceilings,1,10,4,2,2019,4,17
94.0,SHERATON PALACE - EMP.  CAFETERIA,2 NEW MONTGOMERY St,Unclean or degraded floors walls or ceilings,1,10,7,2,2019,4,17
98.0,MUDDY WATERS,521 VALENCIA St,Unapproved or unmaintained equipment or utensils,1,2,1,2,2019,4,17
90.0,Kells,530 Jackson St,Insufficient hot water or running water,2,3,3,2,2019,4,17
83.0,ASIA SF LLC,201 09th St,Unclean or unsanitary food contact surfaces,3,10,4,2,2019,4,17
82.0,RUBIN'S,101 SPEAR St,High risk food holding temperature,3,10,4,2,2019,4,17
90.0,360 Gourmet Burrito,50 Post St #59-60,Wiping cloths not clean or properly stored or inadequate sanitizer,1,3,4,2,2019,4,17
94.0,SHERATON PALACE - EMP.  CAFETERIA,2 NEW MONTGOMERY St,Moderate risk food holding temperature,2,10,7,2,2019,4,17
90.0,CHAVA'S,2839 MISSION St,Improper or defective plumbing,1,2,4,2,2019,4,17
87.0,Twenty Five Lusk,25 Lusk St,High risk food holding temperature,3,10,4,2,2019,4,17
86.0,All stars Donuts,901 Clement St,Improper thawing methods,2,4,4,2,2019,4,17
88.0,The Grind Cafe,783 Haight St,Low risk vermin infestation,1,11,4,2,2019,4,17
90.0,GARDEN CT. RESTAURANT & BAR,2 NEW MONTGOMERY St,Wiping cloths not clean or properly stored or inadequate sanitizer,1,10,7,2,2019,4,17
90.0,Kells,530 Jackson St,Inadequate and inaccessible handwashing facilities,2,3,3,2,2019,4,17
83.0,ASIA SF LLC,201 09th St,Unclean or degraded floors walls or ceilings,1,10,4,2,2019,4,17
90.0,BAKERY/ICE CREAM/STOREROOM,2 New Montgomery St,Moderate risk vermin infestation,2,10,3,2,2019,4,17
90.0,360 Gourmet Burrito,50 Post St #59-60,Moderate risk vermin infestation,2,3,4,2,2019,4,17
92.0,"7-Eleven, Store 2366-21389F",2200 BAYSHORE Blvd,Inadequately cleaned or sanitized food contact surfaces,2,9,2,2,2019,4,17
82.0,RUBIN'S,101 SPEAR St,Improper cooling methods,3,10,4,2,2019,4,17
90.0,GARDEN CT. RESTAURANT & BAR,2 NEW MONTGOMERY St,Noncompliance with shell fish tags or display,2,10,7,2,2019,4,17
89.0,ARINELL PIZZA,509 VALENCIA St,Inadequately cleaned or sanitized food contact surfaces,2,2,2,2,2019,4,17
86.0,All stars Donuts,901 Clement St,Inadequately cleaned or sanitized food contact surfaces,2,4,4,2,2019,4,17
88.0,The Grind Cafe,783 Haight St,Inadequately cleaned or sanitized food contact surfaces,2,11,4,2,2019,4,17
87.0,Twenty Five Lusk,25 Lusk St,Noncompliance with shell fish tags or display,2,10,4,2,2019,4,17
92.0,SHERA.-PAL.HOTEL MAXFIELD'S GRILL,2 NEW MONTGOMERY St,Inadequately cleaned or sanitized food contact surfaces,2,10,7,2,2019,4,17
83.0,ASIA SF LLC,201 09th St,Foods not protected from contamination,2,10,4,2,2019,4,17
90.0,BAKERY/ICE CREAM/STOREROOM,2 New Montgomery St,Moderate risk food holding temperature,2,10,3,2,2019,4,17
88.0,The Grind Cafe,783 Haight St,Foods not protected from contamination,2,11,4,2,2019,4,17
92.0,"7-Eleven, Store 2366-21389F",2200 BAYSHORE Blvd,Inadequate and inaccessible handwashing facilities,2,9,2,2,2019,4,17
94.0,Nizario's Pizza #2,4077 18th St,Inadequate dressing rooms or improper storage of personal items,1,5,2,2,2019,4,17
83.0,Steins,731 Clement St,Inadequate ventilation or lighting,1,4,5,2,2019,4,17
83.0,Steins,731 Clement St,Unapproved or unmaintained equipment or utensils,1,4,5,2,2019,4,17
94.0,Co Nam,1653 Polk St,Foods not protected from contamination,2,3,2,2,2019,4,17
83.0,Steins,731 Clement St,Improper or defective plumbing,1,4,5,2,2019,4,17
94.0,Co Nam,1653 Polk St,Unapproved or unmaintained equipment or utensils,1,3,2,2,2019,4,17
94.0,Nizario's Pizza #2,4077 18th St,Inadequate and inaccessible handwashing facilities,2,5,2,2,2019,4,17
83.0,Steins,731 Clement St,Moderate risk food holding temperature,2,4,5,2,2019,4,17
83.0,Steins,731 Clement St,Unclean or unsanitary food contact surfaces,3,4,5,2,2019,4,17
100.0,UA Twin Stonestown,501 Buckingham Way,NA,0,8,6,2,2019,4,17
100.0,UA Twin Stonestown,501 Buckingham Way,NA,0,8,6,2,2019,4,17
100.0,UA Twin Stonestown,501 Buckingham Way,NA,0,8,6,2,2019,4,17
100.0,UA Twin Stonestown,501 Buckingham Way,NA,0,8,6,2,2019,4,17
100.0,UA Twin Stonestown,501 Buckingham Way,NA,0,8,6,2,2019,4,17
100.0,UA Twin Stonestown,501 Buckingham Way,NA,0,8,6,2,2019,4,17
100.0,Peet's Coffee and Tea,1630 Holloway Ave,NA,0,8,1,2,2019,4,17
87.0,JIM'S RESTAURANT,2420 MISSION St,Inadequately cleaned or sanitized food contact surfaces,2,2,3,2,2019,4,18
92.0,Marines Memorial Club - Banquet,609 Sutter St 10th Floor,Improper food storage,1,3,3,2,2019,4,18
92.0,Marines Memorial Club - Banquet,609 Sutter St 10th Floor,Wiping cloths not clean or properly stored or inadequate sanitizer,1,3,3,2,2019,4,18
87.0,JIM'S RESTAURANT,2420 MISSION St,High risk food holding temperature,3,2,3,2,2019,4,18
92.0,Harlot,46 Minna St,Inadequately cleaned or sanitized food contact surfaces,2,10,2,2,2019,4,18
94.0,Leatherneck Steakhouse - Marines' Memorial Assn,"609 Sutter St,  12th Floor",Unclean or degraded floors walls or ceilings,1,3,2,2,2019,4,18
96.0,CULINARY ARTS & HOSPITALITY,50 PHELAN Ave,Moderate risk food holding temperature,2,8,1,2,2019,4,18
92.0,Harlot,46 Minna St,Insufficient hot water or running water,2,10,2,2,2019,4,18
87.0,JIM'S RESTAURANT,2420 MISSION St,Low risk vermin infestation,1,2,3,2,2019,4,18
94.0,Leatherneck Steakhouse - Marines' Memorial Assn,"609 Sutter St,  12th Floor",Moderate risk food holding temperature,2,3,2,2,2019,4,18
92.0,Marines Memorial Club - Banquet,609 Sutter St 10th Floor,Inadequate and inaccessible handwashing facilities,2,3,3,2,2019,4,18
86.0,Izakaya Kou,1560 Fillmore St,Wiping cloths not clean or properly stored or inadequate sanitizer,1,11,5,2,2019,4,18
75.0,Soo Fong Restaurant,3801 03rd St 370,Unclean or degraded floors walls or ceilings,1,9,7,2,2019,4,18
86.0,Izakaya Kou,1560 Fillmore St,Low risk vermin infestation,1,11,5,2,2019,4,18
75.0,Soo Fong Restaurant,3801 03rd St 370,Inadequate or unsanitary refuse containers or area or no garbage service,1,9,7,2,2019,4,18
86.0,Izakaya Kou,1560 Fillmore St,Inadequate and inaccessible handwashing facilities,2,11,5,2,2019,4,18
75.0,Soo Fong Restaurant,3801 03rd St 370,Inadequately cleaned or sanitized food contact surfaces,2,9,7,2,2019,4,18
86.0,Izakaya Kou,1560 Fillmore St,Improper thawing methods,2,11,5,2,2019,4,18
75.0,Soo Fong Restaurant,3801 03rd St 370,Inadequate and inaccessible handwashing facilities,2,9,7,2,2019,4,18
75.0,Soo Fong Restaurant,3801 03rd St 370,Unapproved or unmaintained equipment or utensils,1,9,7,2,2019,4,18
75.0,Soo Fong Restaurant,3801 03rd St 370,High risk food holding temperature,3,9,7,2,2019,4,18
75.0,Soo Fong Restaurant,3801 03rd St 370,Foods not protected from contamination,2,9,7,2,2019,4,18
86.0,Izakaya Kou,1560 Fillmore St,Improper storage of equipment utensils or linens,1,11,5,2,2019,4,18
100.0,CHEVRON #1712,1790 LOMBARD St,NA,0,6,1,2,2019,4,18
92.0,LADLE AND LEAF,580 California St,Insufficient hot water or running water,2,3,2,2,2019,4,19
94.0,Sam's Market,580 Precita Ave,Unclean or degraded floors walls or ceilings,1,2,2,2,2019,4,19
87.0,Seafood Center,831 Clement St,Unapproved or unmaintained equipment or utensils,1,4,3,2,2019,4,19
91.0,Andersen Bakery,50 Post St #1,High risk food holding temperature,3,3,2,2,2019,4,19
94.0,Sam's Market,580 Precita Ave,Insufficient hot water or running water,2,2,2,2,2019,4,19
91.0,Andersen Bakery,50 Post St #1,Wiping cloths not clean or properly stored or inadequate sanitizer,1,3,2,2,2019,4,19
87.0,Seafood Center,831 Clement St,Improper thawing methods,2,4,3,2,2019,4,19
91.0,Nopalito,306 Broderick St,Unclean or unsanitary food contact surfaces,3,11,2,2,2019,4,19
96.0,TASTEBUDS,600 05th Ave,Wiping cloths not clean or properly stored or inadequate sanitizer,1,4,2,2,2019,4,19
92.0,LADLE AND LEAF,580 California St,Moderate risk food holding temperature,2,3,2,2,2019,4,19
91.0,Nopalito,306 Broderick St,Unapproved or unmaintained equipment or utensils,1,11,2,2,2019,4,19
87.0,Seafood Center,831 Clement St,Unclean or unsanitary food contact surfaces,3,4,3,2,2019,4,19
96.0,TASTEBUDS,600 05th Ave,Unapproved or unmaintained equipment or utensils,1,4,2,2,2019,4,19
100.0,Chevron #1539,1288 19th Ave,NA,0,7,1,2,2019,4,19
65.0,Duc Loi Supermarket,2200 MISSION St,Unclean nonfood contact surfaces,1,2,8,2,2019,4,22
84.0,Cable Car Restaurant,1040 Columbus Ave,Permit license or inspection report not posted,1,3,6,2,2019,4,22
94.0,CENTRO LATINO DE SAN FRANCISCO,1656 15th St,Unclean or degraded floors walls or ceilings,1,2,2,2,2019,4,22
86.0,Jamie Supermarket,1135 Stockton St,Inadequately cleaned or sanitized food contact surfaces,2,3,4,2,2019,4,22
88.0,Hollywood Cafe,530 North Point St,Insufficient hot water or running water,2,3,3,2,2019,4,22
88.0,PROGRESSIVE GROUNDS,400 CORTLAND Ave,Foods not protected from contamination,2,2,4,2,2019,4,22
98.0,Inga Donuts,1026 Hyde St,Low risk vermin infestation,1,3,1,2,2019,4,22
65.0,Duc Loi Supermarket,2200 MISSION St,High risk food holding temperature,3,2,8,2,2019,4,22
84.0,Cable Car Restaurant,1040 Columbus Ave,Improper storage of equipment utensils or linens,1,3,6,2,2019,4,22
80.0,The Sentinel,35 New Montgomery St,High risk food holding temperature,3,10,4,2,2019,4,22
65.0,Duc Loi Supermarket,2200 MISSION St,Improper storage use or identification of toxic substances,1,2,8,2,2019,4,22
82.0,New Golden Daisy,1041 Stockton St,Unclean or degraded floors walls or ceilings,1,3,6,2,2019,4,22
88.0,PROGRESSIVE GROUNDS,400 CORTLAND Ave,Low risk vermin infestation,1,2,4,2,2019,4,22
82.0,New Golden Daisy,1041 Stockton St,Improper food storage,1,3,6,2,2019,4,22
84.0,Cable Car Restaurant,1040 Columbus Ave,Inadequate and inaccessible handwashing facilities,2,3,6,2,2019,4,22
82.0,New Golden Daisy,1041 Stockton St,Inadequately cleaned or sanitized food contact surfaces,2,3,6,2,2019,4,22
88.0,PROGRESSIVE GROUNDS,400 CORTLAND Ave,Inadequately cleaned or sanitized food contact surfaces,2,2,4,2,2019,4,22
65.0,Duc Loi Supermarket,2200 MISSION St,Improper or defective plumbing,1,2,8,2,2019,4,22
88.0,Hollywood Cafe,530 North Point St,Inadequately cleaned or sanitized food contact surfaces,2,3,3,2,2019,4,22
65.0,Duc Loi Supermarket,2200 MISSION St,High risk vermin infestation,3,2,8,2,2019,4,22
82.0,New Golden Daisy,1041 Stockton St,Unapproved or unmaintained equipment or utensils,1,3,6,2,2019,4,22
88.0,PROGRESSIVE GROUNDS,400 CORTLAND Ave,Unapproved or unmaintained equipment or utensils,1,2,4,2,2019,4,22
84.0,Cable Car Restaurant,1040 Columbus Ave,Food safety certificate or food handler card not available,1,3,6,2,2019,4,22
100.0,SAN FRANCISCO MUSEUM OF MODERN ART,151 03rd St,NA,0,10,1,2,2019,4,22
80.0,The Sentinel,35 New Montgomery St,Food safety certificate or food handler card not available,1,10,4,2,2019,4,22
94.0,Lou's Cafe,5017 Geary Blvd,Inadequate and inaccessible handwashing facilities,2,4,2,2,2019,4,22
98.0,The Salvation Army,240 Turk St,Unapproved or unmaintained equipment or utensils,1,10,1,2,2019,4,22
82.0,New Golden Daisy,1041 Stockton St,Inadequate and inaccessible handwashing facilities,2,3,6,2,2019,4,22
86.0,Jamie Supermarket,1135 Stockton St,Food safety certificate or food handler card not available,1,3,4,2,2019,4,22
65.0,Duc Loi Supermarket,2200 MISSION St,Unclean or unsanitary food contact surfaces,3,2,8,2,2019,4,22
84.0,Cable Car Restaurant,1040 Columbus Ave,Inadequately cleaned or sanitized food contact surfaces,2,3,6,2,2019,4,22
65.0,Duc Loi Supermarket,2200 MISSION St,Food in poor condition,2,2,8,2,2019,4,22
80.0,The Sentinel,35 New Montgomery St,Unclean or unsanitary food contact surfaces,3,10,4,2,2019,4,22
86.0,Jamie Supermarket,1135 Stockton St,Inadequate and inaccessible handwashing facilities,2,3,4,2,2019,4,22
88.0,Hollywood Cafe,530 North Point St,Moderate risk food holding temperature,2,3,3,2,2019,4,22
98.0,KENTUCKY FRIED CHICKEN,2040 OCEAN Ave,Unclean or degraded floors walls or ceilings,1,8,1,2,2019,4,22
96.0,JAVA ON OCEAN,1700 OCEAN Ave,Foods not protected from contamination,2,8,1,2,2019,4,22
84.0,Cable Car Restaurant,1040 Columbus Ave,Improper food storage,1,3,6,2,2019,4,22
94.0,Lou's Cafe,5017 Geary Blvd,Low risk vermin infestation,1,4,2,2,2019,4,22
86.0,Jamie Supermarket,1135 Stockton St,Foods not protected from contamination,2,3,4,2,2019,4,22
94.0,CENTRO LATINO DE SAN FRANCISCO,1656 15th St,Moderate risk food holding temperature,2,2,2,2,2019,4,22
65.0,Duc Loi Supermarket,2200 MISSION St,Foods not protected from contamination,2,2,8,2,2019,4,22
80.0,The Sentinel,35 New Montgomery St,Inadequately cleaned or sanitized food contact surfaces,2,10,4,2,2019,4,22
82.0,New Golden Daisy,1041 Stockton St,Moderate risk food holding temperature,2,3,6,2,2019,4,22
91.0,Original Joe's,601 Union St,Unapproved or unmaintained equipment or utensils,1,3,2,2,2019,4,22
77.0,Cafe Troya Fillmore,2125 FILLMORE St,Unclean or degraded floors walls or ceilings,1,6,6,2,2019,4,22
77.0,Cafe Troya Fillmore,2125 FILLMORE St,Foods not protected from contamination,2,6,6,2,2019,4,22
84.0,Bayshore Market Deli & Liquor,300 BAYSHORE Blvd,Insufficient hot water or running water,2,2,5,2,2019,4,22
77.0,Cafe Troya Fillmore,2125 FILLMORE St,Unclean or unsanitary food contact surfaces,3,6,6,2,2019,4,22
77.0,Cafe Troya Fillmore,2125 FILLMORE St,Low risk vermin infestation,1,6,6,2,2019,4,22
84.0,Bayshore Market Deli & Liquor,300 BAYSHORE Blvd,Unapproved or unmaintained equipment or utensils,1,2,5,2,2019,4,22
90.0,Precita Park Cafe,500 PRECITA Ave,Unapproved or unmaintained equipment or utensils,1,2,3,2,2019,4,22
84.0,Bayshore Market Deli & Liquor,300 BAYSHORE Blvd,Wiping cloths not clean or properly stored or inadequate sanitizer,1,2,5,2,2019,4,22
84.0,Bayshore Market Deli & Liquor,300 BAYSHORE Blvd,Moderate risk food holding temperature,2,2,5,2,2019,4,22
77.0,Cafe Troya Fillmore,2125 FILLMORE St,Inadequate and inaccessible handwashing facilities,2,6,6,2,2019,4,22
90.0,Precita Park Cafe,500 PRECITA Ave,Inadequate and inaccessible handwashing facilities,2,2,3,2,2019,4,22
90.0,Precita Park Cafe,500 PRECITA Ave,Moderate risk food holding temperature,2,2,3,2,2019,4,22
91.0,Original Joe's,601 Union St,High risk food holding temperature,3,3,2,2,2019,4,22
84.0,Bayshore Market Deli & Liquor,300 BAYSHORE Blvd,Food in poor condition,2,2,5,2,2019,4,22
77.0,Cafe Troya Fillmore,2125 FILLMORE St,Moderate risk food holding temperature,2,6,6,2,2019,4,22
86.0,Palio D'Asti,640 Sacramento St,Unapproved or unmaintained equipment or utensils,1,3,4,2,2019,4,23
90.0,STARBELLY,3583 16th St,Inadequate and inaccessible handwashing facilities,2,5,3,2,2019,4,23
94.0,Villa Taverna,27 Hotaling Pl,Improper storage of equipment utensils or linens,1,3,2,2,2019,4,23
94.0,Aroma Tea Shop,845 Washington St,Insufficient hot water or running water,2,3,2,2,2019,4,23
96.0,Starbucks Coffee,555 California St,Insufficient hot water or running water,2,3,3,2,2019,4,23
96.0,Starbucks Coffee,555 California St,Insufficient hot water or running water,2,3,3,2,2019,4,23
96.0,Starbucks Coffee,555 California St,Insufficient hot water or running water,2,3,3,2,2019,4,23
92.0,Moscone Ctr. Northside Cafe/Cafe D,747 Howard St Basement,Foods not protected from contamination,2,10,2,2,2019,4,23
89.0,Mid City Market,868 Geary St,High risk vermin infestation,3,10,3,2,2019,4,23
94.0,THE BLUE PLATE,3218 MISSION St,Improper storage of equipment utensils or linens,1,2,2,2,2019,4,23
86.0,Palio D'Asti,640 Sacramento St,Inadequate and inaccessible handwashing facilities,2,3,4,2,2019,4,23
92.0,Moscone Ctr. Northside Cafe/Cafe D,747 Howard St Basement,Moderate risk vermin infestation,2,10,2,2,2019,4,23
94.0,THE BLUE PLATE,3218 MISSION St,Inadequately cleaned or sanitized food contact surfaces,2,2,2,2,2019,4,23
88.0,LUPA TRATTORIA,4109 24th St,Inadequate and inaccessible handwashing facilities,2,5,3,2,2019,4,23
94.0,Aroma Tea Shop,845 Washington St,Low risk vermin infestation,1,3,2,2,2019,4,23
90.0,STARBELLY,3583 16th St,Improper storage of equipment utensils or linens,1,5,3,2,2019,4,23
89.0,Mid City Market,868 Geary St,Unapproved or unmaintained equipment or utensils,1,10,3,2,2019,4,23
88.0,LUPA TRATTORIA,4109 24th St,Foods not protected from contamination,2,5,3,2,2019,4,23
86.0,Palio D'Asti,640 Sacramento St,Insufficient hot water or running water,2,3,4,2,2019,4,23
89.0,Mid City Market,868 Geary St,Unclean nonfood contact surfaces,1,10,3,2,2019,4,23
98.0,VERDI CLUB,2424A MARIPOSA St,Food safety certificate or food handler card not available,1,9,1,2,2019,4,23
86.0,Palio D'Asti,640 Sacramento St,Inadequately cleaned or sanitized food contact surfaces,2,3,4,2,2019,4,23
90.0,STARBELLY,3583 16th St,Inadequately cleaned or sanitized food contact surfaces,2,5,3,2,2019,4,23
88.0,LUPA TRATTORIA,4109 24th St,Inadequately cleaned or sanitized food contact surfaces,2,5,3,2,2019,4,23
94.0,Villa Taverna,27 Hotaling Pl,Noncompliance with HAACP plan or variance,2,3,2,2,2019,4,23
84.0,The Little Chihuahua,292 Divisadero St,Foods not protected from contamination,2,11,4,2,2019,4,24
83.0,CASA MEXICANA,180 CHURCH,Inadequate and inaccessible handwashing facilities,2,5,4,2,2019,4,24
87.0,VALENCIA FARMER'S MARKET,1299 VALENCIA St,Inadequate food safety knowledge or lack of certified food safety manager,2,2,3,2,2019,4,24
85.0,MIKI RESTAURANT,3639 BALBOA St,Unclean or degraded floors walls or ceilings,1,4,4,2,2019,4,24
83.0,CASA MEXICANA,180 CHURCH,Unapproved or unmaintained equipment or utensils,1,5,4,2,2019,4,24
84.0,The Little Chihuahua,292 Divisadero St,Inadequately cleaned or sanitized food contact surfaces,2,11,4,2,2019,4,24
84.0,The Little Chihuahua,292 Divisadero St,Inadequate and inaccessible handwashing facilities,2,11,4,2,2019,4,24
87.0,VALENCIA FARMER'S MARKET,1299 VALENCIA St,High risk food holding temperature,3,2,3,2,2019,4,24
83.0,CASA MEXICANA,180 CHURCH,Improper thawing methods,2,5,4,2,2019,4,24
85.0,MIKI RESTAURANT,3639 BALBOA St,Moderate risk food holding temperature,2,4,4,2,2019,4,24
85.0,MIKI RESTAURANT,3639 BALBOA St,Improper storage use or identification of toxic substances,1,4,4,2,2019,4,24
84.0,The Little Chihuahua,292 Divisadero St,Moderate risk vermin infestation,2,11,4,2,2019,4,24
83.0,CASA MEXICANA,180 CHURCH,High risk food holding temperature,3,5,4,2,2019,4,24
87.0,VALENCIA FARMER'S MARKET,1299 VALENCIA St,Low risk vermin infestation,1,2,3,2,2019,4,24
85.0,MIKI RESTAURANT,3639 BALBOA St,Improper cooling methods,3,4,4,2,2019,4,24
92.0,Burger King 3684,819 Van Ness Ave,Inadequate dressing rooms or improper storage of personal items,1,11,3,2,2019,4,24
92.0,Burger King 3684,819 Van Ness Ave,Unclean or degraded floors walls or ceilings,1,11,3,2,2019,4,24
92.0,Burger King 3684,819 Van Ness Ave,Insufficient hot water or running water,2,11,3,2,2019,4,24
100.0,AFC SUSHI @ SAFEWAY 1507,2020 MARKET St,NA,0,5,1,2,2019,4,24
94.0,Korean Village Restaurant,4611 GEARY Blvd,Moderate risk food holding temperature,2,4,2,2,2019,4,25
96.0,House of Thai,901 LARKIN ST,Unapproved or unmaintained equipment or utensils,1,10,2,2,2019,4,25
92.0,Sodexo at Academy of Art University,620 Sutter St  2nd Floor,Improper thawing methods,2,3,2,2,2019,4,25
92.0,JR. Seafood LLC,310 Bayshore Blvd,Insufficient hot water or running water,2,2,3,2,2019,4,25
93.0,Petite Auberge,863 Bush St,Unclean or unsanitary food contact surfaces,3,3,1,2,2019,4,25
85.0,Green Chile Kitchen,1801 McAllister,Unapproved or unmaintained equipment or utensils,1,11,4,2,2019,4,25
87.0,LADLE & LEAF,1 California St,High risk food holding temperature,3,3,3,2,2019,4,25
90.0,JAVA SUPREME,0703 GUERRERO St,Moderate risk vermin infestation,2,5,3,2,2019,4,25
94.0,Korean Village Restaurant,4611 GEARY Blvd,Unapproved or unmaintained equipment or utensils,1,4,2,2,2019,4,25
73.0,MENKEE WONTON,1701 Noriega St,Unclean nonfood contact surfaces,1,7,8,2,2019,4,25
73.0,MENKEE WONTON,1701 Noriega St,High risk food holding temperature,3,7,8,2,2019,4,25
79.0,Focaccia Market Bakery,119 Sacramento St A,Insufficient hot water or running water,2,3,5,2,2019,4,25
94.0,White Swan Inn,845 Bush St,Moderate risk food holding temperature,2,3,2,2,2019,4,25
73.0,MENKEE WONTON,1701 Noriega St,Unapproved or unmaintained equipment or utensils,1,7,8,2,2019,4,25
85.0,Green Chile Kitchen,1801 McAllister,Inadequately cleaned or sanitized food contact surfaces,2,11,4,2,2019,4,25
92.0,JR. Seafood LLC,310 Bayshore Blvd,Unclean or degraded floors walls or ceilings,1,2,3,2,2019,4,25
73.0,MENKEE WONTON,1701 Noriega St,Inadequately cleaned or sanitized food contact surfaces,2,7,8,2,2019,4,25
79.0,Focaccia Market Bakery,119 Sacramento St A,Wiping cloths not clean or properly stored or inadequate sanitizer,1,3,5,2,2019,4,25
73.0,MENKEE WONTON,1701 Noriega St,Moderate risk vermin infestation,2,7,8,2,2019,4,25
94.0,White Swan Inn,845 Bush St,Improper food storage,1,3,2,2,2019,4,25
91.0,GASPARE'S PIZZA HOUSE AND ITALIAN RESTAURANT,5546 GEARY Blvd,Low risk vermin infestation,1,4,2,2,2019,4,25
90.0,JAVA SUPREME,0703 GUERRERO St,Unclean or degraded floors walls or ceilings,1,5,3,2,2019,4,25
96.0,Guerrero Market,701 Guerrero St,Employee eating or smoking,2,5,1,2,2019,4,25
85.0,Green Chile Kitchen,1801 McAllister,Unclean or degraded floors walls or ceilings,1,11,4,2,2019,4,25
79.0,Focaccia Market Bakery,119 Sacramento St A,Foods not protected from contamination,2,3,5,2,2019,4,25
87.0,LADLE & LEAF,1 California St,Insufficient hot water or running water,2,3,3,2,2019,4,25
96.0,Peet's Coffee & Tea,2  Embarcadero Center  #R2113,Moderate risk food holding temperature,2,3,1,2,2019,4,25
73.0,MENKEE WONTON,1701 Noriega St,Unclean or degraded floors walls or ceilings,1,7,8,2,2019,4,25
92.0,JR. Seafood LLC,310 Bayshore Blvd,Unapproved or unmaintained equipment or utensils,1,2,3,2,2019,4,25
96.0,UNOCAL 76  PACIFIC ENTERPRISES,999 OCEAN Ave,Inadequate and inaccessible handwashing facilities,2,8,1,2,2019,4,25
87.0,LADLE & LEAF,1 California St,Unapproved or unmaintained equipment or utensils,1,3,3,2,2019,4,25
89.0,Barbarossa,714 Montgomery St,Inadequate and inaccessible handwashing facilities,2,3,2,2,2019,4,25
92.0,Sodexo at Academy of Art University,620 Sutter St  2nd Floor,Moderate risk food holding temperature,2,3,2,2,2019,4,25
89.0,Barbarossa,714 Montgomery St,Unclean or unsanitary food contact surfaces,3,3,2,2,2019,4,25
79.0,Focaccia Market Bakery,119 Sacramento St A,Inadequate and inaccessible handwashing facilities,2,3,5,2,2019,4,25
90.0,JAVA SUPREME,0703 GUERRERO St,Inadequately cleaned or sanitized food contact surfaces,2,5,3,2,2019,4,25
96.0,House of Thai,901 LARKIN ST,Wiping cloths not clean or properly stored or inadequate sanitizer,1,10,2,2,2019,4,25
79.0,Focaccia Market Bakery,119 Sacramento St A,High risk food holding temperature,3,3,5,2,2019,4,25
91.0,GASPARE'S PIZZA HOUSE AND ITALIAN RESTAURANT,5546 GEARY Blvd,Unclean or unsanitary food contact surfaces,3,4,2,2,2019,4,25
73.0,MENKEE WONTON,1701 Noriega St,Foods not protected from contamination,2,7,8,2,2019,4,25
85.0,Green Chile Kitchen,1801 McAllister,High risk vermin infestation,3,11,4,2,2019,4,25
73.0,MENKEE WONTON,1701 Noriega St,Wiping cloths not clean or properly stored or inadequate sanitizer,1,7,8,2,2019,4,25
90.0,Katherine Delmar Burke School,7070 California St,Moderate risk food holding temperature,2,6,3,2,2019,4,25
90.0,Katherine Delmar Burke School,7070 California St,Inadequate and inaccessible handwashing facilities,2,6,3,2,2019,4,25
90.0,Katherine Delmar Burke School,7070 California St,Unapproved or unmaintained equipment or utensils,1,6,3,2,2019,4,25
100.0,McCALL ASSOCIATES,2720 17th St,NA,0,2,1,2,2019,4,25
100.0,CAFE INTERNATIONAL,508 HAIGHT St,NA,0,11,1,2,2019,4,25
82.0,TONY BALONEY'S,1098 HOWARD St,Inadequate sewage or wastewater disposal,2,10,3,2,2019,4,26
82.0,TONY BALONEY'S,1098 HOWARD St,High risk food holding temperature,3,10,3,2,2019,4,26
96.0,Modera Liquor & Wine,4401 Geary Blvd,Unclean unmaintained or improperly constructed toilet facilities,1,4,2,2,2019,4,26
87.0,EATS,50 CLEMENT St,Insufficient hot water or running water,2,4,3,2,2019,4,26
92.0,Hollow,1435 Irving St,Improper thawing methods,2,11,3,2,2019,4,26
82.0,TONY BALONEY'S,1098 HOWARD St,Unclean hands or improper use of gloves,3,10,3,2,2019,4,26
90.0,Bix,56 Gold St,Moderate risk food holding temperature,2,3,3,2,2019,4,26
92.0,Hollow,1435 Irving St,Improper food storage,1,11,3,2,2019,4,26
90.0,Bix,56 Gold St,Unapproved or unmaintained equipment or utensils,1,3,3,2,2019,4,26
86.0,Morning Brew Cafe,401 Sansome St,Moderate risk vermin infestation,2,3,4,2,2019,4,26
86.0,Morning Brew Cafe,401 Sansome St,Inadequately cleaned or sanitized food contact surfaces,2,3,4,2,2019,4,26
96.0,Modera Liquor & Wine,4401 Geary Blvd,Other low risk violation,1,4,2,2,2019,4,26
87.0,EATS,50 CLEMENT St,Unapproved or unmaintained equipment or utensils,1,4,3,2,2019,4,26
92.0,Hollow,1435 Irving St,Wiping cloths not clean or properly stored or inadequate sanitizer,1,11,3,2,2019,4,26
96.0,Peet's Coffee & Tea,450 Sansome St Suite #1,Insufficient hot water or running water,2,3,1,2,2019,4,26
86.0,Morning Brew Cafe,401 Sansome St,No person in charge of food facility,1,3,4,2,2019,4,26
87.0,EATS,50 CLEMENT St,Unclean or unsanitary food contact surfaces,3,4,3,2,2019,4,26
86.0,Morning Brew Cafe,401 Sansome St,Insufficient hot water or running water,2,3,4,2,2019,4,26
90.0,Bix,56 Gold St,Inadequately cleaned or sanitized food contact surfaces,2,3,3,2,2019,4,26
79.0,Wo Chong,863 Washington St,Inadequate and inaccessible handwashing facilities,2,3,6,2,2019,4,26
79.0,Wo Chong,863 Washington St,High risk food holding temperature,3,3,6,2,2019,4,26
96.0,Cafe La Flore,1340 Irving St,Improper food storage,1,11,2,2,2019,4,26
92.0,T & L Liquor Store Inc.,3168 MISSION St,Unclean or degraded floors walls or ceilings,1,2,3,2,2019,4,26
79.0,Wo Chong,863 Washington St,Improper food storage,1,3,6,2,2019,4,26
92.0,T & L Liquor Store Inc.,3168 MISSION St,Improper or defective plumbing,1,2,3,2,2019,4,26
79.0,Wo Chong,863 Washington St,Low risk vermin infestation,1,3,6,2,2019,4,26
79.0,Wo Chong,863 Washington St,Insufficient hot water or running water,2,3,6,2,2019,4,26
92.0,T & L Liquor Store Inc.,3168 MISSION St,Inadequate and inaccessible handwashing facilities,2,2,3,2,2019,4,26
79.0,Wo Chong,863 Washington St,Improper food labeling or menu misrepresentation,1,3,6,2,2019,4,26
96.0,Cafe La Flore,1340 Irving St,Permit license or inspection report not posted,1,11,2,2,2019,4,26
100.0,San Francisco Fish Company,1 Ferry Buiding  #31,NA,0,3,1,2,2019,4,26
88.0,Munchboxx,643 Clay St,Low risk vermin infestation,1,3,4,2,2019,4,29
96.0,Le Petit Cafe,1 Maritime Plaza,Insufficient hot water or running water,2,3,1,2,2019,4,29
90.0,Fly Trap,606 FOLSOM St,Improper thawing methods,2,10,3,2,2019,4,29
92.0,Spruce,3640 SACRAMENTO St,Wiping cloths not clean or properly stored or inadequate sanitizer,1,6,3,2,2019,4,29
90.0,Fly Trap,606 FOLSOM St,Moderate risk vermin infestation,2,10,3,2,2019,4,29
90.0,Fly Trap,606 FOLSOM St,Unclean or degraded floors walls or ceilings,1,10,3,2,2019,4,29
88.0,Munchboxx,643 Clay St,Inadequately cleaned or sanitized food contact surfaces,2,3,4,2,2019,4,29
92.0,Peet's Coffee & Tea,5201 Geary Blvd,Inadequate and inaccessible handwashing facilities,2,4,2,2,2019,4,29
92.0,Spruce,3640 SACRAMENTO St,Improper food storage,1,6,3,2,2019,4,29
94.0,San Francisco Athletic Club,1630 Stockton St,Inadequately cleaned or sanitized food contact surfaces,2,3,2,2,2019,4,29
88.0,Munchboxx,643 Clay St,Unclean or degraded floors walls or ceilings,1,3,4,2,2019,4,29
88.0,Munchboxx,643 Clay St,Inadequate and inaccessible handwashing facilities,2,3,4,2,2019,4,29
94.0,San Francisco Athletic Club,1630 Stockton St,Improper food storage,1,3,2,2,2019,4,29
92.0,Spruce,3640 SACRAMENTO St,Moderate risk food holding temperature,2,6,3,2,2019,4,29
92.0,Peet's Coffee & Tea,5201 Geary Blvd,Inadequately cleaned or sanitized food contact surfaces,2,4,2,2,2019,4,29
90.0,Pearl's Deluxe Burgers,708 Post St,Inadequate and inaccessible handwashing facilities,2,3,3,2,2019,4,29
90.0,Pearl's Deluxe Burgers,708 Post St,Wiping cloths not clean or properly stored or inadequate sanitizer,1,3,3,2,2019,4,29
90.0,Pearl's Deluxe Burgers,708 Post St,Foods not protected from contamination,2,3,3,2,2019,4,29
100.0,Paulie's Pickling,331 Cortland Ave,NA,0,2,1,2,2019,4,29
92.0,Cigar Bar and Grill,850 Montgomery St,Unapproved or unmaintained equipment or utensils,1,3,3,2,2019,4,30
82.0,Cafe Insalata,209 Jackson St,Unclean unmaintained or improperly constructed toilet facilities,1,3,5,2,2019,4,30
80.0,PEKING RESTAURANT,1375 NORIEGA St,Wiping cloths not clean or properly stored or inadequate sanitizer,1,7,7,2,2019,4,30
89.0,ATAMI SUSHI BAR & GRILL,1662 LOMBARD St,Unclean or unsanitary food contact surfaces,3,6,2,2,2019,4,30
80.0,PEKING RESTAURANT,1375 NORIEGA St,Unapproved or unmaintained equipment or utensils,1,7,7,2,2019,4,30
69.0,Luen Fat Market,1135 Stockton St,Unapproved or unmaintained equipment or utensils,1,3,7,2,2019,4,30
71.0,Yum Yum Hunan,1828 DIVISADERO St,Moderate risk vermin infestation,2,6,8,2,2019,4,30
100.0,The Daily Habit,1 Maritime Plaza,Inadequately cleaned or sanitized food contact surfaces,2,3,1,2,2019,4,30
80.0,PEKING RESTAURANT,1375 NORIEGA St,Moderate risk food holding temperature,2,7,7,2,2019,4,30
82.0,Cafe Insalata,209 Jackson St,Moderate risk food holding temperature,2,3,5,2,2019,4,30
69.0,Luen Fat Market,1135 Stockton St,Unclean nonfood contact surfaces,1,3,7,2,2019,4,30
86.0,6001 California Market,6001 California St,Inadequate and inaccessible handwashing facilities,2,4,5,2,2019,4,30
86.0,6001 California Market,6001 California St,Improper storage use or identification of toxic substances,1,4,5,2,2019,4,30
92.0,Cigar Bar and Grill,850 Montgomery St,Improper or defective plumbing,1,3,3,2,2019,4,30
71.0,Yum Yum Hunan,1828 DIVISADERO St,Improper thawing methods,2,6,8,2,2019,4,30
90.0,Sakana,605 Post St,Inadequate and inaccessible handwashing facilities,2,3,3,2,2019,4,30
90.0,Sakana,605 Post St,Improper storage use or identification of toxic substances,1,3,3,2,2019,4,30
69.0,Luen Fat Market,1135 Stockton St,Unclean or unsanitary food contact surfaces,3,3,7,2,2019,4,30
89.0,ATAMI SUSHI BAR & GRILL,1662 LOMBARD St,Inadequately cleaned or sanitized food contact surfaces,2,6,2,2,2019,4,30
100.0,Starbucks Coffee Co,99 Jackson St,Wiping cloths not clean or properly stored or inadequate sanitizer,1,3,1,2,2019,4,30
82.0,Cafe Insalata,209 Jackson St,Inadequate and inaccessible handwashing facilities,2,3,5,2,2019,4,30
71.0,Yum Yum Hunan,1828 DIVISADERO St,Foods not protected from contamination,2,6,8,2,2019,4,30
71.0,Yum Yum Hunan,1828 DIVISADERO St,Unapproved or unmaintained equipment or utensils,1,6,8,2,2019,4,30
80.0,PEKING RESTAURANT,1375 NORIEGA St,Unclean or degraded floors walls or ceilings,1,7,7,2,2019,4,30
98.0,The Dry Dock,2118 Greenwich St,Permit license or inspection report not posted,1,6,1,2,2019,4,30
92.0,New Bosworth Market,145 Bosworth,Moderate risk food holding temperature,2,5,3,2,2019,4,30
82.0,Cafe Insalata,209 Jackson St,Inadequately cleaned or sanitized food contact surfaces,2,3,5,2,2019,4,30
90.0,Sakana,605 Post St,Improper thawing methods,2,3,3,2,2019,4,30
69.0,Luen Fat Market,1135 Stockton St,Contaminated or adulterated food,3,3,7,2,2019,4,30
80.0,PEKING RESTAURANT,1375 NORIEGA St,Inadequately cleaned or sanitized food contact surfaces,2,7,7,2,2019,4,30
94.0,L's Cafe,2871 24th St,Unclean or degraded floors walls or ceilings,1,2,2,2,2019,4,30
71.0,Yum Yum Hunan,1828 DIVISADERO St,Unclean nonfood contact surfaces,1,6,8,2,2019,4,30
86.0,6001 California Market,6001 California St,Other low risk violation,1,4,5,2,2019,4,30
92.0,New Bosworth Market,145 Bosworth,Unapproved  living quarters in food facility,1,5,3,2,2019,4,30
92.0,New Bosworth Market,145 Bosworth,Unclean nonfood contact surfaces,1,5,3,2,2019,4,30
98.0,A.K. Meat,2346 clement st.,Wiping cloths not clean or properly stored or inadequate sanitizer,1,4,1,2,2019,4,30
82.0,Cafe Insalata,209 Jackson St,Foods not protected from contamination,2,3,5,2,2019,4,30
71.0,Yum Yum Hunan,1828 DIVISADERO St,Inadequately cleaned or sanitized food contact surfaces,2,6,8,2,2019,4,30
80.0,PEKING RESTAURANT,1375 NORIEGA St,Food safety certificate or food handler card not available,1,7,7,2,2019,4,30
69.0,Luen Fat Market,1135 Stockton St,Moderate risk food holding temperature,2,3,7,2,2019,4,30
69.0,Luen Fat Market,1135 Stockton St,Food safety certificate or food handler card not available,1,3,7,2,2019,4,30
94.0,L's Cafe,2871 24th St,Moderate risk food holding temperature,2,2,2,2,2019,4,30
71.0,Yum Yum Hunan,1828 DIVISADERO St,Improper food storage,1,6,8,2,2019,4,30
80.0,PEKING RESTAURANT,1375 NORIEGA St,Foods not protected from contamination,2,7,7,2,2019,4,30
69.0,Luen Fat Market,1135 Stockton St,High risk vermin infestation,3,3,7,2,2019,4,30
86.0,6001 California Market,6001 California St,Inadequate food safety knowledge or lack of certified food safety manager,2,4,5,2,2019,4,30
71.0,Yum Yum Hunan,1828 DIVISADERO St,High risk food holding temperature,3,6,8,2,2019,4,30
86.0,6001 California Market,6001 California St,Improper storage of equipment utensils or linens,1,4,5,2,2019,4,30
92.0,Cigar Bar and Grill,850 Montgomery St,Moderate risk food holding temperature,2,3,3,2,2019,4,30
82.0,Lite Bite,1956 Lombard St,Foods not protected from contamination,2,6,3,2,2019,4,30
87.0,El Tomate Restaurant,2904 24th St,Inadequately cleaned or sanitized food contact surfaces,2,2,3,2,2019,4,30
85.0,Sugarhill Kitchen,1449 LOMBARD St,Inadequate HACCP plan record keeping,1,6,5,2,2019,4,30
81.0,La Espiga De Oro,2916 24th St,Unclean or degraded floors walls or ceilings,1,2,5,2,2019,4,30
81.0,La Espiga De Oro,2916 24th St,Inadequate ventilation or lighting,1,2,5,2,2019,4,30
82.0,Lite Bite,1956 Lombard St,Unclean or unsanitary food contact surfaces,3,6,3,2,2019,4,30
85.0,Sugarhill Kitchen,1449 LOMBARD St,Unclean or unsanitary food contact surfaces,3,6,5,2,2019,4,30
85.0,Sugarhill Kitchen,1449 LOMBARD St,Unapproved or unmaintained equipment or utensils,1,6,5,2,2019,4,30
81.0,La Espiga De Oro,2916 24th St,High risk vermin infestation,3,2,5,2,2019,4,30
82.0,Lite Bite,1956 Lombard St,High risk food holding temperature,3,6,3,2,2019,4,30
81.0,La Espiga De Oro,2916 24th St,Inadequately cleaned or sanitized food contact surfaces,2,2,5,2,2019,4,30
87.0,El Tomate Restaurant,2904 24th St,High risk food holding temperature,3,2,3,2,2019,4,30
85.0,Sugarhill Kitchen,1449 LOMBARD St,Unclean or degraded floors walls or ceilings,1,6,5,2,2019,4,30
81.0,La Espiga De Oro,2916 24th St,Moderate risk food holding temperature,2,2,5,2,2019,4,30
87.0,El Tomate Restaurant,2904 24th St,Low risk vermin infestation,1,2,3,2,2019,4,30
85.0,Sugarhill Kitchen,1449 LOMBARD St,Food safety certificate or food handler card not available,1,6,5,2,2019,4,30
100.0,Focaccia Market Bakery,455 Market St 150,NA,0,10,1,2,2019,4,30
94.0,OMNI S.F. Hotel - Restaurant & Bar,"500 California St, 1st Floor",Improper or defective plumbing,1,3,5,2,2019,5,1
89.0,Peet's Coffee & Tea,595 Market St  Suite #143,Inadequate and inaccessible handwashing facilities,2,10,2,2,2019,5,1
96.0,Specialty's Cafe & Bakery,101 New Montgomery St,Foods not protected from contamination,2,10,1,2,2019,5,1
98.0,OMNI S.F. Hotel - Food & Beverage Storeroom,"500 California St, Basement",Inadequate ventilation or lighting,1,3,3,2,2019,5,1
88.0,R. Image Market,2898 Folsom St,Unclean or degraded floors walls or ceilings,1,2,5,2,2019,5,1
92.0,TIA MARGARITA INC,300 19th Ave,Unapproved or unmaintained equipment or utensils,1,4,3,2,2019,5,1
96.0,North Beach Market and Deli,536 Broadway St,Inadequate and inaccessible handwashing facilities,2,3,1,2,2019,5,1
88.0,R. Image Market,2898 Folsom St,Improper food labeling or menu misrepresentation,1,2,5,2,2019,5,1
92.0,TIA MARGARITA INC,300 19th Ave,Wiping cloths not clean or properly stored or inadequate sanitizer,1,4,3,2,2019,5,1
92.0,OMNI S.F. Hotel - Main Kitchen,"500 California St, 1st Floor",Improper or defective plumbing,1,3,5,2,2019,5,1
94.0,OMNI S.F. Hotel - Employee Cafeteria,"500 California St, Basement",Improper or defective plumbing,1,3,3,2,2019,5,1
88.0,R. Image Market,2898 Folsom St,Moderate risk vermin infestation,2,2,5,2,2019,5,1
98.0,OMNI S.F. Hotel - 3rd Floor Pantry,"500 California St, 3rd Floor",Improper or defective plumbing,1,3,1,2,2019,5,1
88.0,R. Image Market,2898 Folsom St,Food safety certificate or food handler card not available,1,2,5,2,2019,5,1
94.0,HUNAN RESTAURANT,110 NATOMA St,Unapproved or unmaintained equipment or utensils,1,10,2,2,2019,5,1
92.0,TIA MARGARITA INC,300 19th Ave,Inadequately cleaned or sanitized food contact surfaces,2,4,3,2,2019,5,1
92.0,OMNI S.F. Hotel - Main Kitchen,"500 California St, 1st Floor",Improper food storage,1,3,5,2,2019,5,1
94.0,OMNI S.F. Hotel - Employee Cafeteria,"500 California St, Basement",Moderate risk food holding temperature,2,3,3,2,2019,5,1
94.0,OMNI S.F. Hotel - Restaurant & Bar,"500 California St, 1st Floor",Inadequate and inaccessible handwashing facilities,2,3,5,2,2019,5,1
92.0,OMNI S.F. Hotel - Main Kitchen,"500 California St, 1st Floor",Inadequate and inaccessible handwashing facilities,2,3,5,2,2019,5,1
89.0,Peet's Coffee & Tea,595 Market St  Suite #143,Unclean or unsanitary food contact surfaces,3,10,2,2,2019,5,1
88.0,R. Image Market,2898 Folsom St,Improper food storage,1,2,5,2,2019,5,1
98.0,OMNI S.F. Hotel - 2nd Floor Pantry,"500 California St, 2nd  Floor",Improper or defective plumbing,1,3,1,2,2019,5,1
94.0,HUNAN RESTAURANT,110 NATOMA St,Foods not protected from contamination,2,10,2,2,2019,5,1
100.0,On Lok Senior Health Services,1000 Montgomery St,NA,0,3,1,2,2019,5,1
100.0,Yong Fong Co.,612 Clement St,NA,0,4,1,2,2019,5,1
70.0,G & L RESTAURANT,198 LELAND Ave,Contaminated or adulterated food,3,9,8,2,2019,5,2
70.0,G & L RESTAURANT,198 LELAND Ave,Improper food storage,1,9,8,2,2019,5,2
76.0,NEW WING HING SEAFOOD MARKET,2222 CLEMENT St,Improper thawing methods,2,4,5,2,2019,5,2
92.0,Hollywood Food Center,6146 Geary Blvd,Insufficient hot water or running water,2,4,3,2,2019,5,2
84.0,Palmyra,700 HAIGHT St,Inadequately cleaned or sanitized food contact surfaces,2,11,6,2,2019,5,2
92.0,Windsor Tearoom,334 Mason St,Inadequate warewashing facilities or equipment,1,3,3,2,2019,5,2
80.0,RESTAURANTE FAMILIAR,4499 MISSION St,Unapproved or unmaintained equipment or utensils,1,1,4,2,2019,5,2
76.0,NEW WING HING SEAFOOD MARKET,2222 CLEMENT St,Inadequate and inaccessible handwashing facilities,2,4,5,2,2019,5,2
94.0,GOLDEN STATE ADULT DAY HEALTH CARE,738 LA PLAYA St,Insufficient hot water or running water,2,4,2,2,2019,5,2
84.0,Palmyra,700 HAIGHT St,Moderate risk food holding temperature,2,11,6,2,2019,5,2
94.0,Ann's Donut Coffee Shop,4488 Mission St,Unclean nonfood contact surfaces,1,1,3,2,2019,5,2
70.0,G & L RESTAURANT,198 LELAND Ave,Food in poor condition,2,9,8,2,2019,5,2
92.0,Hollywood Food Center,6146 Geary Blvd,Other low risk violation,1,4,3,2,2019,5,2
80.0,RESTAURANTE FAMILIAR,4499 MISSION St,Unclean hands or improper use of gloves,3,1,4,2,2019,5,2
80.0,RESTAURANTE FAMILIAR,4499 MISSION St,Improper cooling methods,3,1,4,2,2019,5,2
70.0,G & L RESTAURANT,198 LELAND Ave,Unapproved or unmaintained equipment or utensils,1,9,8,2,2019,5,2
84.0,Palmyra,700 HAIGHT St,Food safety certificate or food handler card not available,1,11,6,2,2019,5,2
84.0,Palmyra,700 HAIGHT St,Unapproved or unmaintained equipment or utensils,1,11,6,2,2019,5,2
94.0,GOLDEN STATE ADULT DAY HEALTH CARE,738 LA PLAYA St,Wiping cloths not clean or properly stored or inadequate sanitizer,1,4,2,2,2019,5,2
70.0,G & L RESTAURANT,198 LELAND Ave,Wiping cloths not clean or properly stored or inadequate sanitizer,1,9,8,2,2019,5,2
92.0,Windsor Tearoom,334 Mason St,Inadequate and inaccessible handwashing facilities,2,3,3,2,2019,5,2
70.0,G & L RESTAURANT,198 LELAND Ave,Improper thawing methods,2,9,8,2,2019,5,2
80.0,RESTAURANTE FAMILIAR,4499 MISSION St,Inadequate food safety knowledge or lack of certified food safety manager,2,1,4,2,2019,5,2
94.0,Ann's Donut Coffee Shop,4488 Mission St,Unapproved or unmaintained equipment or utensils,1,1,3,2,2019,5,2
70.0,G & L RESTAURANT,198 LELAND Ave,Unclean nonfood contact surfaces,1,9,8,2,2019,5,2
76.0,NEW WING HING SEAFOOD MARKET,2222 CLEMENT St,Other high risk violation,3,4,5,2,2019,5,2
98.0,Vital Tea Leaf,509 Grant Ave,Unapproved or unmaintained equipment or utensils,1,3,1,2,2019,5,2
92.0,Hollywood Food Center,6146 Geary Blvd,Improper food storage,1,4,3,2,2019,5,2
84.0,Palmyra,700 HAIGHT St,Low risk vermin infestation,1,11,6,2,2019,5,2
84.0,Palmyra,700 HAIGHT St,Improper food storage,1,11,6,2,2019,5,2
76.0,NEW WING HING SEAFOOD MARKET,2222 CLEMENT St,Unclean or unsanitary food contact surfaces,3,4,5,2,2019,5,2
70.0,G & L RESTAURANT,198 LELAND Ave,High risk food holding temperature,3,9,8,2,2019,5,2
94.0,Ann's Donut Coffee Shop,4488 Mission St,Wiping cloths not clean or properly stored or inadequate sanitizer,1,1,3,2,2019,5,2
92.0,Windsor Tearoom,334 Mason St,Improper storage use or identification of toxic substances,1,3,3,2,2019,5,2
76.0,NEW WING HING SEAFOOD MARKET,2222 CLEMENT St,Unapproved or unmaintained equipment or utensils,1,4,5,2,2019,5,2
88.0,Silverstone Cafe,3278 24th St,Unapproved  living quarters in food facility,1,2,4,2,2019,5,2
88.0,Silverstone Cafe,3278 24th St,Moderate risk food holding temperature,2,2,4,2,2019,5,2
92.0,Curry Up Now,659 Valencia St,Moderate risk food holding temperature,2,2,3,2,2019,5,2
88.0,Silverstone Cafe,3278 24th St,Foods not protected from contamination,2,2,4,2,2019,5,2
88.0,Silverstone Cafe,3278 24th St,Inadequate or unsanitary refuse containers or area or no garbage service,1,2,4,2,2019,5,2
92.0,Curry Up Now,659 Valencia St,Improper storage of equipment utensils or linens,1,2,3,2,2019,5,2
92.0,Curry Up Now,659 Valencia St,Improper or defective plumbing,1,2,3,2,2019,5,2
100.0,Starbucks Coffee Company #6765,359 Grant Ave,NA,0,3,1,2,2019,5,2
87.0,LINCOLN PARK BAR AND GRILL,300 34th Ave,Low risk vermin infestation,1,4,4,2,2019,5,3
88.0,Peet's Coffee & Tea,1 California St,Improper or defective plumbing,1,3,4,2,2019,5,3
94.0,Village Market,1 Ferry Building #29,Improper food storage,1,3,3,2,2019,5,3
88.0,Peet's Coffee & Tea,1 California St,Wiping cloths not clean or properly stored or inadequate sanitizer,1,3,4,2,2019,5,3
87.0,LINCOLN PARK BAR AND GRILL,300 34th Ave,Improper food storage,1,4,4,2,2019,5,3
94.0,Village Market,1 Ferry Building #29,Unclean nonfood contact surfaces,1,3,3,2,2019,5,3
88.0,Peet's Coffee & Tea,1 California St,Insufficient hot water or running water,2,3,4,2,2019,5,3
87.0,LINCOLN PARK BAR AND GRILL,300 34th Ave,Unclean or unsanitary food contact surfaces,3,4,4,2,2019,5,3
98.0,Starbucks Coffee,222 Mason St,Unclean or degraded floors walls or ceilings,1,10,1,2,2019,5,3
87.0,LINCOLN PARK BAR AND GRILL,300 34th Ave,Unclean unmaintained or improperly constructed toilet facilities,1,4,4,2,2019,5,3
93.0,Matador,679 Sutter St,High risk food holding temperature,3,3,1,2,2019,5,3
88.0,Peet's Coffee & Tea,1 California St,Inadequate and inaccessible handwashing facilities,2,3,4,2,2019,5,3
94.0,Village Market,1 Ferry Building #29,Unclean or degraded floors walls or ceilings,1,3,3,2,2019,5,3
89.0,Sam's Cable Car Lounge,222 Powell St,Inadequate and inaccessible handwashing facilities,2,3,2,2,2019,5,3
93.0,A&M LIQUOR,1600 SUTTER ST,High risk food holding temperature,3,11,1,2,2019,5,3
93.0,Stanza,1673 Haight St,Unclean or unsanitary food contact surfaces,3,11,1,2,2019,5,3
90.0,Lucky Horseshoe Bar LLC,453 CORTLAND Ave,Unclean or degraded floors walls or ceilings,1,2,3,2,2019,5,3
98.0,Xpress Market,498 O'Farrell St,Unclean nonfood contact surfaces,1,10,1,2,2019,5,3
89.0,Sam's Cable Car Lounge,222 Powell St,Unclean or unsanitary food contact surfaces,3,3,2,2,2019,5,3
90.0,Lucky Horseshoe Bar LLC,453 CORTLAND Ave,Inadequate and inaccessible handwashing facilities,2,2,3,2,2019,5,3
90.0,Lucky Horseshoe Bar LLC,453 CORTLAND Ave,Insufficient hot water or running water,2,2,3,2,2019,5,3
100.0,The Fitzgerald Hotel,620 Post St,NA,0,3,1,2,2019,5,3
100.0,EASY MONEY,2312 IRVING St,NA,0,7,1,2,2019,5,3
88.0,SOUTH BEACH YACHT CLUB,PIER 40,Unclean nonfood contact surfaces,1,10,4,2,2019,5,6
87.0,Ladle and Leaf,275 Battery St,Insufficient hot water or running water,2,3,3,2,2019,5,6
83.0,SIMPLE PLEASURES CAFE,3434 BALBOA St,Unclean or degraded floors walls or ceilings,1,4,4,2,2019,5,6
94.0,The Royal Exchange Restaurant Co.,301 Sacramento St,Moderate risk food holding temperature,2,3,2,2,2019,5,6
85.0,Henry's Hunan Restaurant,4753 MISSION St,High risk vermin infestation,3,1,4,2,2019,5,6
88.0,SOUTH BEACH YACHT CLUB,PIER 40,Inadequately cleaned or sanitized food contact surfaces,2,10,4,2,2019,5,6
85.0,Henry's Hunan Restaurant,4753 MISSION St,Improper food storage,1,1,4,2,2019,5,6
83.0,SIMPLE PLEASURES CAFE,3434 BALBOA St,Moderate risk vermin infestation,2,4,4,2,2019,5,6
82.0,San Jalisco,901 South Van Ness Ave,Foods not protected from contamination,2,2,3,2,2019,5,6
91.0,B Star,127 CLEMENT St,Unapproved or unmaintained equipment or utensils,1,4,2,2,2019,5,6
98.0,Sheffield Convalescent Hospital,1133 South Van Ness Ave,Unclean or degraded floors walls or ceilings,1,2,1,2,2019,5,6
83.0,SIMPLE PLEASURES CAFE,3434 BALBOA St,Moderate risk food holding temperature,2,4,4,2,2019,5,6
91.0,B Star,127 CLEMENT St,Unclean or unsanitary food contact surfaces,3,4,2,2,2019,5,6
82.0,San Jalisco,901 South Van Ness Ave,Improper cooling methods,3,2,3,2,2019,5,6
85.0,Henry's Hunan Restaurant,4753 MISSION St,Unapproved or unmaintained equipment or utensils,1,1,4,2,2019,5,6
98.0,YICK'S LIQUOR,4701 MISSION St,Inadequate warewashing facilities or equipment,1,1,1,2,2019,5,6
88.0,SOUTH BEACH YACHT CLUB,PIER 40,Inadequate and inaccessible handwashing facilities,2,10,4,2,2019,5,6
87.0,Ladle and Leaf,275 Battery St,Unclean or unsanitary food contact surfaces,3,3,3,2,2019,5,6
82.0,San Jalisco,901 South Van Ness Ave,High risk food holding temperature,3,2,3,2,2019,5,6
94.0,The Royal Exchange Restaurant Co.,301 Sacramento St,Wiping cloths not clean or properly stored or inadequate sanitizer,1,3,2,2,2019,5,6
96.0,BOUDIN BAKERY,399 10th Ave,Moderate risk vermin infestation,2,4,1,2,2019,5,6
85.0,Henry's Hunan Restaurant,4753 MISSION St,Inadequate and inaccessible handwashing facilities,2,1,4,2,2019,5,6
88.0,SOUTH BEACH YACHT CLUB,PIER 40,Unapproved or unmaintained equipment or utensils,1,10,4,2,2019,5,6
87.0,Ladle and Leaf,275 Battery St,Unclean nonfood contact surfaces,1,3,3,2,2019,5,6
83.0,SIMPLE PLEASURES CAFE,3434 BALBOA St,Improper reheating of food,3,4,4,2,2019,5,6
94.0,Burger King 5830,245 BAYSHORE Blvd,Unclean nonfood contact surfaces,1,2,3,2,2019,5,6
94.0,Siam Lotus Thai Cuisine,1705 HAIGHT St,Unapproved or unmaintained equipment or utensils,1,11,3,2,2019,5,6
94.0,Burger King 5830,245 BAYSHORE Blvd,Improper or defective plumbing,1,2,3,2,2019,5,6
94.0,Siam Lotus Thai Cuisine,1705 HAIGHT St,Wiping cloths not clean or properly stored or inadequate sanitizer,1,11,3,2,2019,5,6
94.0,Burger King 5830,245 BAYSHORE Blvd,Unapproved or unmaintained equipment or utensils,1,2,3,2,2019,5,6
94.0,Siam Lotus Thai Cuisine,1705 HAIGHT St,Improper food storage,1,11,3,2,2019,5,6
100.0,ST. PAULS SCHOOL,1690 Church St,NA,0,5,1,2,2019,5,6
88.0,CREPES ON COLE,100 CARL St,Moderate risk food holding temperature,2,11,4,2,2019,5,7
86.0,VIKINGS GIANT SUBMARINE SANDWICHES,1418 LOMBARD St,Unclean nonfood contact surfaces,1,6,5,2,2019,5,7
90.0,Orale Orale Inc,113 Sacramento St,Low risk vermin infestation,1,3,4,2,2019,5,7
92.0,BIG MOUTH BURGERS,3392 24th St,Improper storage of equipment utensils or linens,1,2,3,2,2019,5,7
91.0,TWO JACKS SEAFOOD,401 HAIGHT St,Unclean or degraded floors walls or ceilings,1,11,2,2,2019,5,7
92.0,Tenderloin Children's Playground,570 Ellis St,Unapproved or unmaintained equipment or utensils,1,10,3,2,2019,5,7
90.0,Salama Halal Meat,604 Geary St,Improper food storage,1,3,4,2,2019,5,7
87.0,KAMEKYO,943 COLE St,Unclean or degraded floors walls or ceilings,1,11,4,2,2019,5,7
92.0,Frog Hollow Farm Market,1 Ferry Building E-13,Improper thawing methods,2,3,2,2,2019,5,7
91.0,Glaze Donuts,4499 Mission St A,No person in charge of food facility,1,1,2,2,2019,5,7
85.0,Halu,312 08th Ave,Unclean nonfood contact surfaces,1,4,4,2,2019,5,7
92.0,Tenderloin Children's Playground,570 Ellis St,Inadequate and inaccessible handwashing facilities,2,10,3,2,2019,5,7
88.0,CREPES ON COLE,100 CARL St,Foods not protected from contamination,2,11,4,2,2019,5,7
87.0,KAMEKYO,943 COLE St,Improper storage of equipment utensils or linens,1,11,4,2,2019,5,7
91.0,TWO JACKS SEAFOOD,401 HAIGHT St,High risk vermin infestation,3,11,2,2,2019,5,7
92.0,BIG MOUTH BURGERS,3392 24th St,Foods not protected from contamination,2,2,3,2,2019,5,7
86.0,VIKINGS GIANT SUBMARINE SANDWICHES,1418 LOMBARD St,Unclean unmaintained or improperly constructed toilet facilities,1,6,5,2,2019,5,7
90.0,Orale Orale Inc,113 Sacramento St,Permit license or inspection report not posted,1,3,4,2,2019,5,7
90.0,Salama Halal Meat,604 Geary St,Inadequate and inaccessible handwashing facilities,2,3,4,2,2019,5,7
92.0,Boudin Bakery,4 Embarcadero Center,Insufficient hot water or running water,2,3,2,2,2019,5,7
88.0,CREPES ON COLE,100 CARL St,Low risk vermin infestation,1,11,4,2,2019,5,7
91.0,Glaze Donuts,4499 Mission St A,High risk vermin infestation,3,1,2,2,2019,5,7
92.0,BIG MOUTH BURGERS,3392 24th St,Unapproved or unmaintained equipment or utensils,1,2,3,2,2019,5,7
87.0,KAMEKYO,943 COLE St,Unclean nonfood contact surfaces,1,11,4,2,2019,5,7
85.0,Halu,312 08th Ave,Moderate risk food holding temperature,2,4,4,2,2019,5,7
86.0,VIKINGS GIANT SUBMARINE SANDWICHES,1418 LOMBARD St,Inadequate and inaccessible handwashing facilities,2,6,5,2,2019,5,7
90.0,Salama Halal Meat,604 Geary St,Unclean or degraded floors walls or ceilings,1,3,4,2,2019,5,7
90.0,Orale Orale Inc,113 Sacramento St,Moderate risk food holding temperature,2,3,4,2,2019,5,7
92.0,Tenderloin Children's Playground,570 Ellis St,Food safety certificate or food handler card not available,1,10,3,2,2019,5,7
90.0,Salama Halal Meat,604 Geary St,Wiping cloths not clean or properly stored or inadequate sanitizer,1,3,4,2,2019,5,7
86.0,VIKINGS GIANT SUBMARINE SANDWICHES,1418 LOMBARD St,Permit license or inspection report not posted,1,6,5,2,2019,5,7
85.0,Halu,312 08th Ave,Unapproved or unmaintained equipment or utensils,1,4,4,2,2019,5,7
92.0,Boudin Bakery,4 Embarcadero Center,Inadequate and inaccessible handwashing facilities,2,3,2,2,2019,5,7
88.0,CREPES ON COLE,100 CARL St,Wiping cloths not clean or properly stored or inadequate sanitizer,1,11,4,2,2019,5,7
90.0,Orale Orale Inc,113 Sacramento St,Inadequate ventilation or lighting,1,3,4,2,2019,5,7
98.0,Caffe Ambrosia,14 Trinity Pl,Inadequate ventilation or lighting,1,3,1,2,2019,5,7
87.0,KAMEKYO,943 COLE St,Unclean or unsanitary food contact surfaces,3,11,4,2,2019,5,7
92.0,Frog Hollow Farm Market,1 Ferry Building E-13,Inadequately cleaned or sanitized food contact surfaces,2,3,2,2,2019,5,7
85.0,Halu,312 08th Ave,Unclean or unsanitary food contact surfaces,3,4,4,2,2019,5,7
86.0,VIKINGS GIANT SUBMARINE SANDWICHES,1418 LOMBARD St,Foods not protected from contamination,2,6,5,2,2019,5,7
94.0,Balboa Theater,3630 BALBOA St,Moderate risk vermin infestation,2,4,2,2,2019,5,7
94.0,Balboa Theater,3630 BALBOA St,Unclean or degraded floors walls or ceilings,1,4,2,2,2019,5,7
100.0,Trader Joe's #236,265 Winston Dr,NA,0,8,1,2,2019,5,7
88.0,THE PHOENIX BAR & RESTAURANT,811 VALENCIA St,Inadequate dressing rooms or improper storage of personal items,1,2,4,2,2019,5,8
90.0,OSTERIA,3277 SACRAMENTO St,Wiping cloths not clean or properly stored or inadequate sanitizer,1,6,4,2,2019,5,8
83.0,Naples Pizzarella,1192 GENEVA Ave,High risk vermin infestation,3,1,4,2,2019,5,8
98.0,Chowder Hut,2890 Taylor St,Low risk vermin infestation,1,3,1,2,2019,5,8
88.0,STARBUCKS,1390 MARKET St,Food safety certificate or food handler card not available,1,10,5,2,2019,5,8
87.0,Andersen Bread,1390 Market St Suite 110,Inadequately cleaned or sanitized food contact surfaces,2,10,3,2,2019,5,8
94.0,Patxi's Chicago Pizza,511 Hayes St,Unapproved or unmaintained equipment or utensils,1,11,3,2,2019,5,8
94.0,Akiko's Sushi Bar,542A Mason St,Wiping cloths not clean or properly stored or inadequate sanitizer,1,3,2,2,2019,5,8
89.0,EL FARO,2399 FOLSOM St,Unclean nonfood contact surfaces,1,2,3,2,2019,5,8
90.0,OSTERIA,3277 SACRAMENTO St,Unapproved or unmaintained equipment or utensils,1,6,4,2,2019,5,8
86.0,Posh Bagel,266 Sutter St,Inadequate and inaccessible handwashing facilities,2,3,4,2,2019,5,8
88.0,THE PHOENIX BAR & RESTAURANT,811 VALENCIA St,Inadequately cleaned or sanitized food contact surfaces,2,2,4,2,2019,5,8
90.0,OSTERIA,3277 SACRAMENTO St,Permit license or inspection report not posted,1,6,4,2,2019,5,8
87.0,Andersen Bread,1390 Market St Suite 110,Unclean nonfood contact surfaces,1,10,3,2,2019,5,8
88.0,STARBUCKS,1390 MARKET St,Unclean or degraded floors walls or ceilings,1,10,5,2,2019,5,8
90.0,OSTERIA,3277 SACRAMENTO St,Moderate risk vermin infestation,2,6,4,2,2019,5,8
94.0,Patxi's Chicago Pizza,511 Hayes St,Unclean or degraded floors walls or ceilings,1,11,3,2,2019,5,8
86.0,Posh Bagel,266 Sutter St,Moderate risk food holding temperature,2,3,4,2,2019,5,8
98.0,Boudin Petit Cafe,"170 O'Farrell St, 1st Floor",Food safety certificate or food handler card not available,1,3,1,2,2019,5,8
89.0,EL FARO,2399 FOLSOM St,Improper cooling methods,3,2,3,2,2019,5,8
86.0,Posh Bagel,266 Sutter St,No person in charge of food facility,1,3,4,2,2019,5,8
88.0,STARBUCKS,1390 MARKET St,Inadequate warewashing facilities or equipment,1,10,5,2,2019,5,8
88.0,THE PHOENIX BAR & RESTAURANT,811 VALENCIA St,Inadequate food safety knowledge or lack of certified food safety manager,2,2,4,2,2019,5,8
90.0,Ted's Sports Bar & Grill,312 HARRIET St,Unclean or degraded floors walls or ceilings,1,10,3,2,2019,5,8
94.0,Patxi's Chicago Pizza,511 Hayes St,Low risk vermin infestation,1,11,3,2,2019,5,8
83.0,Naples Pizzarella,1192 GENEVA Ave,Inadequate and inaccessible handwashing facilities,2,1,4,2,2019,5,8
86.0,Posh Bagel,266 Sutter St,Inadequately cleaned or sanitized food contact surfaces,2,3,4,2,2019,5,8
83.0,Naples Pizzarella,1192 GENEVA Ave,Insufficient hot water or running water,2,1,4,2,2019,5,8
88.0,STARBUCKS,1390 MARKET St,Insufficient hot water or running water,2,10,5,2,2019,5,8
88.0,THE PHOENIX BAR & RESTAURANT,811 VALENCIA St,Low risk vermin infestation,1,2,4,2,2019,5,8
83.0,Naples Pizzarella,1192 GENEVA Ave,Unapproved or unmaintained equipment or utensils,1,1,4,2,2019,5,8
90.0,Ted's Sports Bar & Grill,312 HARRIET St,Moderate risk vermin infestation,2,10,3,2,2019,5,8
94.0,Akiko's Sushi Bar,542A Mason St,Moderate risk food holding temperature,2,3,2,2,2019,5,8
88.0,STARBUCKS,1390 MARKET St,Permit license or inspection report not posted,1,10,5,2,2019,5,8
89.0,EL FARO,2399 FOLSOM St,Wiping cloths not clean or properly stored or inadequate sanitizer,1,2,3,2,2019,5,8
90.0,Ted's Sports Bar & Grill,312 HARRIET St,Inadequate and inaccessible handwashing facilities,2,10,3,2,2019,5,8
87.0,Andersen Bread,1390 Market St Suite 110,High risk food holding temperature,3,10,3,2,2019,5,8
86.0,La Fusion,475 Pine St,Improper or defective plumbing,1,3,4,2,2019,5,8
92.0,Bubba Gump Shrimp Co.,Pier 39  M210,Insufficient hot water or running water,2,3,2,2,2019,5,8
85.0,Mau Restaurant,665 Valencia St,Unclean or unsanitary food contact surfaces,3,2,4,2,2019,5,8
87.0,Lee's Deli,280 Battery St,High risk food holding temperature,3,3,3,2,2019,5,8
85.0,Mau Restaurant,665 Valencia St,Unapproved or unmaintained equipment or utensils,1,2,4,2,2019,5,8
92.0,Cantata Coffee Shop,1708 Haight St,Moderate risk vermin infestation,2,11,3,2,2019,5,8
87.0,Lee's Deli,280 Battery St,Improper or defective plumbing,1,3,3,2,2019,5,8
87.0,Lee's Deli,280 Battery St,Insufficient hot water or running water,2,3,3,2,2019,5,8
85.0,Mau Restaurant,665 Valencia St,Moderate risk food holding temperature,2,2,4,2,2019,5,8
92.0,Cantata Coffee Shop,1708 Haight St,Wiping cloths not clean or properly stored or inadequate sanitizer,1,11,3,2,2019,5,8
86.0,La Fusion,475 Pine St,Insufficient hot water or running water,2,3,4,2,2019,5,8
86.0,La Fusion,475 Pine St,Inadequate and inaccessible handwashing facilities,2,3,4,2,2019,5,8
85.0,Mau Restaurant,665 Valencia St,Unclean or degraded floors walls or ceilings,1,2,4,2,2019,5,8
92.0,Cantata Coffee Shop,1708 Haight St,Unclean or degraded floors walls or ceilings,1,11,3,2,2019,5,8
86.0,La Fusion,475 Pine St,Moderate risk food holding temperature,2,3,4,2,2019,5,8
92.0,Bubba Gump Shrimp Co.,Pier 39  M210,Moderate risk food holding temperature,2,3,2,2,2019,5,8
100.0,"THE OLYMPIC CLUB AT LAKESIDE, UPPER",599 SKYLINE Blvd,NA,0,8,2,2,2019,5,8
100.0,Starbucks Coffee,565 Clay St,NA,0,3,1,2,2019,5,8
100.0,LEAPING LEMUR CAFE,1 ZOO Rd,NA,0,8,1,2,2019,5,8
100.0,THE OLYMPIC CLUB AT LAKESIDE,599 SKYLINE Blvd,NA,0,8,2,2,2019,5,8
81.0,LA PAZ RESTAURANT,1028 POTRERO Ave,Food safety certificate or food handler card not available,1,2,5,2,2019,5,9
83.0,BOOGALOOS,3296 22nd St,Inadequately cleaned or sanitized food contact surfaces,2,2,4,2,2019,5,9
85.0,Tadich Grill,240 California St,Inadequately cleaned or sanitized food contact surfaces,2,3,4,2,2019,5,9
92.0,Mission Groceteria,2950 23rd St,Unclean or degraded floors walls or ceilings,1,2,3,2,2019,5,9
90.0,Yuyu Sushi,1559 A Sloat St,Foods not protected from contamination,2,8,4,2,2019,5,9
89.0,Harrington's Bar & Grill,245 Front St,Unclean or degraded floors walls or ceilings,1,3,3,2,2019,5,9
85.0,Tadich Grill,240 California St,Improper or defective plumbing,1,3,4,2,2019,5,9
92.0,EL TACO LOCO INC.,3274 24th St,Improper thawing methods,2,2,2,2,2019,5,9
94.0,THE GAP CAFE,1 HARRISON St,Moderate risk food holding temperature,2,10,2,2,2019,5,9
88.0,Parada 22,1805 HAIGHT St,Inadequate and inaccessible handwashing facilities,2,11,4,2,2019,5,9
96.0,"Alioto Fish Co., Ltd",360A Jefferson St,Unclean or degraded floors walls or ceilings,1,3,2,2,2019,5,9
83.0,BOOGALOOS,3296 22nd St,High risk food holding temperature,3,2,4,2,2019,5,9
81.0,LA PAZ RESTAURANT,1028 POTRERO Ave,Unclean nonfood contact surfaces,1,2,5,2,2019,5,9
81.0,LA PAZ RESTAURANT,1028 POTRERO Ave,Improper cooling methods,3,2,5,2,2019,5,9
92.0,Liang's Food,1145 Stockton St,Foods not protected from contamination,2,3,2,2,2019,5,9
92.0,EL TACO LOCO INC.,3274 24th St,Inadequately cleaned or sanitized food contact surfaces,2,2,2,2,2019,5,9
96.0,"Alioto Fish Co., Ltd",360A Jefferson St,Unapproved or unmaintained equipment or utensils,1,3,2,2,2019,5,9
90.0,Yuyu Sushi,1559 A Sloat St,No person in charge of food facility,1,8,4,2,2019,5,9
88.0,Parada 22,1805 HAIGHT St,Inadequately cleaned or sanitized food contact surfaces,2,11,4,2,2019,5,9
89.0,Harrington's Bar & Grill,245 Front St,Unclean or unsanitary food contact surfaces,3,3,3,2,2019,5,9
83.0,BOOGALOOS,3296 22nd St,Food safety certificate or food handler card not available,1,2,4,2,2019,5,9
92.0,Liang's Food,1145 Stockton St,Inadequately cleaned or sanitized food contact surfaces,2,3,2,2,2019,5,9
90.0,Yuyu Sushi,1559 A Sloat St,Unclean or degraded floors walls or ceilings,1,8,4,2,2019,5,9
92.0,Mission Groceteria,2950 23rd St,Unapproved or unmaintained equipment or utensils,1,2,3,2,2019,5,9
88.0,Parada 22,1805 HAIGHT St,Unapproved or unmaintained equipment or utensils,1,11,4,2,2019,5,9
81.0,LA PAZ RESTAURANT,1028 POTRERO Ave,Foods not protected from contamination,2,2,5,2,2019,5,9
85.0,Tadich Grill,240 California St,High risk food holding temperature,3,3,4,2,2019,5,9
83.0,BOOGALOOS,3296 22nd St,Insufficient hot water or running water,2,2,4,2,2019,5,9
94.0,THE GAP CAFE,1 HARRISON St,Unapproved or unmaintained equipment or utensils,1,10,2,2,2019,5,9
90.0,Yuyu Sushi,1559 A Sloat St,Improper food storage,1,8,4,2,2019,5,9
89.0,Harrington's Bar & Grill,245 Front St,Improper storage of equipment utensils or linens,1,3,3,2,2019,5,9
85.0,Tadich Grill,240 California St,Inadequate warewashing facilities or equipment,1,3,4,2,2019,5,9
92.0,Mission Groceteria,2950 23rd St,Inadequate and inaccessible handwashing facilities,2,2,3,2,2019,5,9
88.0,Parada 22,1805 HAIGHT St,Unclean or degraded floors walls or ceilings,1,11,4,2,2019,5,9
81.0,LA PAZ RESTAURANT,1028 POTRERO Ave,Inadequately cleaned or sanitized food contact surfaces,2,2,5,2,2019,5,9
86.0,Oasis Grill,200 04th St,Wiping cloths not clean or properly stored or inadequate sanitizer,1,10,5,2,2019,5,9
96.0,Biergarten,424 Octavia St,Inadequately cleaned or sanitized food contact surfaces,2,11,1,2,2019,5,9
86.0,Oasis Grill,200 04th St,Improper food storage,1,10,5,2,2019,5,9
92.0,BASK,42 Columbus Ave,Moderate risk food holding temperature,2,3,2,2,2019,5,9
86.0,Oasis Grill,200 04th St,Improper or defective plumbing,1,10,5,2,2019,5,9
86.0,Oasis Grill,200 04th St,Moderate risk food holding temperature,2,10,5,2,2019,5,9
92.0,BASK,42 Columbus Ave,Inadequately cleaned or sanitized food contact surfaces,2,3,2,2,2019,5,9
86.0,Oasis Grill,200 04th St,Inadequate and inaccessible handwashing facilities,2,10,5,2,2019,5,9
100.0,On Low Wui Senior Center,"777 Stockton St, 1st  Floor",NA,0,3,1,2,2019,5,9
100.0,Saffron Lounge,685 Townsend St,NA,0,9,1,2,2019,5,9
100.0,SERV U MARKET,2750 21st St,NA,0,2,1,2,2019,5,9
86.0,Milan,606 Geary St,Food safety certificate or food handler card not available,1,3,5,2,2019,5,10
86.0,Milan,606 Geary St,Inadequately cleaned or sanitized food contact surfaces,2,3,5,2,2019,5,10
86.0,Milan,606 Geary St,Inadequate and inaccessible handwashing facilities,2,3,5,2,2019,5,10
86.0,Milan,606 Geary St,Unclean nonfood contact surfaces,1,3,5,2,2019,5,10
86.0,Milan,606 Geary St,Improper food storage,1,3,5,2,2019,5,10
76.0,Subway #25578,99 Drumm St,Unclean or unsanitary food contact surfaces,3,3,5,2,2019,5,10
76.0,Subway #25578,99 Drumm St,High risk food holding temperature,3,3,5,2,2019,5,10
76.0,Subway #25578,99 Drumm St,Insufficient hot water or running water,2,3,5,2,2019,5,10
76.0,Subway #25578,99 Drumm St,Inadequate food safety knowledge or lack of certified food safety manager,2,3,5,2,2019,5,10
76.0,Subway #25578,99 Drumm St,Unclean nonfood contact surfaces,1,3,5,2,2019,5,10
85.0,DUK HING CHINESE DELI & MEAT INC.,1151 Stockton St,Foods not protected from contamination,2,3,4,2,2019,5,13
94.0,Golden Boy Pizza,542 Green St,Unapproved or unmaintained equipment or utensils,1,3,2,2,2019,5,13
85.0,DUK HING CHINESE DELI & MEAT INC.,1151 Stockton St,Unclean hands or improper use of gloves,3,3,4,2,2019,5,13
92.0,WORKING GIRLS' CAFE #4,122 NEW MONTGOMERY STREET,Improper food storage,1,10,3,2,2019,5,13
81.0,Haight Street Market,1530 Haight St,Foods not protected from contamination,2,11,5,2,2019,5,13
81.0,Haight Street Market,1530 Haight St,Moderate risk food holding temperature,2,11,5,2,2019,5,13
92.0,WORKING GIRLS' CAFE #4,122 NEW MONTGOMERY STREET,Inadequately cleaned or sanitized food contact surfaces,2,10,3,2,2019,5,13
94.0,Caffe Trieste,601 Vallejo St,Improper food storage,1,3,3,2,2019,5,13
81.0,Haight Street Market,1530 Haight St,Inadequate and inaccessible handwashing facilities,2,11,5,2,2019,5,13
81.0,Haight Street Market,1530 Haight St,Unclean or unsanitary food contact surfaces,3,11,5,2,2019,5,13
85.0,DUK HING CHINESE DELI & MEAT INC.,1151 Stockton St,Unclean or degraded floors walls or ceilings,1,3,4,2,2019,5,13
96.0,STARBUCKS #5852,199 FREMONT St,Inadequately cleaned or sanitized food contact surfaces,2,10,1,2,2019,5,13
93.0,Starbucks,1501 FILLMORE St,Unclean or unsanitary food contact surfaces,3,11,1,2,2019,5,13
94.0,Caffe Trieste,601 Vallejo St,Wiping cloths not clean or properly stored or inadequate sanitizer,1,3,3,2,2019,5,13
94.0,Caffe Trieste,601 Vallejo St,Unclean nonfood contact surfaces,1,3,3,2,2019,5,13
94.0,Golden Boy Pizza,542 Green St,Inadequately cleaned or sanitized food contact surfaces,2,3,2,2,2019,5,13
85.0,DUK HING CHINESE DELI & MEAT INC.,1151 Stockton St,Improper or defective plumbing,1,3,4,2,2019,5,13
92.0,WORKING GIRLS' CAFE #4,122 NEW MONTGOMERY STREET,Improper or defective plumbing,1,10,3,2,2019,5,13
88.0,Starbucks #16839,Pier 1 The Embarcadero,Wiping cloths not clean or properly stored or inadequate sanitizer,1,3,4,2,2019,5,13
88.0,Starbucks #16839,Pier 1 The Embarcadero,Moderate risk food holding temperature,2,3,4,2,2019,5,13
75.0,Per Diem,564 Market St #140,Inadequate and inaccessible handwashing facilities,2,3,6,2,2019,5,13
75.0,Per Diem,564 Market St #140,Food in poor condition,2,3,6,2,2019,5,13
88.0,Starbucks #16839,Pier 1 The Embarcadero,Improper or defective plumbing,1,3,4,2,2019,5,13
75.0,Per Diem,564 Market St #140,Unclean unmaintained or improperly constructed toilet facilities,1,3,6,2,2019,5,13
75.0,Per Diem,564 Market St #140,Foods not protected from contamination,2,3,6,2,2019,5,13
75.0,Per Diem,564 Market St #140,Inadequately cleaned or sanitized food contact surfaces,2,3,6,2,2019,5,13
75.0,Per Diem,564 Market St #140,High risk food holding temperature,3,3,6,2,2019,5,13
88.0,Starbucks #16839,Pier 1 The Embarcadero,Insufficient hot water or running water,2,3,4,2,2019,5,13
100.0,Chinese Hospital,845 Jackson St,NA,0,3,1,2,2019,5,13
100.0,NORMAN'S LIQUOR & DELI,733 Randolph St,NA,0,1,1,2,2019,5,13
100.0,Holiday Inn Express-Main Kitchen,550 North Point St,NA,0,3,1,2,2019,5,13
81.0,Tenroku Ramen #2,4435 MISSION St,Employee eating or smoking,2,1,5,2,2019,5,14
94.0,Saiwaii Ramen,2240 IRVING St,Foods not protected from contamination,2,7,2,2,2019,5,14
92.0,Angkor Borei Restaurant,3471 MISSION St,Improper storage of equipment utensils or linens,1,2,4,2,2019,5,14
92.0,Royal Market & Bakery,5331 Geary Blvd,Improper thawing methods,2,4,2,2,2019,5,14
81.0,Tenroku Ramen #2,4435 MISSION St,Unclean or degraded floors walls or ceilings,1,1,5,2,2019,5,14
94.0,THE RICHMOND,615 Balboa St,Food safety certificate or food handler card not available,1,4,2,2,2019,5,14
92.0,Angkor Borei Restaurant,3471 MISSION St,Unapproved or unmaintained equipment or utensils,1,2,4,2,2019,5,14
92.0,Royal Market & Bakery,5331 Geary Blvd,Inadequately cleaned or sanitized food contact surfaces,2,4,2,2,2019,5,14
81.0,Tenroku Ramen #2,4435 MISSION St,Unapproved or unmaintained equipment or utensils,1,1,5,2,2019,5,14
94.0,Saiwaii Ramen,2240 IRVING St,Unclean nonfood contact surfaces,1,7,2,2,2019,5,14
94.0,THE RICHMOND,615 Balboa St,Inadequately cleaned or sanitized food contact surfaces,2,4,2,2,2019,5,14
92.0,Angkor Borei Restaurant,3471 MISSION St,Unclean nonfood contact surfaces,1,2,4,2,2019,5,14
81.0,Tenroku Ramen #2,4435 MISSION St,Moderate risk vermin infestation,2,1,5,2,2019,5,14
81.0,Tenroku Ramen #2,4435 MISSION St,High risk food holding temperature,3,1,5,2,2019,5,14
92.0,Angkor Borei Restaurant,3471 MISSION St,Low risk vermin infestation,1,2,4,2,2019,5,14
96.0,Yuubi Japanese Restaurant,501 BALBOA ST,Wiping cloths not clean or properly stored or inadequate sanitizer,1,4,2,2,2019,5,14
78.0,Mangrove Kitchen,312 DIVISADERO St,Unclean hands or improper use of gloves,3,11,4,2,2019,5,14
78.0,Mangrove Kitchen,312 DIVISADERO St,High risk food holding temperature,3,11,4,2,2019,5,14
96.0,Yuubi Japanese Restaurant,501 BALBOA ST,Inadequate dressing rooms or improper storage of personal items,1,4,2,2,2019,5,14
78.0,Mangrove Kitchen,312 DIVISADERO St,Inadequately cleaned or sanitized food contact surfaces,2,11,4,2,2019,5,14
78.0,Mangrove Kitchen,312 DIVISADERO St,Inadequate and inaccessible handwashing facilities,2,11,4,2,2019,5,14
100.0,JEWISH FAMILY & CHILDREN'S SERVICES,2534 JUDAH St,NA,0,7,1,2,2019,5,14
100.0,Ana's Market,105 BROAD St,NA,0,1,1,2,2019,5,14
100.0,Sunset Strip,2601 Judah Street,NA,0,7,1,2,2019,5,14
100.0,CHEVRON STATIONS INC. #1727,2998 SAN JOSE Ave,NA,0,1,1,2,2019,5,14
100.0,Specialty's Cafe & Bakery,"22 Battery St, Suite D",NA,0,3,1,2,2019,5,14
92.0,HOWARD STREET COFFEE ROASTERY CAFE,180 HOWARD St,Moderate risk food holding temperature,2,10,2,2,2019,5,15
84.0,EMPEROR PALACE RESTAURANT,0530 BALBOA St,Unclean hands or improper use of gloves,3,4,3,2,2019,5,15
83.0,Ayola,118 NEW MONTGOMERY STREET,Improper reheating of food,3,10,4,2,2019,5,15
98.0,Hustler Club,1031 kearny St,Improper storage of equipment utensils or linens,1,3,1,2,2019,5,15
88.0,MONGKOK DIM SUM & RESTAURANT,2438 NORIEGA  St,Unclean nonfood contact surfaces,1,7,4,2,2019,5,15
85.0,RINCON MARKET,98 HOWARD St,Foods not protected from contamination,2,10,3,2,2019,5,15
94.0,Specialty's Cafe & Bakery,"22 Battery St, Suite D",Worker safety hazards,1,3,2,2,2019,5,15
92.0,HOWARD STREET COFFEE ROASTERY CAFE,180 HOWARD St,Inadequately cleaned or sanitized food contact surfaces,2,10,2,2,2019,5,15
89.0,CAFE LA BOHEME,3318 24th St,Unapproved or unmaintained equipment or utensils,1,2,3,2,2019,5,15
98.0,STARBUCKS COFFEE CO.,1750 DIVISADERO St,Low risk vermin infestation,1,6,1,2,2019,5,15
98.0,Sur La Table,1 Ferry Building  #37,Food safety certificate or food handler card not available,1,3,1,2,2019,5,15
84.0,EMPEROR PALACE RESTAURANT,0530 BALBOA St,Unclean nonfood contact surfaces,1,4,3,2,2019,5,15
83.0,HAI SUN RESTAURANT,3137 LAGUNA St,Contaminated or adulterated food,3,6,5,2,2019,5,15
88.0,MONGKOK DIM SUM & RESTAURANT,2438 NORIEGA  St,Inadequate and inaccessible handwashing facilities,2,7,4,2,2019,5,15
92.0,University Club,800 Powell St,Improper thawing methods,2,3,3,2,2019,5,15
83.0,Ayola,118 NEW MONTGOMERY STREET,Unclean or degraded floors walls or ceilings,1,10,4,2,2019,5,15
83.0,HAI SUN RESTAURANT,3137 LAGUNA St,Inadequate ventilation or lighting,1,6,5,2,2019,5,15
89.0,CAFE LA BOHEME,3318 24th St,High risk vermin infestation,3,2,3,2,2019,5,15
83.0,Ayola,118 NEW MONTGOMERY STREET,Insufficient hot water or running water,2,10,4,2,2019,5,15
91.0,Elks Club,"450 Post St, 3rd Floor",Unclean or unsanitary food contact surfaces,3,3,2,2,2019,5,15
85.0,RINCON MARKET,98 HOWARD St,Insufficient hot water or running water,2,10,3,2,2019,5,15
83.0,HAI SUN RESTAURANT,3137 LAGUNA St,Moderate risk food holding temperature,2,6,5,2,2019,5,15
98.0,HONG KUN COMPANY,2558 NORIEGA St,Unclean or degraded floors walls or ceilings,1,7,1,2,2019,5,15
91.0,Cozy Cable Car Cafe,519 Powell St,Wiping cloths not clean or properly stored or inadequate sanitizer,1,3,2,2,2019,5,15
88.0,MONGKOK DIM SUM & RESTAURANT,2438 NORIEGA  St,Improper food storage,1,7,4,2,2019,5,15
92.0,University Club,800 Powell St,Wiping cloths not clean or properly stored or inadequate sanitizer,1,3,3,2,2019,5,15
91.0,Elks Club,"450 Post St, 3rd Floor",Unclean or degraded floors walls or ceilings,1,3,2,2,2019,5,15
92.0,University Club,800 Powell St,Unapproved or unmaintained equipment or utensils,1,3,3,2,2019,5,15
84.0,EMPEROR PALACE RESTAURANT,0530 BALBOA St,Unclean or unsanitary food contact surfaces,3,4,3,2,2019,5,15
91.0,Cozy Cable Car Cafe,519 Powell St,High risk vermin infestation,3,3,2,2,2019,5,15
83.0,HAI SUN RESTAURANT,3137 LAGUNA St,Wiping cloths not clean or properly stored or inadequate sanitizer,1,6,5,2,2019,5,15
83.0,Ayola,118 NEW MONTGOMERY STREET,Inadequate food safety knowledge or lack of certified food safety manager,2,10,4,2,2019,5,15
89.0,CAFE LA BOHEME,3318 24th St,Unclean nonfood contact surfaces,1,2,3,2,2019,5,15
94.0,Specialty's Cafe & Bakery,"22 Battery St, Suite D",Insufficient hot water or running water,2,3,2,2,2019,5,15
83.0,HAI SUN RESTAURANT,3137 LAGUNA St,Unapproved or unmaintained equipment or utensils,1,6,5,2,2019,5,15
85.0,RINCON MARKET,98 HOWARD St,High risk food holding temperature,3,10,3,2,2019,5,15
88.0,MONGKOK DIM SUM & RESTAURANT,2438 NORIEGA  St,Inadequately cleaned or sanitized food contact surfaces,2,7,4,2,2019,5,15
76.0,Central Kitchen & Salumeria,782 Florida,Unclean or unsanitary food contact surfaces,3,2,5,2,2019,5,15
76.0,Central Kitchen & Salumeria,782 Florida,High risk food holding temperature,3,2,5,2,2019,5,15
76.0,Central Kitchen & Salumeria,782 Florida,Noncompliance with HAACP plan or variance,2,2,5,2,2019,5,15
76.0,Central Kitchen & Salumeria,782 Florida,Low risk vermin infestation,1,2,5,2,2019,5,15
98.0,Stanza,1673 Haight St,Unapproved or unmaintained equipment or utensils,1,11,1,2,2019,5,15
76.0,Central Kitchen & Salumeria,782 Florida,Foods not protected from contamination,2,2,5,2,2019,5,15
100.0,JEFFERSON ELEMENTARY SCHOOL,1725 IRVING St,NA,0,7,1,2,2019,5,15
91.0,Cafe Claude,7 Claude Ln,Improper cooling methods,3,3,2,2,2019,5,16
92.0,Starbucks Coffee,052 California St,Improper or defective plumbing,1,3,3,2,2019,5,16
92.0,Starbucks Coffee,052 California St,Insufficient hot water or running water,2,3,3,2,2019,5,16
85.0,Star India Restaurant,3721 GEARY Blvd,Improper cooling methods,3,4,4,2,2019,5,16
75.0,Good Luck Market,1215 Taraval St,Inadequate and inaccessible handwashing facilities,2,7,7,2,2019,5,16
90.0,Fino,1 Cosmo Pl,Unclean nonfood contact surfaces,1,3,3,2,2019,5,16
75.0,Good Luck Market,1215 Taraval St,Unclean or degraded floors walls or ceilings,1,7,7,2,2019,5,16
88.0,EL SALVADOR RESTAURANT,2278 MISSION St,Inadequate and inaccessible handwashing facilities,2,2,3,2,2019,5,16
92.0,VILLA D'ESTE,2623 OCEAN Ave,Unapproved or unmaintained equipment or utensils,1,8,3,2,2019,5,16
94.0,Emporio Rulli Il Caffe at Union Square,225 Stockton St,Wiping cloths not clean or properly stored or inadequate sanitizer,1,3,3,2,2019,5,16
91.0,Cafe Claude,7 Claude Ln,Improper food labeling or menu misrepresentation,1,3,2,2,2019,5,16
75.0,Good Luck Market,1215 Taraval St,Unclean nonfood contact surfaces,1,7,7,2,2019,5,16
71.0,Cafe Venue,67 05th St,Unclean hands or improper use of gloves,3,10,5,2,2019,5,16
88.0,HARRY'S BAR,2020 FILLMORE St,Inadequate and inaccessible handwashing facilities,2,6,3,2,2019,5,16
75.0,Good Luck Market,1215 Taraval St,Food in poor condition,2,7,7,2,2019,5,16
71.0,Cafe Venue,67 05th St,High risk food holding temperature,3,10,5,2,2019,5,16
90.0,Fino,1 Cosmo Pl,Inadequately cleaned or sanitized food contact surfaces,2,3,3,2,2019,5,16
86.0,BRAVO PIZZA,5145 MISSION St,Unclean or degraded floors walls or ceilings,1,1,5,2,2019,5,16
71.0,Cafe Venue,67 05th St,Foods not protected from contamination,2,10,5,2,2019,5,16
94.0,Emporio Rulli Il Caffe at Union Square,225 Stockton St,Food safety certificate or food handler card not available,1,3,3,2,2019,5,16
91.0,Barbacco Eno-Trattoria,220 California St,Unclean or unsanitary food contact surfaces,3,3,2,2,2019,5,16
92.0,VILLA D'ESTE,2623 OCEAN Ave,Low risk vermin infestation,1,8,3,2,2019,5,16
86.0,BRAVO PIZZA,5145 MISSION St,Inadequate food safety knowledge or lack of certified food safety manager,2,1,5,2,2019,5,16
88.0,EL SALVADOR RESTAURANT,2278 MISSION St,Inadequately cleaned or sanitized food contact surfaces,2,2,3,2,2019,5,16
75.0,Good Luck Market,1215 Taraval St,Foods not protected from contamination,2,7,7,2,2019,5,16
86.0,BRAVO PIZZA,5145 MISSION St,Unclean nonfood contact surfaces,1,1,5,2,2019,5,16
85.0,Star India Restaurant,3721 GEARY Blvd,Inadequately cleaned or sanitized food contact surfaces,2,4,4,2,2019,5,16
88.0,HARRY'S BAR,2020 FILLMORE St,Moderate risk vermin infestation,2,6,3,2,2019,5,16
92.0,VILLA D'ESTE,2623 OCEAN Ave,Foods not protected from contamination,2,8,3,2,2019,5,16
86.0,BRAVO PIZZA,5145 MISSION St,Moderate risk vermin infestation,2,1,5,2,2019,5,16
85.0,Star India Restaurant,3721 GEARY Blvd,Unclean nonfood contact surfaces,1,4,4,2,2019,5,16
86.0,BRAVO PIZZA,5145 MISSION St,No thermometers or uncalibrated thermometers,1,1,5,2,2019,5,16
71.0,Cafe Venue,67 05th St,Improper cooling methods,3,10,5,2,2019,5,16
91.0,Barbacco Eno-Trattoria,220 California St,Improper or defective plumbing,1,3,2,2,2019,5,16
88.0,HARRY'S BAR,2020 FILLMORE St,Inadequately cleaned or sanitized food contact surfaces,2,6,3,2,2019,5,16
90.0,Fino,1 Cosmo Pl,Inadequate and inaccessible handwashing facilities,2,3,3,2,2019,5,16
92.0,Starbucks Coffee,052 California St,Wiping cloths not clean or properly stored or inadequate sanitizer,1,3,3,2,2019,5,16
94.0,Emporio Rulli Il Caffe at Union Square,225 Stockton St,Inadequate warewashing facilities or equipment,1,3,3,2,2019,5,16
75.0,Good Luck Market,1215 Taraval St,Improper food storage,1,7,7,2,2019,5,16
85.0,Star India Restaurant,3721 GEARY Blvd,Improper food storage,1,4,4,2,2019,5,16
75.0,Good Luck Market,1215 Taraval St,High risk vermin infestation,3,7,7,2,2019,5,16
71.0,Cafe Venue,67 05th St,Inadequately cleaned or sanitized food contact surfaces,2,10,5,2,2019,5,16
88.0,EL SALVADOR RESTAURANT,2278 MISSION St,Inadequate food safety knowledge or lack of certified food safety manager,2,2,3,2,2019,5,16
88.0,Sam's Chowder Mobile,Golden Gate Park,Insufficient hot water or running water,2,10,4,2,2019,5,17
90.0,MY FAVORITE CAFE,2110 CLEMENT St,Unclean nonfood contact surfaces,1,4,4,2,2019,5,17
90.0,MY FAVORITE CAFE,2110 CLEMENT St,Other low risk violation,1,4,4,2,2019,5,17
88.0,Sam's Chowder Mobile,Golden Gate Park,Food safety certificate or food handler card not available,1,10,4,2,2019,5,17
88.0,PING'S MEAT MARKET,0239 BALBOA St,Foods not protected from contamination,2,4,3,2,2019,5,17
88.0,PING'S MEAT MARKET,0239 BALBOA St,Moderate risk food holding temperature,2,4,3,2,2019,5,17
96.0,Cafe Madeleine,43 O'Farrell St,Moderate risk food holding temperature,2,3,1,2,2019,5,17
88.0,Sam's Chowder Mobile,Golden Gate Park,Wiping cloths not clean or properly stored or inadequate sanitizer,1,10,4,2,2019,5,17
90.0,MY FAVORITE CAFE,2110 CLEMENT St,Inadequate and inaccessible handwashing facilities,2,4,4,2,2019,5,17
88.0,PING'S MEAT MARKET,0239 BALBOA St,Inadequately cleaned or sanitized food contact surfaces,2,4,3,2,2019,5,17
90.0,MY FAVORITE CAFE,2110 CLEMENT St,Low risk vermin infestation,1,4,4,2,2019,5,17
88.0,Sam's Chowder Mobile,Golden Gate Park,Inadequately cleaned or sanitized food contact surfaces,2,10,4,2,2019,5,17
79.0,Vinyl Cafe and Wine Bar,359 DIVISADERO St,Unapproved or unmaintained equipment or utensils,1,11,6,2,2019,5,17
88.0,7-Eleven #2366-34977,527 Sutter St,Inadequately cleaned or sanitized food contact surfaces,2,3,3,2,2019,5,17
79.0,Vinyl Cafe and Wine Bar,359 DIVISADERO St,Food safety certificate or food handler card not available,1,11,6,2,2019,5,17
79.0,Vinyl Cafe and Wine Bar,359 DIVISADERO St,Unclean or degraded floors walls or ceilings,1,11,6,2,2019,5,17
88.0,7-Eleven #2366-34977,527 Sutter St,Inadequate and inaccessible handwashing facilities,2,3,3,2,2019,5,17
88.0,7-Eleven #2366-34977,527 Sutter St,Moderate risk food holding temperature,2,3,3,2,2019,5,17
79.0,Vinyl Cafe and Wine Bar,359 DIVISADERO St,Moderate risk vermin infestation,2,11,6,2,2019,5,17
79.0,Vinyl Cafe and Wine Bar,359 DIVISADERO St,Unclean or unsanitary food contact surfaces,3,11,6,2,2019,5,17
79.0,Vinyl Cafe and Wine Bar,359 DIVISADERO St,Moderate risk food holding temperature,2,11,6,2,2019,5,17
100.0,Miette,1 Ferry Building Shop 10,NA,0,3,1,2,2019,5,17
100.0,Starbucks Coffee,442 Geary St,NA,0,3,1,2,2019,5,17
88.0,PPQ Vietnamese RESTAURANT,2332 CLEMENT St,Foods not protected from contamination,2,4,4,2,2019,5,20
94.0,Starbucks Coffee (Store #9743),425 Battery St,Inadequate and inaccessible handwashing facilities,2,3,4,2,2019,5,20
94.0,Starbucks Coffee (Store #9743),425 Battery St,Inadequate and inaccessible handwashing facilities,2,3,4,2,2019,5,20
98.0,Drip Coffee,450 Stanyan St,Unapproved or unmaintained equipment or utensils,1,4,1,2,2019,5,20
88.0,Hing Lung Company,1261 Stockton St,Moderate risk food holding temperature,2,3,5,2,2019,5,20
88.0,Hing Lung Company,1261 Stockton St,Improper storage of equipment utensils or linens,1,3,5,2,2019,5,20
88.0,PPQ Vietnamese RESTAURANT,2332 CLEMENT St,Inadequate and inaccessible handwashing facilities,2,4,4,2,2019,5,20
88.0,Hing Lung Company,1261 Stockton St,Improper food storage,1,3,5,2,2019,5,20
88.0,PPQ Vietnamese RESTAURANT,2332 CLEMENT St,Inadequate dressing rooms or improper storage of personal items,1,4,4,2,2019,5,20
88.0,Hing Lung Company,1261 Stockton St,Food safety certificate or food handler card not available,1,3,5,2,2019,5,20
92.0,Acme Bread Company,1 Ferry Building  #15,Inadequately cleaned or sanitized food contact surfaces,2,3,2,2,2019,5,20
88.0,PPQ Vietnamese RESTAURANT,2332 CLEMENT St,Improper storage use or identification of toxic substances,1,4,4,2,2019,5,20
88.0,Hing Lung Company,1261 Stockton St,Unapproved or unmaintained equipment or utensils,1,3,5,2,2019,5,20
94.0,Starbucks Coffee (Store #9743),425 Battery St,Low risk vermin infestation,1,3,4,2,2019,5,20
94.0,Starbucks Coffee (Store #9743),425 Battery St,Low risk vermin infestation,1,3,4,2,2019,5,20
92.0,Acme Bread Company,1 Ferry Building  #15,Foods not protected from contamination,2,3,2,2,2019,5,20
86.0,Las Brisas,3137 MISSION St,Foods not protected from contamination,2,2,4,2,2019,5,20
86.0,Las Brisas,3137 MISSION St,Inadequately cleaned or sanitized food contact surfaces,2,2,4,2,2019,5,20
86.0,Las Brisas,3137 MISSION St,Moderate risk vermin infestation,2,2,4,2,2019,5,20
86.0,Las Brisas,3137 MISSION St,Unapproved or unmaintained equipment or utensils,1,2,4,2,2019,5,20
79.0,Sun Sang Market,1205 Stockton St,Inadequately cleaned or sanitized food contact surfaces,2,3,6,2,2019,5,21
90.0,Pera,1457 18th St,Improper thawing methods,2,9,3,2,2019,5,21
90.0,ASIAN AMER.RECOVERY SERVICES,2024 HAYES St,Moderate risk vermin infestation,2,11,3,2,2019,5,21
90.0,Pera,1457 18th St,Inadequate ventilation or lighting,1,9,3,2,2019,5,21
92.0,Phillies,932 GENEVA Ave,Unclean or degraded floors walls or ceilings,1,1,3,2,2019,5,21
94.0,GOAT HILL PIZZA,300 CONNECTICUT St,Unapproved or unmaintained equipment or utensils,1,9,2,2,2019,5,21
92.0,KERY MARKET,648 ANDOVER St,Unapproved or unmaintained equipment or utensils,1,2,3,2,2019,5,21
94.0,BENDERS BAR & GRILL,800-806 SOUTH VAN NESS Ave,Low risk vermin infestation,1,2,2,2,2019,5,21
79.0,Sun Sang Market,1205 Stockton St,Improper thawing methods,2,3,6,2,2019,5,21
79.0,Sun Sang Market,1205 Stockton St,Improper storage of equipment utensils or linens,1,3,6,2,2019,5,21
90.0,Stacks Restaurant,501 Hayes St,Improper thawing methods,2,11,3,2,2019,5,21
92.0,Phillies,932 GENEVA Ave,Moderate risk food holding temperature,2,1,3,2,2019,5,21
92.0,Kin Khao Thai Eatery,55 CYRIL MAGNIN St,Inadequately cleaned or sanitized food contact surfaces,2,3,2,2,2019,5,21
94.0,BENDERS BAR & GRILL,800-806 SOUTH VAN NESS Ave,Inadequate and inaccessible handwashing facilities,2,2,2,2,2019,5,21
79.0,Sun Sang Market,1205 Stockton St,Unapproved or unmaintained equipment or utensils,1,3,6,2,2019,5,21
90.0,Stacks Restaurant,501 Hayes St,Moderate risk vermin infestation,2,11,3,2,2019,5,21
98.0,Starbucks Coffee,462 Powell St,Permit license or inspection report not posted,1,3,1,2,2019,5,21
92.0,KERY MARKET,648 ANDOVER St,Moderate risk vermin infestation,2,2,3,2,2019,5,21
94.0,The Olympic Club Bar/Grill,524 Post St 1st Floor,Inadequately cleaned or sanitized food contact surfaces,2,3,2,2,2019,5,21
92.0,Ritz-Carlton SF - Club Lounge,600 Stockton St 8th Floor,Foods not protected from contamination,2,3,2,2,2019,5,21
90.0,ASIAN AMER.RECOVERY SERVICES,2024 HAYES St,Unapproved or unmaintained equipment or utensils,1,11,3,2,2019,5,21
92.0,Ritz-Carlton SF - Club Lounge,600 Stockton St 8th Floor,Inadequately cleaned or sanitized food contact surfaces,2,3,2,2,2019,5,21
79.0,Sun Sang Market,1205 Stockton St,Improper food storage,1,3,6,2,2019,5,21
92.0,Kin Khao Thai Eatery,55 CYRIL MAGNIN St,Moderate risk food holding temperature,2,3,2,2,2019,5,21
92.0,Phillies,932 GENEVA Ave,Improper or defective plumbing,1,1,3,2,2019,5,21
90.0,Stacks Restaurant,501 Hayes St,Unclean or degraded floors walls or ceilings,1,11,3,2,2019,5,21
94.0,The Olympic Club Bar/Grill,524 Post St 1st Floor,Inadequate warewashing facilities or equipment,1,3,2,2,2019,5,21
90.0,ASIAN AMER.RECOVERY SERVICES,2024 HAYES St,Improper thawing methods,2,11,3,2,2019,5,21
92.0,KERY MARKET,648 ANDOVER St,Improper food storage,1,2,3,2,2019,5,21
90.0,Pera,1457 18th St,Foods not protected from contamination,2,9,3,2,2019,5,21
94.0,GOAT HILL PIZZA,300 CONNECTICUT St,Foods not protected from contamination,2,9,2,2,2019,5,21
79.0,Sun Sang Market,1205 Stockton St,High risk food holding temperature,3,3,6,2,2019,5,21
87.0,Chez Maman,401 Gough St,Improper storage of equipment utensils or linens,1,11,3,2,2019,5,21
86.0,Soma Restaurant And Bar,85 05th St,Unclean or degraded floors walls or ceilings,1,10,4,2,2019,5,21
86.0,Soma Restaurant And Bar,85 05th St,Moderate risk vermin infestation,2,10,4,2,2019,5,21
86.0,Soma Restaurant And Bar,85 05th St,Noncompliance with shell fish tags or display,2,10,4,2,2019,5,21
87.0,Chez Maman,401 Gough St,Noncompliance with shell fish tags or display,2,11,3,2,2019,5,21
87.0,Chez Maman,401 Gough St,Unclean or unsanitary food contact surfaces,3,11,3,2,2019,5,21
86.0,Soma Restaurant And Bar,85 05th St,Inadequately cleaned or sanitized food contact surfaces,2,10,4,2,2019,5,21
100.0,ALICE FONG YU ELEMENTARY SCHOOL,1541 12th Ave,NA,0,8,1,2,2019,5,21
100.0,WILDLIFE CONNECTION ESPRESSO CART,1 ZOO Rd,NA,0,8,1,2,2019,5,21
100.0,LINCOLN HIGH SCHOOL,2162 24th Ave,NA,0,7,1,2,2019,5,21
100.0,Leaping Lemur Cart,1  zoo rd,NA,0,8,1,2,2019,5,21
100.0,The Olympic Club Cafe,524 Post St Basement,NA,0,3,1,2,2019,5,21
100.0,HOOVER MIDDLE SCHOOL,2290 14th Ave,NA,0,8,1,2,2019,5,21
96.0,GEORGE WASHINGTON HIGH SCHOOL,600 32nd Ave,Moderate risk food holding temperature,2,4,1,2,2019,5,22
83.0,7-Mission Restaurant,150 07th St,Improper food storage,1,10,4,2,2019,5,22
90.0,Bella Lucca,418 Geary St,Food safety certificate or food handler card not available,1,3,3,2,2019,5,22
94.0,LAFAYETTE ELEMENTARY SCHOOL,4545 ANZA St,Improper food storage,1,4,2,2,2019,5,22
92.0,The Family,545 Powell St,Unclean or degraded floors walls or ceilings,1,3,3,2,2019,5,22
83.0,7-Mission Restaurant,150 07th St,Moderate risk food holding temperature,2,10,4,2,2019,5,22
90.0,Live Sushi Bar,2001 17th St,Wiping cloths not clean or properly stored or inadequate sanitizer,1,9,3,2,2019,5,22
90.0,Bella Lucca,418 Geary St,Moderate risk vermin infestation,2,3,3,2,2019,5,22
83.0,7-Mission Restaurant,150 07th St,Moderate risk vermin infestation,2,10,4,2,2019,5,22
90.0,Live Sushi Bar,2001 17th St,Inadequate procedures or records for time as a public health control,2,9,3,2,2019,5,22
92.0,The Family,545 Powell St,Unapproved or unmaintained equipment or utensils,1,3,3,2,2019,5,22
90.0,Bella Lucca,418 Geary St,Inadequate sewage or wastewater disposal,2,3,3,2,2019,5,22
83.0,7-Mission Restaurant,150 07th St,Unclean or unsanitary food contact surfaces,3,10,4,2,2019,5,22
92.0,The Family,545 Powell St,Inadequately cleaned or sanitized food contact surfaces,2,3,3,2,2019,5,22
90.0,Live Sushi Bar,2001 17th St,Foods not protected from contamination,2,9,3,2,2019,5,22
94.0,LAFAYETTE ELEMENTARY SCHOOL,4545 ANZA St,Moderate risk vermin infestation,2,4,2,2,2019,5,22
85.0,Wonderland Restaurant,500 Haight St,Unclean or degraded floors walls or ceilings,1,11,4,2,2019,5,22
86.0,Cafe Bunn Mi,417 CLEMENT St,Food safety certificate or food handler card not available,1,4,5,2,2019,5,22
85.0,Wonderland Restaurant,500 Haight St,High risk vermin infestation,3,11,4,2,2019,5,22
86.0,Cafe Bunn Mi,417 CLEMENT St,Improper food storage,1,4,5,2,2019,5,22
89.0,Subway Sandwich #41309,187 06th St,Low risk vermin infestation,1,10,3,2,2019,5,22
86.0,Cafe Bunn Mi,417 CLEMENT St,Unapproved or unmaintained equipment or utensils,1,4,5,2,2019,5,22
85.0,Wonderland Restaurant,500 Haight St,Inadequately cleaned or sanitized food contact surfaces,2,11,4,2,2019,5,22
89.0,Subway Sandwich #41309,187 06th St,Food safety certificate or food handler card not available,1,10,3,2,2019,5,22
86.0,Cafe Bunn Mi,417 CLEMENT St,Inadequate and inaccessible handwashing facilities,2,4,5,2,2019,5,22
85.0,Wonderland Restaurant,500 Haight St,Unapproved or unmaintained equipment or utensils,1,11,4,2,2019,5,22
86.0,Cafe Bunn Mi,417 CLEMENT St,Moderate risk food holding temperature,2,4,5,2,2019,5,22
89.0,Subway Sandwich #41309,187 06th St,Unclean hands or improper use of gloves,3,10,3,2,2019,5,22
100.0,Rooftop Middle School,500 Corbett St.,NA,0,5,1,2,2019,5,22
100.0,Bi-Rite Creamery,3692 18th St,NA,0,5,1,2,2019,5,22
100.0,ROOFTOP SCHOOL,443 Burnett Ave,NA,0,5,1,2,2019,5,22
100.0,CLARENDON ELEMENTARY SCHOOL,500 CLARENDON Ave,NA,0,8,1,2,2019,5,22
89.0,Carlin's Corner,298 Valencia St,Unclean or unsanitary food contact surfaces,3,5,2,2,2019,5,23
90.0,Pampanguena Cuisine,4441 Mission St,Moderate risk vermin infestation,2,1,3,2,2019,5,23
83.0,"PATPONG THAI CUISINE, INC.",2415 CLEMENT St,Unapproved or unmaintained equipment or utensils,1,4,5,2,2019,5,23
89.0,Banwich,1105 TARAVAL St,High risk vermin infestation,3,7,3,2,2019,5,23
96.0,Boudin Restaurant,160 Jefferson  2nd floor,Inadequately cleaned or sanitized food contact surfaces,2,3,1,2,2019,5,23
96.0,Beretta,1199 VALENCIA St,Inadequately cleaned or sanitized food contact surfaces,2,2,1,2,2019,5,23
93.0,Bohemian Club,624 Taylor St,Unclean or unsanitary food contact surfaces,3,3,1,2,2019,5,23
90.0,Sushi Zen,1041 Taraval St,Unclean or degraded floors walls or ceilings,1,7,4,2,2019,5,23
94.0,Starbucks Coffee Co,1255 Battery St,Improper storage of equipment utensils or linens,1,3,2,2,2019,5,23
90.0,WE BE SUSHI,1071 VALENCIA St,Unclean unmaintained or improperly constructed toilet facilities,1,2,4,2,2019,5,23
90.0,WE BE SUSHI,1071 VALENCIA St,Inadequate food safety knowledge or lack of certified food safety manager,2,2,4,2,2019,5,23
90.0,Sushi Zen,1041 Taraval St,Moderate risk vermin infestation,2,7,4,2,2019,5,23
92.0,Mission Shell,3550 MISSION St,Moderate risk food holding temperature,2,2,2,2,2019,5,23
89.0,Carlin's Corner,298 Valencia St,Moderate risk food holding temperature,2,5,2,2,2019,5,23
94.0,Starbucks Coffee Co,1255 Battery St,Moderate risk food holding temperature,2,3,2,2,2019,5,23
90.0,WE BE SUSHI,1071 VALENCIA St,Improper food storage,1,2,4,2,2019,5,23
89.0,Banwich,1105 TARAVAL St,Wiping cloths not clean or properly stored or inadequate sanitizer,1,7,3,2,2019,5,23
96.0,Chapeau,126 CLEMENT St,Low risk vermin infestation,1,4,2,2,2019,5,23
96.0,Chapeau,126 CLEMENT St,Unapproved or unmaintained equipment or utensils,1,4,2,2,2019,5,23
83.0,"PATPONG THAI CUISINE, INC.",2415 CLEMENT St,Low risk vermin infestation,1,4,5,2,2019,5,23
83.0,"PATPONG THAI CUISINE, INC.",2415 CLEMENT St,Unclean nonfood contact surfaces,1,4,5,2,2019,5,23
92.0,Mission Shell,3550 MISSION St,Inadequate food safety knowledge or lack of certified food safety manager,2,2,2,2,2019,5,23
90.0,Pampanguena Cuisine,4441 Mission St,Improper thawing methods,2,1,3,2,2019,5,23
90.0,Sushi Zen,1041 Taraval St,Improper storage use or identification of toxic substances,1,7,4,2,2019,5,23
90.0,Pampanguena Cuisine,4441 Mission St,Unapproved or unmaintained equipment or utensils,1,1,3,2,2019,5,23
83.0,"PATPONG THAI CUISINE, INC.",2415 CLEMENT St,Unclean or unsanitary food contact surfaces,3,4,5,2,2019,5,23
98.0,Four Barrel Coffee,375 Valencia St,Low risk vermin infestation,1,2,1,2,2019,5,23
89.0,Banwich,1105 TARAVAL St,Unclean or degraded floors walls or ceilings,1,7,3,2,2019,5,23
90.0,WE BE SUSHI,1071 VALENCIA St,Unapproved or unmaintained equipment or utensils,1,2,4,2,2019,5,23
90.0,Sushi Zen,1041 Taraval St,Improper food storage,1,7,4,2,2019,5,23
83.0,"PATPONG THAI CUISINE, INC.",2415 CLEMENT St,Moderate risk food holding temperature,2,4,5,2,2019,5,23
98.0,"Mariposa Baking Co., Inc.",1 Ferry Building  #32,Permit license or inspection report not posted,1,3,1,2,2019,5,23
96.0,Ilana Cafe,2314 Clement St,Inadequately cleaned or sanitized food contact surfaces,2,4,1,2,2019,5,23
90.0,Carmelina's Cafe,1855 Folsom St,Moderate risk food holding temperature,2,2,3,2,2019,5,23
90.0,Carmelina's Cafe,1855 Folsom St,Inadequately cleaned or sanitized food contact surfaces,2,2,3,2,2019,5,23
90.0,Carmelina's Cafe,1855 Folsom St,Food safety certificate or food handler card not available,1,2,3,2,2019,5,23
100.0,Starbucks Coffee,390 Stockton St,NA,0,3,1,2,2019,5,23
96.0,CLAY THEATRE,2261 FILLMORE St,Low risk vermin infestation,1,6,2,2,2019,5,24
86.0,Pizzelle Di North Beach,314 Columbus Ave,Improper storage of equipment utensils or linens,1,3,4,2,2019,5,24
96.0,CLAY THEATRE,2261 FILLMORE St,Improper storage of equipment utensils or linens,1,6,2,2,2019,5,24
86.0,Pizzelle Di North Beach,314 Columbus Ave,Moderate risk food holding temperature,2,3,4,2,2019,5,24
86.0,Pizzelle Di North Beach,314 Columbus Ave,Inadequate and inaccessible handwashing facilities,2,3,4,2,2019,5,24
98.0,Starbucks Coffee,780 Market St,Permit license or inspection report not posted,1,10,1,2,2019,5,24
86.0,Pizzelle Di North Beach,314 Columbus Ave,Inadequately cleaned or sanitized food contact surfaces,2,3,4,2,2019,5,24
84.0,Mela Tandoori Kitchen,536 Golden Gate Ave,Unclean nonfood contact surfaces,1,10,5,2,2019,5,24
84.0,Mela Tandoori Kitchen,536 Golden Gate Ave,Inadequately cleaned or sanitized food contact surfaces,2,10,5,2,2019,5,24
84.0,Mela Tandoori Kitchen,536 Golden Gate Ave,Moderate risk food holding temperature,2,10,5,2,2019,5,24
84.0,Mela Tandoori Kitchen,536 Golden Gate Ave,Permit license or inspection report not posted,1,10,5,2,2019,5,24
84.0,Mela Tandoori Kitchen,536 Golden Gate Ave,Inadequate and inaccessible handwashing facilities,2,10,5,2,2019,5,24
65.0,El Tonayense #1,1717 Harrison St,Unclean or unsanitary food contact surfaces,3,2,9,2,2019,5,28
90.0,"CHIEFTAIN IRISH PUB, THE",198 05th St,Inadequate ventilation or lighting,1,10,3,2,2019,5,28
71.0,CLEMENT BBQ RESTAURANT,617 CLEMENT St,Unclean or unsanitary food contact surfaces,3,4,6,2,2019,5,28
65.0,El Tonayense #1,1717 Harrison St,Permit license or inspection report not posted,1,2,9,2,2019,5,28
71.0,CLEMENT BBQ RESTAURANT,617 CLEMENT St,Unclean hands or improper use of gloves,3,4,6,2,2019,5,28
65.0,El Tonayense #1,1717 Harrison St,Improper food storage,1,2,9,2,2019,5,28
71.0,CLEMENT BBQ RESTAURANT,617 CLEMENT St,Unapproved or unmaintained equipment or utensils,1,4,6,2,2019,5,28
65.0,El Tonayense #1,1717 Harrison St,Inadequate ventilation or lighting,1,2,9,2,2019,5,28
90.0,"CHIEFTAIN IRISH PUB, THE",198 05th St,Foods not protected from contamination,2,10,3,2,2019,5,28
65.0,El Tonayense #1,1717 Harrison St,Inadequate food safety knowledge or lack of certified food safety manager,2,2,9,2,2019,5,28
71.0,CLEMENT BBQ RESTAURANT,617 CLEMENT St,Unclean nonfood contact surfaces,1,4,6,2,2019,5,28
65.0,El Tonayense #1,1717 Harrison St,High risk food holding temperature,3,2,9,2,2019,5,28
71.0,CLEMENT BBQ RESTAURANT,617 CLEMENT St,Insufficient hot water or running water,2,4,6,2,2019,5,28
65.0,El Tonayense #1,1717 Harrison St,No thermometers or uncalibrated thermometers,1,2,9,2,2019,5,28
65.0,El Tonayense #1,1717 Harrison St,Mobile food facility with unapproved operating conditions,3,2,9,2,2019,5,28
90.0,"CHIEFTAIN IRISH PUB, THE",198 05th St,Inadequately cleaned or sanitized food contact surfaces,2,10,3,2,2019,5,28
71.0,CLEMENT BBQ RESTAURANT,617 CLEMENT St,High risk food holding temperature,3,4,6,2,2019,5,28
65.0,El Tonayense #1,1717 Harrison St,Wiping cloths not clean or properly stored or inadequate sanitizer,1,2,9,2,2019,5,28
87.0,VICTOR'S,210 TOWNSEND St,Unapproved or unmaintained equipment or utensils,1,10,4,2,2019,5,29
92.0,Maru Sushi,529 Powell St,Moderate risk food holding temperature,2,3,3,2,2019,5,29
90.0,LATTE EXPRESS,648 04th St,Unclean or degraded floors walls or ceilings,1,10,4,2,2019,5,29
90.0,Sugarcane SF,6903 Geary Blvd,Improper storage use or identification of toxic substances,1,4,4,2,2019,5,29
96.0,Jewish Community Center,3200 California,Unapproved or unmaintained equipment or utensils,1,6,2,2,2019,5,29
92.0,Parkside Tavern,1940 TARAVAL St,Wiping cloths not clean or properly stored or inadequate sanitizer,1,7,3,2,2019,5,29
90.0,Metropolitan Club,640 Sutter St,Insufficient hot water or running water,2,3,3,2,2019,5,29
90.0,LATTE EXPRESS,648 04th St,Unclean nonfood contact surfaces,1,10,4,2,2019,5,29
92.0,Parkside Tavern,1940 TARAVAL St,Improper storage of equipment utensils or linens,1,7,3,2,2019,5,29
90.0,The Pier Market,Pier 39  Space 103,Inadequate and inaccessible handwashing facilities,2,3,3,2,2019,5,29
87.0,VICTOR'S,210 TOWNSEND St,Permit license or inspection report not posted,1,10,4,2,2019,5,29
96.0,Roaring 20's,552 Broadway St,Insufficient hot water or running water,2,3,1,2,2019,5,29
90.0,Metropolitan Club,640 Sutter St,Unclean or degraded floors walls or ceilings,1,3,3,2,2019,5,29
90.0,Sugarcane SF,6903 Geary Blvd,Inadequate and inaccessible handwashing facilities,2,4,4,2,2019,5,29
90.0,LATTE EXPRESS,648 04th St,Unapproved or unmaintained equipment or utensils,1,10,4,2,2019,5,29
94.0,Wipe Out Bar & Grill,Pier 39,Unclean nonfood contact surfaces,1,3,3,2,2019,5,29
87.0,VICTOR'S,210 TOWNSEND St,Improper cooling methods,3,10,4,2,2019,5,29
90.0,Sugarcane SF,6903 Geary Blvd,Wiping cloths not clean or properly stored or inadequate sanitizer,1,4,4,2,2019,5,29
92.0,Parkside Tavern,1940 TARAVAL St,Foods not protected from contamination,2,7,3,2,2019,5,29
92.0,Maru Sushi,529 Powell St,Unapproved or unmaintained equipment or utensils,1,3,3,2,2019,5,29
94.0,Wipe Out Bar & Grill,Pier 39,Unapproved or unmaintained equipment or utensils,1,3,3,2,2019,5,29
92.0,Cafe Jacqueline,1454 Grant Ave,Moderate risk food holding temperature,2,3,2,2,2019,5,29
90.0,The Pier Market,Pier 39  Space 103,Low risk vermin infestation,1,3,3,2,2019,5,29
90.0,Sugarcane SF,6903 Geary Blvd,Improper storage of equipment utensils or linens,1,4,4,2,2019,5,29
90.0,Metropolitan Club,640 Sutter St,Moderate risk food holding temperature,2,3,3,2,2019,5,29
87.0,VICTOR'S,210 TOWNSEND St,Food safety certificate or food handler card not available,1,10,4,2,2019,5,29
90.0,LATTE EXPRESS,648 04th St,Moderate risk food holding temperature,2,10,4,2,2019,5,29
94.0,Wipe Out Bar & Grill,Pier 39,Unclean or degraded floors walls or ceilings,1,3,3,2,2019,5,29
100.0,Garden of Eden,529 Broadway St,NA,0,3,1,2,2019,5,29
92.0,Cafe Jacqueline,1454 Grant Ave,Inadequately cleaned or sanitized food contact surfaces,2,3,2,2,2019,5,29
90.0,The Pier Market,Pier 39  Space 103,Moderate risk food holding temperature,2,3,3,2,2019,5,29
92.0,Maru Sushi,529 Powell St,Unclean or degraded floors walls or ceilings,1,3,3,2,2019,5,29
96.0,Jewish Community Center,3200 California,Permit license or inspection report not posted,1,6,2,2,2019,5,29
81.0,Park Tavern,1652 Stockton St,Inadequately cleaned or sanitized food contact surfaces,2,3,4,2,2019,5,29
90.0,Mission Cheese,736 Valencia St,Moderate risk food holding temperature,2,5,3,2,2019,5,29
90.0,Mission Cheese,736 Valencia St,Inadequately cleaned or sanitized food contact surfaces,2,5,3,2,2019,5,29
91.0,Craftsman and Wolves,746 Valencia St,Unapproved or unmaintained equipment or utensils,1,5,2,2,2019,5,29
98.0,12 Tribes Kosher Foods,3200 California St,Permit license or inspection report not posted,1,6,3,2,2019,5,29
98.0,12 Tribes Kosher Foods,3200 California St,Permit license or inspection report not posted,1,6,3,2,2019,5,29
98.0,12 Tribes Kosher Foods,3200 California St,Permit license or inspection report not posted,1,6,3,2,2019,5,29
81.0,Park Tavern,1652 Stockton St,High risk food holding temperature,3,3,4,2,2019,5,29
96.0,Cha-Ya Restaurant,762 Valencia St,Inadequately cleaned or sanitized food contact surfaces,2,5,1,2,2019,5,29
91.0,Craftsman and Wolves,746 Valencia St,Unclean or unsanitary food contact surfaces,3,5,2,2,2019,5,29
81.0,Park Tavern,1652 Stockton St,Noncompliance with HAACP plan or variance,2,3,4,2,2019,5,29
81.0,Park Tavern,1652 Stockton St,Inadequate and inaccessible handwashing facilities,2,3,4,2,2019,5,29
90.0,Mission Cheese,736 Valencia St,No person in charge of food facility,1,5,3,2,2019,5,29
100.0,KIMOCHI HOME,1531 SUTTER St,NA,0,11,1,2,2019,5,29
100.0,MISSION ED. CENTER ELEMENTARY,1670 NOE St,NA,0,5,1,2,2019,5,29
100.0,Lil'Darlings,312 Columbus Ave,NA,0,3,1,2,2019,5,29
100.0,MIRALOMA ELEMENTARY SCHOOL,175 OMAR Way,NA,0,8,1,2,2019,5,29
100.0,Centerfolds,391 Broadway St,NA,0,3,1,2,2019,5,29
88.0,Borodudur Restaurant,700 Post St,Inadequate and inaccessible handwashing facilities,2,3,4,2,2019,5,30
88.0,Michael Mina Restaurant,252 California St,Insufficient hot water or running water,2,3,4,2,2019,5,30
75.0,New Delhi Restaurant,160 Ellis St,Improper reheating of food,3,10,4,2,2019,5,30
81.0,BEN WAH RESTAURANT,2786 CALIFORNIA St,Unapproved or unmaintained equipment or utensils,1,6,6,2,2019,5,30
88.0,MELS DRIVE-IN,1050 VAN NESS Ave,Foods not protected from contamination,2,11,4,2,2019,5,30
88.0,Borodudur Restaurant,700 Post St,Low risk vermin infestation,1,3,4,2,2019,5,30
88.0,Michael Mina Restaurant,252 California St,Inadequate warewashing facilities or equipment,1,3,4,2,2019,5,30
96.0,Francisca Club,595 Sutter St,Inadequately cleaned or sanitized food contact surfaces,2,3,1,2,2019,5,30
81.0,BEN WAH RESTAURANT,2786 CALIFORNIA St,Foods not protected from contamination,2,6,6,2,2019,5,30
81.0,BEN WAH RESTAURANT,2786 CALIFORNIA St,Wiping cloths not clean or properly stored or inadequate sanitizer,1,6,6,2,2019,5,30
88.0,MELS DRIVE-IN,1050 VAN NESS Ave,Moderate risk food holding temperature,2,11,4,2,2019,5,30
75.0,New Delhi Restaurant,160 Ellis St,Improper cooling methods,3,10,4,2,2019,5,30
88.0,Michael Mina Restaurant,252 California St,Improper or defective plumbing,1,3,4,2,2019,5,30
81.0,BEN WAH RESTAURANT,2786 CALIFORNIA St,High risk food holding temperature,3,6,6,2,2019,5,30
88.0,Borodudur Restaurant,700 Post St,Wiping cloths not clean or properly stored or inadequate sanitizer,1,3,4,2,2019,5,30
88.0,Michael Mina Restaurant,252 California St,Inadequately cleaned or sanitized food contact surfaces,2,3,4,2,2019,5,30
88.0,MELS DRIVE-IN,1050 VAN NESS Ave,Permit license or inspection report not posted,1,11,4,2,2019,5,30
81.0,BEN WAH RESTAURANT,2786 CALIFORNIA St,Unclean nonfood contact surfaces,1,6,6,2,2019,5,30
88.0,Borodudur Restaurant,700 Post St,Improper thawing methods,2,3,4,2,2019,5,30
75.0,New Delhi Restaurant,160 Ellis St,Inadequate and inaccessible handwashing facilities,2,10,4,2,2019,5,30
75.0,New Delhi Restaurant,160 Ellis St,High risk vermin infestation,3,10,4,2,2019,5,30
81.0,BEN WAH RESTAURANT,2786 CALIFORNIA St,Unclean or degraded floors walls or ceilings,1,6,6,2,2019,5,30
88.0,MELS DRIVE-IN,1050 VAN NESS Ave,Unapproved or unmaintained equipment or utensils,1,11,4,2,2019,5,30
81.0,Turtle Tower Restaurant,5716 GEARY BLVD,Low risk vermin infestation,1,4,6,2,2019,5,30
81.0,Turtle Tower Restaurant,5716 GEARY BLVD,Improper thawing methods,2,4,6,2,2019,5,30
81.0,Turtle Tower Restaurant,5716 GEARY BLVD,Wiping cloths not clean or properly stored or inadequate sanitizer,1,4,6,2,2019,5,30
81.0,Turtle Tower Restaurant,5716 GEARY BLVD,Improper storage of equipment utensils or linens,1,4,6,2,2019,5,30
81.0,Turtle Tower Restaurant,5716 GEARY BLVD,Unapproved or unmaintained equipment or utensils,1,4,6,2,2019,5,30
81.0,Turtle Tower Restaurant,5716 GEARY BLVD,Improper cooling methods,3,4,6,2,2019,5,30
100.0,Hillstone Restaurant,1800 Montgomery St,NA,0,3,1,2,2019,5,30
100.0,SOTA (SCHOOL OF THE ARTS),555 Portola Dr,NA,0,5,1,2,2019,5,30
83.0,Deli World,18 Ocean Ave.,Improper or defective plumbing,1,1,4,2,2019,5,31
81.0,Mikaku Restaurant,323 Grant Ave,High risk food holding temperature,3,3,5,2,2019,5,31
86.0,Fillmore Street Cafe,1301 Fillmore Street,Wiping cloths not clean or properly stored or inadequate sanitizer,1,11,5,2,2019,5,31
92.0,CAFFE' ROMA,885 Bryant St,Inadequate and inaccessible handwashing facilities,2,10,2,2,2019,5,31
91.0,PUERTO ALEGRE,546 Valencia St,Wiping cloths not clean or properly stored or inadequate sanitizer,1,5,2,2,2019,5,31
83.0,Deli World,18 Ocean Ave.,Moderate risk vermin infestation,2,1,4,2,2019,5,31
81.0,Mikaku Restaurant,323 Grant Ave,Inadequately cleaned or sanitized food contact surfaces,2,3,5,2,2019,5,31
86.0,Fillmore Street Cafe,1301 Fillmore Street,Foods not protected from contamination,2,11,5,2,2019,5,31
94.0,Little Star Pizza Valencia,400 Valencia St,Inadequately cleaned or sanitized food contact surfaces,2,5,2,2,2019,5,31
86.0,Fillmore Street Cafe,1301 Fillmore Street,Insufficient hot water or running water,2,11,5,2,2019,5,31
91.0,PUERTO ALEGRE,546 Valencia St,Improper reheating of food,3,5,2,2,2019,5,31
83.0,Deli World,18 Ocean Ave.,Unapproved food source,3,1,4,2,2019,5,31
81.0,Mikaku Restaurant,323 Grant Ave,Improper or defective plumbing,1,3,5,2,2019,5,31
86.0,Fillmore Street Cafe,1301 Fillmore Street,Food safety certificate or food handler card not available,1,11,5,2,2019,5,31
94.0,Little Star Pizza Valencia,400 Valencia St,Unapproved or unmaintained equipment or utensils,1,5,2,2,2019,5,31
81.0,Mikaku Restaurant,323 Grant Ave,Improper thawing methods,2,3,5,2,2019,5,31
81.0,Mikaku Restaurant,323 Grant Ave,Unclean or degraded floors walls or ceilings,1,3,5,2,2019,5,31
86.0,Fillmore Street Cafe,1301 Fillmore Street,Unclean or degraded floors walls or ceilings,1,11,5,2,2019,5,31
92.0,CAFFE' ROMA,885 Bryant St,Inadequately cleaned or sanitized food contact surfaces,2,10,2,2,2019,5,31
83.0,Deli World,18 Ocean Ave.,Inadequately cleaned or sanitized food contact surfaces,2,1,4,2,2019,5,31
98.0,Keiko a Nob Hill,1250 Jones St,NA,0,3,1,2,2019,5,31
86.0,Cocobang,550 Taylor St,Unclean nonfood contact surfaces,1,3,5,2,2019,6,3
96.0,"Le Colonial, SF, LLC",20 Cosmo Pl,Moderate risk food holding temperature,2,3,1,2,2019,6,3
86.0,Cocobang,550 Taylor St,Inadequately cleaned or sanitized food contact surfaces,2,3,5,2,2019,6,3
86.0,Cocobang,550 Taylor St,Improper storage use or identification of toxic substances,1,3,5,2,2019,6,3
86.0,Cocobang,550 Taylor St,Food safety certificate or food handler card not available,1,3,5,2,2019,6,3
86.0,Cocobang,550 Taylor St,Inadequate and inaccessible handwashing facilities,2,3,5,2,2019,6,3
100.0,Rue Lepic,900 Pine St,NA,0,3,1,2,2019,6,3
94.0,Peet's Coffee & Tea,370 04th St,Unclean or degraded floors walls or ceilings,1,10,3,2,2019,6,4
87.0,Pasilla,359 Kearny St,Low risk vermin infestation,1,3,4,2,2019,6,4
92.0,"Muddy Waters Coffee House, Inc.",1304 Valencia St,Inadequate food safety knowledge or lack of certified food safety manager,2,5,3,2,2019,6,4
89.0,Velvet Cantina,3349 23rd St,Unclean nonfood contact surfaces,1,2,3,2,2019,6,4
94.0,Daffodil c/o Orchard Hotel,665 Bush St,Improper or defective plumbing,1,3,2,2,2019,6,4
82.0,Ristorante Ideale,1309 Grant Ave,Inadequately cleaned or sanitized food contact surfaces,2,3,5,2,2019,6,4
85.0,HAN IL KWAN,1802 BALBOA St,High risk vermin infestation,3,4,4,2,2019,6,4
94.0,Peet's Coffee & Tea,370 04th St,Permit license or inspection report not posted,1,10,3,2,2019,6,4
98.0,Boudin Bakery,"251 Geary St, Basement (Macy's)",Unclean or degraded floors walls or ceilings,1,3,1,2,2019,6,4
92.0,"Muddy Waters Coffee House, Inc.",1304 Valencia St,Unapproved or unmaintained equipment or utensils,1,5,3,2,2019,6,4
89.0,Velvet Cantina,3349 23rd St,Unclean or degraded floors walls or ceilings,1,2,3,2,2019,6,4
91.0,E Tutto Qua,270 Columbus Ave,High risk food holding temperature,3,3,2,2,2019,6,4
94.0,"Connection, The",5740 MISSION St,Unclean or degraded floors walls or ceilings,1,1,2,2,2019,6,4
85.0,HAN IL KWAN,1802 BALBOA St,Improper food storage,1,4,4,2,2019,6,4
82.0,Ristorante Ideale,1309 Grant Ave,Inadequate and inaccessible handwashing facilities,2,3,5,2,2019,6,4
85.0,HAN IL KWAN,1802 BALBOA St,Improper storage use or identification of toxic substances,1,4,4,2,2019,6,4
94.0,Daffodil c/o Orchard Hotel,665 Bush St,Inadequate food safety knowledge or lack of certified food safety manager,2,3,2,2,2019,6,4
87.0,Pasilla,359 Kearny St,Improper cooling methods,3,3,4,2,2019,6,4
91.0,E Tutto Qua,270 Columbus Ave,Inadequate ventilation or lighting,1,3,2,2,2019,6,4
87.0,Pasilla,359 Kearny St,Unclean nonfood contact surfaces,1,3,4,2,2019,6,4
94.0,"Connection, The",5740 MISSION St,Inadequate and inaccessible handwashing facilities,2,1,2,2,2019,6,4
82.0,Ristorante Ideale,1309 Grant Ave,Unapproved or unmaintained equipment or utensils,1,3,5,2,2019,6,4
82.0,Ristorante Ideale,1309 Grant Ave,Moderate risk food holding temperature,2,3,5,2,2019,6,4
94.0,Peet's Coffee & Tea,370 04th St,Wiping cloths not clean or properly stored or inadequate sanitizer,1,10,3,2,2019,6,4
96.0,BLUE BOTTLE COFFEE LLC,315 LINDEN ST,Inadequately cleaned or sanitized food contact surfaces,2,11,1,2,2019,6,4
82.0,Ristorante Ideale,1309 Grant Ave,Foods not protected from contamination,2,3,5,2,2019,6,4
89.0,Velvet Cantina,3349 23rd St,High risk vermin infestation,3,2,3,2,2019,6,4
87.0,Pasilla,359 Kearny St,Improper or defective plumbing,1,3,4,2,2019,6,4
92.0,"Muddy Waters Coffee House, Inc.",1304 Valencia St,Low risk vermin infestation,1,5,3,2,2019,6,4
85.0,HAN IL KWAN,1802 BALBOA St,Inadequately cleaned or sanitized food contact surfaces,2,4,4,2,2019,6,4
87.0,Shabu House,2608 Ocean Ave,Foods not protected from contamination,2,8,3,2,2019,6,4
87.0,Shabu House,2608 Ocean Ave,Unclean or unsanitary food contact surfaces,3,8,3,2,2019,6,4
94.0,111 Minna Gallery,111 Minna St,Improper or defective plumbing,1,10,2,2,2019,6,4
94.0,111 Minna Gallery,111 Minna St,Moderate risk food holding temperature,2,10,2,2,2019,6,4
87.0,Shabu House,2608 Ocean Ave,Permit license or inspection report not posted,1,8,3,2,2019,6,4
100.0,Stone House Calif Olive Oil,1 Ferry Building  #28,NA,0,6,1,2,2019,6,4
86.0,Sodini's Restaurant,510 Green St,Low risk vermin infestation,1,3,4,2,2019,6,5
86.0,Sodini's Restaurant,510 Green St,Foods not protected from contamination,2,3,4,2,2019,6,5
96.0,Caffe Baonecci,516 Green St,Low risk vermin infestation,1,3,2,2,2019,6,5
84.0,BURRITO EXPRESS,1601 TARAVAL St,Unclean nonfood contact surfaces,1,7,6,2,2019,6,5
90.0,LA CUMBRE,515 VALENCIA St,Moderate risk food holding temperature,2,2,3,2,2019,6,5
98.0,KFC,1150 TARAVAL St,Unclean or degraded floors walls or ceilings,1,7,1,2,2019,6,5
98.0,La Copa Loca,3150 22nd St,Low risk vermin infestation,1,2,1,2,2019,6,5
92.0,Horizon Restaurant,498 Broadway St,Low risk vermin infestation,1,3,3,2,2019,6,5
92.0,Coi,373 broadway St,Noncompliance with HAACP plan or variance,2,3,3,2,2019,6,5
92.0,GENE'S LIQUOR,2201 TARAVAL St,Unclean or degraded floors walls or ceilings,1,7,3,2,2019,6,5
90.0,ROUND TABLE PIZZA RESTAURANT,3567 Geary Blvd,Inadequate ventilation or lighting,1,4,3,2,2019,6,5
84.0,Murphy's,217 Kearny St,Wiping cloths not clean or properly stored or inadequate sanitizer,1,3,6,2,2019,6,5
90.0,LA CUMBRE,515 VALENCIA St,Moderate risk vermin infestation,2,2,3,2,2019,6,5
84.0,BURRITO EXPRESS,1601 TARAVAL St,Improper food storage,1,7,6,2,2019,6,5
86.0,Sodini's Restaurant,510 Green St,Inadequately cleaned or sanitized food contact surfaces,2,3,4,2,2019,6,5
92.0,Coi,373 broadway St,Unclean or degraded floors walls or ceilings,1,3,3,2,2019,6,5
92.0,Horizon Restaurant,498 Broadway St,Food safety certificate or food handler card not available,1,3,3,2,2019,6,5
92.0,GENE'S LIQUOR,2201 TARAVAL St,Moderate risk food holding temperature,2,7,3,2,2019,6,5
84.0,Murphy's,217 Kearny St,Inadequate and inaccessible handwashing facilities,2,3,6,2,2019,6,5
84.0,Murphy's,217 Kearny St,No thermometers or uncalibrated thermometers,1,3,6,2,2019,6,5
84.0,BURRITO EXPRESS,1601 TARAVAL St,Inadequate food safety knowledge or lack of certified food safety manager,2,7,6,2,2019,6,5
94.0,7-ELEVEN #20473,2222 TARAVAL St,Unclean or degraded floors walls or ceilings,1,7,2,2,2019,6,5
84.0,Murphy's,217 Kearny St,Foods not protected from contamination,2,3,6,2,2019,6,5
92.0,Horizon Restaurant,498 Broadway St,Inadequate and inaccessible handwashing facilities,2,3,3,2,2019,6,5
98.0,RUSSELL'S CONVENIENCE #605,333 MARKET St,Unapproved or unmaintained equipment or utensils,1,10,1,2,2019,6,5
90.0,ROUND TABLE PIZZA RESTAURANT,3567 Geary Blvd,Inadequately cleaned or sanitized food contact surfaces,2,4,3,2,2019,6,5
84.0,BURRITO EXPRESS,1601 TARAVAL St,Unclean or degraded floors walls or ceilings,1,7,6,2,2019,6,5
84.0,BURRITO EXPRESS,1601 TARAVAL St,Inadequately cleaned or sanitized food contact surfaces,2,7,6,2,2019,6,5
96.0,Caffe Baonecci,516 Green St,Food safety certificate or food handler card not available,1,3,2,2,2019,6,5
84.0,Murphy's,217 Kearny St,Unapproved or unmaintained equipment or utensils,1,3,6,2,2019,6,5
86.0,Sodini's Restaurant,510 Green St,Improper thawing methods,2,3,4,2,2019,6,5
94.0,7-ELEVEN #20473,2222 TARAVAL St,Inadequate and inaccessible handwashing facilities,2,7,2,2,2019,6,5
92.0,GENE'S LIQUOR,2201 TARAVAL St,Food safety certificate or food handler card not available,1,7,3,2,2019,6,5
92.0,Coi,373 broadway St,Improper storage of equipment utensils or linens,1,3,3,2,2019,6,5
90.0,LA CUMBRE,515 VALENCIA St,Unclean or degraded floors walls or ceilings,1,2,3,2,2019,6,5
90.0,ROUND TABLE PIZZA RESTAURANT,3567 Geary Blvd,Moderate risk vermin infestation,2,4,3,2,2019,6,5
84.0,Murphy's,217 Kearny St,Low risk vermin infestation,1,3,6,2,2019,6,5
84.0,BURRITO EXPRESS,1601 TARAVAL St,No person in charge of food facility,1,7,6,2,2019,6,5
85.0,Etcetera Wine Bar,795 VALENCIA St,Inadequately cleaned or sanitized food contact surfaces,2,2,3,2,2019,6,5
90.0,The Little Chihuahua Mexican Restaurant,581 VALENCIA St,Unclean or degraded floors walls or ceilings,1,2,3,2,2019,6,5
85.0,Etcetera Wine Bar,795 VALENCIA St,High risk vermin infestation,3,2,3,2,2019,6,5
90.0,The Little Chihuahua Mexican Restaurant,581 VALENCIA St,Inadequately cleaned or sanitized food contact surfaces,2,2,3,2,2019,6,5
90.0,The Little Chihuahua Mexican Restaurant,581 VALENCIA St,Moderate risk food holding temperature,2,2,3,2,2019,6,5
85.0,Etcetera Wine Bar,795 VALENCIA St,Employee eating or smoking,2,2,3,2,2019,6,5
89.0,Taqueria Castillo B,10 Mason St,High risk food holding temperature,3,10,2,2,2019,6,6
94.0,Cowgirl Creamery/Artisan Cheese,1 Ferry Building  #17,Unapproved or unmaintained equipment or utensils,1,3,2,2,2019,6,6
85.0,TOWN HALL RESTAURANT,342 HOWARD STREET,High risk vermin infestation,3,10,4,2,2019,6,6
92.0,Osha Thai Noodle Cafe,696 Geary St,Moderate risk food holding temperature,2,3,3,2,2019,6,6
86.0,ANH HONG PHU-NHUAN RESTAURANT,808 GEARY St,Unclean or degraded floors walls or ceilings,1,10,5,2,2019,6,6
89.0,BARNEY'S,4138 24th St,Unapproved or unmaintained equipment or utensils,1,5,3,2,2019,6,6
90.0,Waterfront Bakery,2801 Leavenworth St,Unapproved or unmaintained equipment or utensils,1,6,3,2,2019,6,6
88.0,Ajisen Ramen,865 Market St #STC-12,Inadequate dressing rooms or improper storage of personal items,1,10,4,2,2019,6,6
85.0,TOWN HALL RESTAURANT,342 HOWARD STREET,Improper or defective plumbing,1,10,4,2,2019,6,6
85.0,TOWN HALL RESTAURANT,342 HOWARD STREET,Unapproved or unmaintained equipment or utensils,1,10,4,2,2019,6,6
94.0,Cowgirl Creamery/Artisan Cheese,1 Ferry Building  #17,Moderate risk food holding temperature,2,3,2,2,2019,6,6
86.0,ANH HONG PHU-NHUAN RESTAURANT,808 GEARY St,Unclean unmaintained or improperly constructed toilet facilities,1,10,5,2,2019,6,6
88.0,Ajisen Ramen,865 Market St #STC-12,Moderate risk food holding temperature,2,10,4,2,2019,6,6
94.0,Union Street Produce,801 Union St,Moderate risk vermin infestation,2,3,2,2,2019,6,6
89.0,BARNEY'S,4138 24th St,Unclean or unsanitary food contact surfaces,3,5,3,2,2019,6,6
88.0,Ajisen Ramen,865 Market St #STC-12,Insufficient hot water or running water,2,10,4,2,2019,6,6
96.0,Westfield Food Court Scullery,845 Market St Scullery (LL),Inadequate warewashing facilities or equipment,1,10,2,2,2019,6,6
89.0,BARNEY'S,4138 24th St,Unclean or degraded floors walls or ceilings,1,5,3,2,2019,6,6
86.0,ANH HONG PHU-NHUAN RESTAURANT,808 GEARY St,Inadequately cleaned or sanitized food contact surfaces,2,10,5,2,2019,6,6
94.0,Union Street Produce,801 Union St,Unapproved or unmaintained equipment or utensils,1,3,2,2,2019,6,6
90.0,Waterfront Bakery,2801 Leavenworth St,Moderate risk food holding temperature,2,6,3,2,2019,6,6
85.0,TOWN HALL RESTAURANT,342 HOWARD STREET,Moderate risk food holding temperature,2,10,4,2,2019,6,6
96.0,Westfield Food Court Scullery,845 Market St Scullery (LL),Unclean or degraded floors walls or ceilings,1,10,2,2,2019,6,6
86.0,ANH HONG PHU-NHUAN RESTAURANT,808 GEARY St,Foods not protected from contamination,2,10,5,2,2019,6,6
98.0,The Little Chihuahua Mexican,4123 24th St,Unapproved or unmaintained equipment or utensils,1,5,1,2,2019,6,6
86.0,ANH HONG PHU-NHUAN RESTAURANT,808 GEARY St,Unapproved or unmaintained equipment or utensils,1,10,5,2,2019,6,6
92.0,Osha Thai Noodle Cafe,696 Geary St,No thermometers or uncalibrated thermometers,1,3,3,2,2019,6,6
88.0,Ajisen Ramen,865 Market St #STC-12,Wiping cloths not clean or properly stored or inadequate sanitizer,1,10,4,2,2019,6,6
92.0,Osha Thai Noodle Cafe,696 Geary St,Unclean nonfood contact surfaces,1,3,3,2,2019,6,6
89.0,Taqueria Castillo B,10 Mason St,Insufficient hot water or running water,2,10,2,2,2019,6,6
90.0,Waterfront Bakery,2801 Leavenworth St,Inadequately cleaned or sanitized food contact surfaces,2,6,3,2,2019,6,6
92.0,Flying Pig Bistro,433 South Van Ness Ave,Unapproved or unmaintained equipment or utensils,1,2,3,2,2019,6,6
83.0,La Quinta Restaurant,2425 MISSION St,Inadequate food safety knowledge or lack of certified food safety manager,2,2,4,2,2019,6,6
90.0,EggWhite Cafe,3401 MISSION St,Unapproved or unmaintained equipment or utensils,1,2,4,2,2019,6,6
90.0,EggWhite Cafe,3401 MISSION St,Moderate risk food holding temperature,2,2,4,2,2019,6,6
92.0,Flying Pig Bistro,433 South Van Ness Ave,Food safety certificate or food handler card not available,1,2,3,2,2019,6,6
94.0,Azucar Lounge,299 09th St,Low risk vermin infestation,1,10,3,2,2019,6,6
90.0,EggWhite Cafe,3401 MISSION St,Wiping cloths not clean or properly stored or inadequate sanitizer,1,2,4,2,2019,6,6
83.0,La Quinta Restaurant,2425 MISSION St,Improper cooling methods,3,2,4,2,2019,6,6
94.0,Azucar Lounge,299 09th St,Unclean or degraded floors walls or ceilings,1,10,3,2,2019,6,6
83.0,La Quinta Restaurant,2425 MISSION St,Unclean nonfood contact surfaces,1,2,4,2,2019,6,6
92.0,Flying Pig Bistro,433 South Van Ness Ave,Inadequately cleaned or sanitized food contact surfaces,2,2,3,2,2019,6,6
83.0,La Quinta Restaurant,2425 MISSION St,Moderate risk food holding temperature,2,2,4,2,2019,6,6
94.0,Azucar Lounge,299 09th St,Unapproved or unmaintained equipment or utensils,1,10,3,2,2019,6,6
90.0,EggWhite Cafe,3401 MISSION St,Food safety certificate or food handler card not available,1,2,4,2,2019,6,6
92.0,Events Management @ Legion of Honor,100 34th Ave,Improper storage of equipment utensils or linens,1,4,3,2,2019,6,7
86.0,Tokyo Express Restaurant,814 Mission St,Improper food storage,1,10,5,2,2019,6,7
81.0,CHEUNG HING CHINESE DELI & MEAT INC,323 Clement St,Inadequate and inaccessible handwashing facilities,2,4,6,2,2019,6,7
71.0,KING OF THAI NOODLE HOUSE,639 CLEMENT St,Unclean hands or improper use of gloves,3,4,5,2,2019,6,7
90.0,FOODS CO. #351,345 WILLIAMS Ave,Unapproved or unmaintained equipment or utensils,1,9,3,2,2019,6,7
94.0,Original Perfect Hamburger,601 Geary St,Moderate risk food holding temperature,2,10,2,2,2019,6,7
90.0,FOODS CO. #351,345 WILLIAMS Ave,Inadequate and inaccessible handwashing facilities,2,9,3,2,2019,6,7
92.0,Events Management @ Legion of Honor,100 34th Ave,Inadequately cleaned or sanitized food contact surfaces,2,4,3,2,2019,6,7
96.0,Chipotle Mexican Grill #1230,232 O'Farrell St,Consumer advisory not provided for raw or undercooked foods,2,3,1,2,2019,6,7
71.0,KING OF THAI NOODLE HOUSE,639 CLEMENT St,Improper thawing methods,2,4,5,2,2019,6,7
81.0,CHEUNG HING CHINESE DELI & MEAT INC,323 Clement St,Unapproved or unmaintained equipment or utensils,1,4,6,2,2019,6,7
92.0,Events Management @ Legion of Honor,100 34th Ave,Unapproved or unmaintained equipment or utensils,1,4,3,2,2019,6,7
94.0,Original Perfect Hamburger,601 Geary St,Unclean nonfood contact surfaces,1,10,2,2,2019,6,7
86.0,Tokyo Express Restaurant,814 Mission St,Inadequate procedures or records for time as a public health control,2,10,5,2,2019,6,7
71.0,KING OF THAI NOODLE HOUSE,639 CLEMENT St,Improper cooling methods,3,4,5,2,2019,6,7
81.0,CHEUNG HING CHINESE DELI & MEAT INC,323 Clement St,Unclean or unsanitary food contact surfaces,3,4,6,2,2019,6,7
81.0,CHEUNG HING CHINESE DELI & MEAT INC,323 Clement St,Unclean or degraded floors walls or ceilings,1,4,6,2,2019,6,7
98.0,JOLT N' BOLT,2325 03rd St 100,Wiping cloths not clean or properly stored or inadequate sanitizer,1,9,1,2,2019,6,7
96.0,A. TARANTINO & SONS INC.,2275 JENNINGS St,Insufficient hot water or running water,2,9,1,2,2019,6,7
86.0,Tokyo Express Restaurant,814 Mission St,Inadequately cleaned or sanitized food contact surfaces,2,10,5,2,2019,6,7
71.0,KING OF THAI NOODLE HOUSE,639 CLEMENT St,Foods not protected from contamination,2,4,5,2,2019,6,7
71.0,KING OF THAI NOODLE HOUSE,639 CLEMENT St,High risk food holding temperature,3,4,5,2,2019,6,7
81.0,CHEUNG HING CHINESE DELI & MEAT INC,323 Clement St,Food safety certificate or food handler card not available,1,4,6,2,2019,6,7
86.0,Tokyo Express Restaurant,814 Mission St,Unclean or degraded floors walls or ceilings,1,10,5,2,2019,6,7
86.0,Tokyo Express Restaurant,814 Mission St,Low risk vermin infestation,1,10,5,2,2019,6,7
90.0,FOODS CO. #351,345 WILLIAMS Ave,Inadequately cleaned or sanitized food contact surfaces,2,9,3,2,2019,6,7
81.0,CHEUNG HING CHINESE DELI & MEAT INC,323 Clement St,Inadequate ventilation or lighting,1,4,6,2,2019,6,7
86.0,Gilberth's Rottiserie & Grill,2427 03rd St,Foods not protected from contamination,2,9,4,2,2019,6,7
86.0,Cordova Market,301 ROLPH St,Insufficient hot water or running water,2,1,4,2,2019,6,7
86.0,Gilberth's Rottiserie & Grill,2427 03rd St,Insufficient hot water or running water,2,9,4,2,2019,6,7
86.0,Cordova Market,301 ROLPH St,Food safety certificate or food handler card not available,1,1,4,2,2019,6,7
86.0,Gilberth's Rottiserie & Grill,2427 03rd St,Noncompliance with HAACP plan or variance,2,9,4,2,2019,6,7
86.0,Cordova Market,301 ROLPH St,Moderate risk vermin infestation,2,1,4,2,2019,6,7
86.0,Gilberth's Rottiserie & Grill,2427 03rd St,Food safety certificate or food handler card not available,1,9,4,2,2019,6,7
86.0,Cordova Market,301 ROLPH St,Inadequately cleaned or sanitized food contact surfaces,2,1,4,2,2019,6,7
100.0,GUARDINO'S SOUVENIR & GIFT SHOP,2801 Taylor St,NA,0,3,1,2,2019,6,7
92.0,Ritz-Carlton SF - Club Lounge,600 Stockton St 8th Floor,NA,0,3,1,2,2019,6,7
100.0,RUSSELL'S CONVENIENCE #621,199 FREMONT St,NA,0,10,1,2,2019,6,7
96.0,Westin St Francis - Main Kitchen,335 Powell St 2nd Floor,Inadequate warewashing facilities or equipment,1,3,2,2,2019,6,10
96.0,PEET'S COFFEE & TEA,101 02nd St 150,Permit license or inspection report not posted,1,10,2,2,2019,6,10
92.0,Westin St Francis - Oak Room/Banquet,335 Powell St Lobby,Unapproved or unmaintained equipment or utensils,1,3,4,2,2019,6,10
91.0,Westin St Francis - Employee's Cafeteria,335 Powell St Basement,Unclean or unsanitary food contact surfaces,3,3,3,2,2019,6,10
92.0,Farmers Market & Produce,986 Polk St,Improper food storage,1,10,3,2,2019,6,10
91.0,Westin St Francis - Employee's Cafeteria,335 Powell St Basement,Unapproved or unmaintained equipment or utensils,1,3,3,2,2019,6,10
96.0,Peet's Coffee and Tea,555 09th St Ste B5,Food safety certificate or food handler card not available,1,10,2,2,2019,6,10
90.0,Publico,555 09th St,Wiping cloths not clean or properly stored or inadequate sanitizer,1,10,4,2,2019,6,10
80.0,77 Chinese Cuisine,77 Battery St,Inadequate warewashing facilities or equipment,1,3,5,2,2019,6,10
90.0,Publico,555 09th St,Moderate risk food holding temperature,2,10,4,2,2019,6,10
98.0,Westin St Francis - Pastry Shop,335 Powell St Basement,Wiping cloths not clean or properly stored or inadequate sanitizer,1,3,3,2,2019,6,10
96.0,PEET'S COFFEE & TEA,101 02nd St 150,Unclean nonfood contact surfaces,1,10,2,2,2019,6,10
92.0,Farmers Market & Produce,986 Polk St,Unapproved or unmaintained equipment or utensils,1,10,3,2,2019,6,10
96.0,Peet's Coffee and Tea,555 09th St Ste B5,Unclean or degraded floors walls or ceilings,1,10,2,2,2019,6,10
92.0,Westin St Francis - Oak Room/Banquet,335 Powell St Lobby,Low risk vermin infestation,1,3,4,2,2019,6,10
80.0,77 Chinese Cuisine,77 Battery St,Unclean unmaintained or improperly constructed toilet facilities,1,3,5,2,2019,6,10
90.0,Publico,555 09th St,Unclean or degraded floors walls or ceilings,1,10,4,2,2019,6,10
96.0,Westin St Francis - Main Kitchen,335 Powell St 2nd Floor,Unclean nonfood contact surfaces,1,3,2,2,2019,6,10
98.0,Starbucks,675 Townsend St,Inadequate warewashing facilities or equipment,1,9,1,2,2019,6,10
90.0,Publico,555 09th St,Food safety certificate or food handler card not available,1,10,4,2,2019,6,10
80.0,77 Chinese Cuisine,77 Battery St,Improper storage of equipment utensils or linens,1,3,5,2,2019,6,10
80.0,77 Chinese Cuisine,77 Battery St,Improper cooling methods,3,3,5,2,2019,6,10
92.0,Westin St Francis - Oak Room/Banquet,335 Powell St Lobby,Moderate risk food holding temperature,2,3,4,2,2019,6,10
98.0,Westin St Francis - Caruso,335 Powell St Lobby,Unapproved or unmaintained equipment or utensils,1,3,4,2,2019,6,10
80.0,77 Chinese Cuisine,77 Battery St,High risk food holding temperature,3,3,5,2,2019,6,10
92.0,Farmers Market & Produce,986 Polk St,Inadequate and inaccessible handwashing facilities,2,10,3,2,2019,6,10
92.0,Split Bread,145 04th St,Foods not protected from contamination,2,10,2,2,2019,6,10
92.0,Rank Quickserve,4199 Mission St,Unapproved or unmaintained equipment or utensils,1,1,3,2,2019,6,10
92.0,Split Bread,145 04th St,Inadequate and inaccessible handwashing facilities,2,10,2,2,2019,6,10
92.0,Rank Quickserve,4199 Mission St,Food safety certificate or food handler card not available,1,1,3,2,2019,6,10
92.0,Rank Quickserve,4199 Mission St,Inadequately cleaned or sanitized food contact surfaces,2,1,3,2,2019,6,10
100.0,Westin St Francis - Imperial Food Kitchen,335 Powell St 32nd Floor,NA,0,3,1,2,2019,6,10
90.0,Brenda's French Soul Food,652 B Polk St,Moderate risk food holding temperature,2,10,3,2,2019,6,11
87.0,GRAND MISSION DONUT & BAKERY,2195 MISSION St,Wiping cloths not clean or properly stored or inadequate sanitizer,1,2,4,2,2019,6,11
88.0,IBERIA CATERING,2850 ALEMANY Blvd,Unclean or degraded floors walls or ceilings,1,1,4,2,2019,6,11
98.0,Starbucks Coffee,398 Market St,Permit license or inspection report not posted,1,3,1,2,2019,6,11
90.0,Golden Gate Meat Co,1 Ferry Building  #13,Foods not protected from contamination,2,3,3,2,2019,6,11
90.0,Players,Pier 39  Space L-11,Inadequately cleaned or sanitized food contact surfaces,2,3,3,2,2019,6,11
94.0,FIRST CUP,2911 VAN NESS Ave,Moderate risk food holding temperature,2,6,2,2,2019,6,11
88.0,IBERIA CATERING,2850 ALEMANY Blvd,Inadequately cleaned or sanitized food contact surfaces,2,1,4,2,2019,6,11
84.0,Sushi Umi,132 Bush St,Inadequately cleaned or sanitized food contact surfaces,2,3,12,2,2019,6,11
84.0,Sushi Umi,132 Bush St,Inadequately cleaned or sanitized food contact surfaces,2,3,12,2,2019,6,11
90.0,Avedano's,235 Cortland Ave.,Unapproved or unmaintained equipment or utensils,1,2,3,2,2019,6,11
92.0,KFC/TACO BELL,4285 MISSION St,Low risk vermin infestation,1,1,4,2,2019,6,11
92.0,KFC/TACO BELL,4285 MISSION St,Unclean nonfood contact surfaces,1,1,4,2,2019,6,11
82.0,Mo's Grill,1322 Grant Ave,Improper reheating of food,3,3,3,2,2019,6,11
90.0,Golden Gate Meat Co,1 Ferry Building  #13,Inadequately cleaned or sanitized food contact surfaces,2,3,3,2,2019,6,11
88.0,IBERIA CATERING,2850 ALEMANY Blvd,Inadequate ventilation or lighting,1,1,4,2,2019,6,11
96.0,STARBUCKS,201 03rd St,Unclean or degraded floors walls or ceilings,1,10,2,2,2019,6,11
90.0,Players,Pier 39  Space L-11,Improper storage of equipment utensils or linens,1,3,3,2,2019,6,11
90.0,Brenda's French Soul Food,652 B Polk St,Inadequately cleaned or sanitized food contact surfaces,2,10,3,2,2019,6,11
91.0,TAQUERIA CAN-CUN  RESTAURANT,1003 MARKET St,Unclean or degraded floors walls or ceilings,1,10,2,2,2019,6,11
87.0,GRAND MISSION DONUT & BAKERY,2195 MISSION St,Unclean or degraded floors walls or ceilings,1,2,4,2,2019,6,11
84.0,Sushi Umi,132 Bush St,Improper storage of equipment utensils or linens,1,3,12,2,2019,6,11
84.0,Sushi Umi,132 Bush St,Improper storage of equipment utensils or linens,1,3,12,2,2019,6,11
87.0,GRAND MISSION DONUT & BAKERY,2195 MISSION St,High risk vermin infestation,3,2,4,2,2019,6,11
82.0,Mo's Grill,1322 Grant Ave,High risk food holding temperature,3,3,3,2,2019,6,11
92.0,KFC/TACO BELL,4285 MISSION St,Unclean or degraded floors walls or ceilings,1,1,4,2,2019,6,11
82.0,Mo's Grill,1322 Grant Ave,Inadequately cleaned or sanitized food contact surfaces,2,3,3,2,2019,6,11
91.0,TAQUERIA CAN-CUN  RESTAURANT,1003 MARKET St,High risk food holding temperature,3,10,2,2,2019,6,11
84.0,Sushi Umi,132 Bush St,Moderate risk food holding temperature,2,3,12,2,2019,6,11
84.0,Sushi Umi,132 Bush St,Moderate risk food holding temperature,2,3,12,2,2019,6,11
89.0,The House,1230 Grant Ave,Noncompliance with shell fish tags or display,2,3,2,2,2019,6,11
88.0,IBERIA CATERING,2850 ALEMANY Blvd,Inadequate sewage or wastewater disposal,2,1,4,2,2019,6,11
90.0,Golden Gate Meat Co,1 Ferry Building  #13,Unapproved or unmaintained equipment or utensils,1,3,3,2,2019,6,11
90.0,Avedano's,235 Cortland Ave.,Noncompliance with HAACP plan or variance,2,2,3,2,2019,6,11
87.0,GRAND MISSION DONUT & BAKERY,2195 MISSION St,Unclean nonfood contact surfaces,1,2,4,2,2019,6,11
98.0,Annie's Hot Dogs & Pretzels,"Golden Gate Park, Carousel Snack Bar",Permit license or inspection report not posted,1,10,1,2,2019,6,11
94.0,FIRST CUP,2911 VAN NESS Ave,Low risk vermin infestation,1,6,2,2,2019,6,11
89.0,The House,1230 Grant Ave,High risk food holding temperature,3,3,2,2,2019,6,11
96.0,STARBUCKS,201 03rd St,Low risk vermin infestation,1,10,2,2,2019,6,11
96.0,CENTRAL HAIGHT MARKET,1301 HAIGHT St,Moderate risk food holding temperature,2,11,1,2,2019,6,11
90.0,Brenda's French Soul Food,652 B Polk St,Improper food storage,1,10,3,2,2019,6,11
84.0,Sushi Umi,132 Bush St,Unapproved or unmaintained equipment or utensils,1,3,12,2,2019,6,11
84.0,Sushi Umi,132 Bush St,Unapproved or unmaintained equipment or utensils,1,3,12,2,2019,6,11
84.0,Sushi Umi,132 Bush St,No thermometers or uncalibrated thermometers,1,3,12,2,2019,6,11
84.0,Sushi Umi,132 Bush St,No thermometers or uncalibrated thermometers,1,3,12,2,2019,6,11
92.0,KFC/TACO BELL,4285 MISSION St,Improper or defective plumbing,1,1,4,2,2019,6,11
84.0,Sushi Umi,132 Bush St,Unclean nonfood contact surfaces,1,3,12,2,2019,6,11
84.0,Sushi Umi,132 Bush St,Unclean nonfood contact surfaces,1,3,12,2,2019,6,11
90.0,Avedano's,235 Cortland Ave.,Foods not protected from contamination,2,2,3,2,2019,6,11
90.0,Players,Pier 39  Space L-11,Insufficient hot water or running water,2,3,3,2,2019,6,11
85.0,Haight Street Happy Donuts,1794 HAIGHT St,Unapproved or unmaintained equipment or utensils,1,11,4,2,2019,6,11
71.0,Roma Pizzeria,5099 MISSION St,No hot water or running water,3,1,6,2,2019,6,11
83.0,Dirty Habit,12 04th St,Noncompliance with HAACP plan or variance,2,10,4,2,2019,6,11
85.0,Haight Street Happy Donuts,1794 HAIGHT St,Wiping cloths not clean or properly stored or inadequate sanitizer,1,11,4,2,2019,6,11
71.0,Roma Pizzeria,5099 MISSION St,High risk food holding temperature,3,1,6,2,2019,6,11
83.0,Dirty Habit,12 04th St,Unclean or degraded floors walls or ceilings,1,10,4,2,2019,6,11
85.0,Haight Street Happy Donuts,1794 HAIGHT St,Insufficient hot water or running water,2,11,4,2,2019,6,11
71.0,Roma Pizzeria,5099 MISSION St,Unclean or degraded floors walls or ceilings,1,1,6,2,2019,6,11
83.0,Dirty Habit,12 04th St,High risk food holding temperature,3,10,4,2,2019,6,11
71.0,Roma Pizzeria,5099 MISSION St,Inadequate and inaccessible handwashing facilities,2,1,6,2,2019,6,11
85.0,Haight Street Happy Donuts,1794 HAIGHT St,High risk food holding temperature,3,11,4,2,2019,6,11
83.0,Dirty Habit,12 04th St,Inadequately cleaned or sanitized food contact surfaces,2,10,4,2,2019,6,11
71.0,Roma Pizzeria,5099 MISSION St,Permit license or inspection report not posted,1,1,6,2,2019,6,11
71.0,Roma Pizzeria,5099 MISSION St,High risk vermin infestation,3,1,6,2,2019,6,11
100.0,Manzoni,2790 Diamond St,NA,0,5,1,2,2019,6,11
83.0,Gateway Croissants,390 GOLDEN GATE Ave,Unclean nonfood contact surfaces,1,10,5,2,2019,6,12
81.0,Le Petit Laurent,699 CHENERY St,Food safety certificate or food handler card not available,1,5,6,2,2019,6,12
92.0,Luigi's Pizzeria,Pier 39  Space 211-212,Moderate risk vermin infestation,2,3,2,2,2019,6,12
83.0,Gateway Croissants,390 GOLDEN GATE Ave,High risk food holding temperature,3,10,5,2,2019,6,12
81.0,Le Petit Laurent,699 CHENERY St,Foods not protected from contamination,2,5,6,2,2019,6,12
87.0,Go Go Market & Deli,99 09th St,High risk food holding temperature,3,10,3,2,2019,6,12
92.0,Luigi's Pizzeria,Pier 39  Space 211-212,Inadequately cleaned or sanitized food contact surfaces,2,3,2,2,2019,6,12
81.0,Le Petit Laurent,699 CHENERY St,Low risk vermin infestation,1,5,6,2,2019,6,12
83.0,Gateway Croissants,390 GOLDEN GATE Ave,Unclean or degraded floors walls or ceilings,1,10,5,2,2019,6,12
79.0,Cafe Madeleine,300 California St,Inadequate and inaccessible handwashing facilities,2,3,5,2,2019,6,12
88.0,GARDEN HOUSE CAFE,3117 CLEMENT St,Unclean nonfood contact surfaces,1,4,4,2,2019,6,12
79.0,Cafe Madeleine,300 California St,High risk food holding temperature,3,3,5,2,2019,6,12
98.0,Glide Memorial Church,330 Ellis St,Unapproved or unmaintained equipment or utensils,1,10,1,2,2019,6,12
83.0,Gateway Croissants,390 GOLDEN GATE Ave,Inadequately cleaned or sanitized food contact surfaces,2,10,5,2,2019,6,12
79.0,Cafe Madeleine,300 California St,Insufficient hot water or running water,2,3,5,2,2019,6,12
94.0,SAY CHEESE,856 COLE St,Low risk vermin infestation,1,11,2,2,2019,6,12
88.0,GARDEN HOUSE CAFE,3117 CLEMENT St,Inadequately cleaned or sanitized food contact surfaces,2,4,4,2,2019,6,12
87.0,Go Go Market & Deli,99 09th St,Unapproved or unmaintained equipment or utensils,1,10,3,2,2019,6,12
81.0,Le Petit Laurent,699 CHENERY St,High risk food holding temperature,3,5,6,2,2019,6,12
79.0,Cafe Madeleine,300 California St,Improper or defective plumbing,1,3,5,2,2019,6,12
81.0,Le Petit Laurent,699 CHENERY St,Wiping cloths not clean or properly stored or inadequate sanitizer,1,5,6,2,2019,6,12
88.0,GARDEN HOUSE CAFE,3117 CLEMENT St,Low risk vermin infestation,1,4,4,2,2019,6,12
93.0,Gialina,2842 DIAMOND St,Unclean or unsanitary food contact surfaces,3,5,1,2,2019,6,12
83.0,Gateway Croissants,390 GOLDEN GATE Ave,Improper food storage,1,10,5,2,2019,6,12
88.0,GARDEN HOUSE CAFE,3117 CLEMENT St,Insufficient hot water or running water,2,4,4,2,2019,6,12
79.0,Cafe Madeleine,300 California St,Inadequately cleaned or sanitized food contact surfaces,2,3,5,2,2019,6,12
81.0,Le Petit Laurent,699 CHENERY St,Improper storage use or identification of toxic substances,1,5,6,2,2019,6,12
94.0,SAY CHEESE,856 COLE St,Moderate risk food holding temperature,2,11,2,2,2019,6,12
87.0,Go Go Market & Deli,99 09th St,Inadequately cleaned or sanitized food contact surfaces,2,10,3,2,2019,6,12
93.0,The Ice Cream Bar,815 COLE St,High risk vermin infestation,3,11,1,2,2019,6,12
60.0,Alice's Restaurant,1599 Sanchez St,Contaminated or adulterated food,3,5,10,2,2019,6,13
80.0,Lao Table,149 2nd St,Improper cooling methods,3,10,4,2,2019,6,13
83.0,Baby Blues BBQ San Francisco Inc,3149 Mission St,Improper storage use or identification of toxic substances,1,2,5,2,2019,6,13
83.0,The Golden West,8 Trinity Pl,High risk food holding temperature,3,3,5,2,2019,6,13
83.0,The Golden West,8 Trinity Pl,Unclean unmaintained or improperly constructed toilet facilities,1,3,5,2,2019,6,13
60.0,Alice's Restaurant,1599 Sanchez St,Moderate risk food holding temperature,2,5,10,2,2019,6,13
80.0,Lao Table,149 2nd St,Improper or defective plumbing,1,10,4,2,2019,6,13
83.0,Baby Blues BBQ San Francisco Inc,3149 Mission St,Inadequately cleaned or sanitized food contact surfaces,2,2,5,2,2019,6,13
83.0,Baby Blues BBQ San Francisco Inc,3149 Mission St,High risk food holding temperature,3,2,5,2,2019,6,13
83.0,The Golden West,8 Trinity Pl,Insufficient hot water or running water,2,3,5,2,2019,6,13
60.0,Alice's Restaurant,1599 Sanchez St,Unapproved or unmaintained equipment or utensils,1,5,10,2,2019,6,13
92.0,Happy Donuts,100 Bush St #101,Insufficient hot water or running water,2,3,3,2,2019,6,13
60.0,Alice's Restaurant,1599 Sanchez St,Inadequately cleaned or sanitized food contact surfaces,2,5,10,2,2019,6,13
78.0,Udupi Palace,1007 1/2 Valencia St,Unclean or unsanitary food contact surfaces,3,2,6,2,2019,6,13
80.0,Lao Table,149 2nd St,High risk food holding temperature,3,10,4,2,2019,6,13
83.0,Baby Blues BBQ San Francisco Inc,3149 Mission St,Permit license or inspection report not posted,1,2,5,2,2019,6,13
90.0,Han Bat Korean Restaurant,2001 TARAVAL St,Unclean or degraded floors walls or ceilings,1,7,3,2,2019,6,13
78.0,Udupi Palace,1007 1/2 Valencia St,Unclean nonfood contact surfaces,1,2,6,2,2019,6,13
60.0,Alice's Restaurant,1599 Sanchez St,Improper thawing methods,2,5,10,2,2019,6,13
96.0,Julie's Kitchen,50 FREMONT St,Inadequate procedures or records for time as a public health control,2,10,1,2,2019,6,13
83.0,The Golden West,8 Trinity Pl,Wiping cloths not clean or properly stored or inadequate sanitizer,1,3,5,2,2019,6,13
78.0,Udupi Palace,1007 1/2 Valencia St,Unclean or degraded floors walls or ceilings,1,2,6,2,2019,6,13
90.0,Han Bat Korean Restaurant,2001 TARAVAL St,Foods not protected from contamination,2,7,3,2,2019,6,13
60.0,Alice's Restaurant,1599 Sanchez St,Improper storage use or identification of toxic substances,1,5,10,2,2019,6,13
60.0,Alice's Restaurant,1599 Sanchez St,Unclean hands or improper use of gloves,3,5,10,2,2019,6,13
92.0,Happy Donuts,100 Bush St #101,Unapproved or unmaintained equipment or utensils,1,3,3,2,2019,6,13
78.0,Udupi Palace,1007 1/2 Valencia St,High risk vermin infestation,3,2,6,2,2019,6,13
60.0,Alice's Restaurant,1599 Sanchez St,Food safety certificate or food handler card not available,1,5,10,2,2019,6,13
80.0,Lao Table,149 2nd St,Insufficient hot water or running water,2,10,4,2,2019,6,13
90.0,Han Bat Korean Restaurant,2001 TARAVAL St,Moderate risk vermin infestation,2,7,3,2,2019,6,13
83.0,The Golden West,8 Trinity Pl,Inadequate warewashing facilities or equipment,1,3,5,2,2019,6,13
83.0,Baby Blues BBQ San Francisco Inc,3149 Mission St,Unapproved or unmaintained equipment or utensils,1,2,5,2,2019,6,13
78.0,Udupi Palace,1007 1/2 Valencia St,Unapproved or unmaintained equipment or utensils,1,2,6,2,2019,6,13
78.0,Udupi Palace,1007 1/2 Valencia St,Food safety certificate or food handler card not available,1,2,6,2,2019,6,13
92.0,Happy Donuts,100 Bush St #101,Improper storage of equipment utensils or linens,1,3,3,2,2019,6,13
60.0,Alice's Restaurant,1599 Sanchez St,Employee eating or smoking,2,5,10,2,2019,6,13
60.0,Alice's Restaurant,1599 Sanchez St,Foods not protected from contamination,2,5,10,2,2019,6,13
90.0,The Melt,1 Embarcadero Center,Wiping cloths not clean or properly stored or inadequate sanitizer,1,3,3,2,2019,6,13
90.0,Tempest,431 NATOMA St,Inadequately cleaned or sanitized food contact surfaces,2,10,3,2,2019,6,13
90.0,Lolinda,2518 Mission St,Noncompliance with HAACP plan or variance,2,2,3,2,2019,6,13
90.0,The Melt,1 Embarcadero Center,Inadequate and inaccessible handwashing facilities,2,3,3,2,2019,6,13
90.0,Lolinda,2518 Mission St,Inadequately cleaned or sanitized food contact surfaces,2,2,3,2,2019,6,13
90.0,The Melt,1 Embarcadero Center,Inadequately cleaned or sanitized food contact surfaces,2,3,3,2,2019,6,13
90.0,Tempest,431 NATOMA St,Inadequate food safety knowledge or lack of certified food safety manager,2,10,3,2,2019,6,13
90.0,Lolinda,2518 Mission St,Unclean nonfood contact surfaces,1,2,3,2,2019,6,13
90.0,Tempest,431 NATOMA St,Inadequate dressing rooms or improper storage of personal items,1,10,3,2,2019,6,13
100.0,Escape From New York Pizza,1737 Haight St,NA,0,11,1,2,2019,6,13
100.0,"Wattis Room, The",201 Van Ness Ave,NA,0,11,1,2,2019,6,13
80.0,TAQUERIA GUADALAJARA,4798 MISSION,Permit license or inspection report not posted,1,1,5,2,2019,6,14
98.0,Panda Express,1480 Fillmore St.,Improper storage of equipment utensils or linens,1,11,1,2,2019,6,14
80.0,TAQUERIA GUADALAJARA,4798 MISSION,Unclean hands or improper use of gloves,3,1,5,2,2019,6,14
80.0,TAQUERIA GUADALAJARA,4798 MISSION,Improper food storage,1,1,5,2,2019,6,14
80.0,TAQUERIA GUADALAJARA,4798 MISSION,Improper cooling methods,3,1,5,2,2019,6,14
80.0,TAQUERIA GUADALAJARA,4798 MISSION,Unapproved or unmaintained equipment or utensils,1,1,5,2,2019,6,14
100.0,Ferry Plaza Wine Merchant,1 Ferry Building  #23,NA,0,3,1,2,2019,6,14
72.0,HEUNG YUEN RESTAURANT,3279 22nd St,Food safety certificate or food handler card not available,1,2,7,2,2019,6,17
96.0,STARBUCKS COFFEE CO. #603,74 NEW MONTGOMERY St,Unclean or degraded floors walls or ceilings,1,10,2,2,2019,6,17
85.0,Lee's Deli,615 Market St,Inadequately cleaned or sanitized food contact surfaces,2,10,3,2,2019,6,17
72.0,HEUNG YUEN RESTAURANT,3279 22nd St,Unclean nonfood contact surfaces,1,2,7,2,2019,6,17
72.0,HEUNG YUEN RESTAURANT,3279 22nd St,Inadequate or unsanitary refuse containers or area or no garbage service,1,2,7,2,2019,6,17
72.0,HEUNG YUEN RESTAURANT,3279 22nd St,Moderate risk vermin infestation,2,2,7,2,2019,6,17
86.0,CAFE COLE,609 Cole St,Unapproved or unmaintained equipment or utensils,1,11,4,2,2019,6,17
86.0,CAFE COLE,609 Cole St,Moderate risk vermin infestation,2,11,4,2,2019,6,17
72.0,HEUNG YUEN RESTAURANT,3279 22nd St,Foods not protected from contamination,2,2,7,2,2019,6,17
96.0,STARBUCKS COFFEE CO. #603,74 NEW MONTGOMERY St,Wiping cloths not clean or properly stored or inadequate sanitizer,1,10,2,2,2019,6,17
85.0,Lee's Deli,615 Market St,High risk food holding temperature,3,10,3,2,2019,6,17
90.0,Pizza Zone & Grill,178 Valencia St,Improper food storage,1,10,3,2,2019,6,17
85.0,EL POLLO SUPREMO,5210 MISSION St,Improper or defective plumbing,1,1,4,2,2019,6,17
98.0,Bouche,603 Bush St,Wiping cloths not clean or properly stored or inadequate sanitizer,1,3,1,2,2019,6,17
85.0,EL POLLO SUPREMO,5210 MISSION St,Inadequately cleaned or sanitized food contact surfaces,2,1,4,2,2019,6,17
90.0,Pizza Zone & Grill,178 Valencia St,Inadequately cleaned or sanitized food contact surfaces,2,10,3,2,2019,6,17
86.0,CAFE COLE,609 Cole St,Moderate risk food holding temperature,2,11,4,2,2019,6,17
90.0,Pizza Zone & Grill,178 Valencia St,Employee eating or smoking,2,10,3,2,2019,6,17
85.0,EL POLLO SUPREMO,5210 MISSION St,Unapproved or unmaintained equipment or utensils,1,1,4,2,2019,6,17
72.0,HEUNG YUEN RESTAURANT,3279 22nd St,Unclean or unsanitary food contact surfaces,3,2,7,2,2019,6,17
85.0,EL POLLO SUPREMO,5210 MISSION St,Unclean hands or improper use of gloves,3,1,4,2,2019,6,17
85.0,Lee's Deli,615 Market St,Foods not protected from contamination,2,10,3,2,2019,6,17
72.0,HEUNG YUEN RESTAURANT,3279 22nd St,High risk food holding temperature,3,2,7,2,2019,6,17
86.0,CAFE COLE,609 Cole St,Inadequately cleaned or sanitized food contact surfaces,2,11,4,2,2019,6,17
94.0,Zpizza,833 Mission St Suite C & D1,Unclean or degraded floors walls or ceilings,1,10,2,2,2019,6,17
94.0,Zpizza,833 Mission St Suite C & D1,Inadequately cleaned or sanitized food contact surfaces,2,10,2,2,2019,6,17
92.0,Gott's Roadside Tray Gourmet,1 Ferry Building #6,Foods not protected from contamination,2,3,2,2,2019,6,17
92.0,Gott's Roadside Tray Gourmet,1 Ferry Building #6,Inadequate and inaccessible handwashing facilities,2,3,2,2,2019,6,17
96.0,Vogue Theatre,3290 Sacramento St,Moderate risk vermin infestation,2,6,1,2,2019,6,17
100.0,Another Cafe,1191 Pine St,NA,0,3,1,2,2019,6,17
87.0,Um Ma Son,5850 GEARY BLVD,Unapproved or unmaintained equipment or utensils,1,4,4,2,2019,6,18
87.0,Um Ma Son,5850 GEARY BLVD,Wiping cloths not clean or properly stored or inadequate sanitizer,1,4,4,2,2019,6,18
86.0,Cafe Tiramisu,28 Belden Pl,Low risk vermin infestation,1,3,5,2,2019,6,18
86.0,Cafe Tiramisu,28 Belden Pl,Inadequate warewashing facilities or equipment,1,3,5,2,2019,6,18
87.0,Um Ma Son,5850 GEARY BLVD,High risk food holding temperature,3,4,4,2,2019,6,18
86.0,Cafe Tiramisu,28 Belden Pl,Moderate risk food holding temperature,2,3,5,2,2019,6,18
86.0,Cafe Tiramisu,28 Belden Pl,Unclean unmaintained or improperly constructed toilet facilities,1,3,5,2,2019,6,18
87.0,Um Ma Son,5850 GEARY BLVD,Food safety certificate or food handler card not available,1,4,4,2,2019,6,18
86.0,Cafe Tiramisu,28 Belden Pl,Inadequately cleaned or sanitized food contact surfaces,2,3,5,2,2019,6,18
100.0,Joe's Ice Cream,5420 Geary Blvd,NA,0,4,1,2,2019,6,18
83.0,Hard Knox Cafe,2448 Clement,Moderate risk food holding temperature,2,4,4,2,2019,6,19
98.0,THE BEANERY INC.,602 Irving St,Wiping cloths not clean or properly stored or inadequate sanitizer,1,11,1,2,2019,6,19
83.0,Hard Knox Cafe,2448 Clement,Unclean or unsanitary food contact surfaces,3,4,4,2,2019,6,19
83.0,Hard Knox Cafe,2448 Clement,Unapproved or unmaintained equipment or utensils,1,4,4,2,2019,6,19
83.0,Hard Knox Cafe,2448 Clement,Improper thawing methods,2,4,4,2,2019,6,19
70.0,Irelands 32,3920 Geary Blvd,Insufficient hot water or running water,2,4,7,2,2019,6,20
70.0,Irelands 32,3920 Geary Blvd,Unclean or degraded floors walls or ceilings,1,4,7,2,2019,6,20
81.0,Yamasho,1161 Post St,Noncompliance with shell fish tags or display,2,3,4,2,2019,6,20
89.0,Escape From New York Pizza,333 Bush St #103,Inadequate warewashing facilities or equipment,1,3,3,2,2019,6,20
96.0,STARBUCKS,5455 GEARY Blvd,Inadequate and inaccessible handwashing facilities,2,4,1,2,2019,6,20
70.0,Irelands 32,3920 Geary Blvd,Inadequate ventilation or lighting,1,4,7,2,2019,6,20
81.0,Yamasho,1161 Post St,Inadequate and inaccessible handwashing facilities,2,3,4,2,2019,6,20
89.0,Escape From New York Pizza,333 Bush St #103,Unclean or unsanitary food contact surfaces,3,3,3,2,2019,6,20
81.0,Yamasho,1161 Post St,High risk vermin infestation,3,3,4,2,2019,6,20
70.0,Irelands 32,3920 Geary Blvd,Moderate risk vermin infestation,2,4,7,2,2019,6,20
70.0,Irelands 32,3920 Geary Blvd,Contaminated or adulterated food,3,4,7,2,2019,6,20
89.0,Escape From New York Pizza,333 Bush St #103,Unclean or degraded floors walls or ceilings,1,3,3,2,2019,6,20
70.0,Irelands 32,3920 Geary Blvd,Unclean or unsanitary food contact surfaces,3,4,7,2,2019,6,20
70.0,Irelands 32,3920 Geary Blvd,Inadequate and inaccessible handwashing facilities,2,4,7,2,2019,6,20
81.0,Yamasho,1161 Post St,Inadequately cleaned or sanitized food contact surfaces,2,3,4,2,2019,6,20
81.0,Camp,4014 GEARY Blvd,Unapproved or unmaintained equipment or utensils,1,4,5,2,2019,6,20
81.0,Camp,4014 GEARY Blvd,Moderate risk vermin infestation,2,4,5,2,2019,6,20
81.0,Camp,4014 GEARY Blvd,Unclean or unsanitary food contact surfaces,3,4,5,2,2019,6,20
81.0,Camp,4014 GEARY Blvd,Unclean or degraded floors walls or ceilings,1,4,5,2,2019,6,20
81.0,Camp,4014 GEARY Blvd,Inadequate and inaccessible handwashing facilities,2,4,5,2,2019,6,20
100.0,Ferry Building Commissary,1 Ferry Building  #8A,NA,0,3,1,2,2019,6,20
100.0,OKINA SUSHI,776 Arguello Blvd,NA,0,4,1,2,2019,6,20
88.0,Farm Fresh to You,1 Ferry Building  #9,Unapproved or unmaintained equipment or utensils,1,3,4,2,2019,6,24
96.0,Market May Flower & Deli,985 Bush St,Unapproved or unmaintained equipment or utensils,1,3,2,2,2019,6,24
92.0,Just For You Cafe Inc.,732 22ND St,Foods not protected from contamination,2,9,2,2,2019,6,24
98.0,Joe's coffee Shop,6134 Geary Blvd,Unapproved or unmaintained equipment or utensils,1,4,1,2,2019,6,24
89.0,Cafe Bastille,22 Belden Pl,Unclean or unsanitary food contact surfaces,3,3,3,2,2019,6,24
92.0,B44,44 Belden Pl,Inadequately cleaned or sanitized food contact surfaces,2,3,2,2,2019,6,24
91.0,MISSION YMCA SENIOR MEALS PROGRAM,4080 MISSION St,No hot water or running water,3,5,2,2,2019,6,24
89.0,Cafe Bastille,22 Belden Pl,Improper storage of equipment utensils or linens,1,3,3,2,2019,6,24
91.0,MISSION YMCA SENIOR MEALS PROGRAM,4080 MISSION St,Inadequate warewashing facilities or equipment,1,5,2,2,2019,6,24
96.0,EVERGOOD SAUSAGE COMPANY,1389 UNDERWOOD Ave,Inadequate and inaccessible handwashing facilities,2,9,1,2,2019,6,24
92.0,B44,44 Belden Pl,Improper thawing methods,2,3,2,2,2019,6,24
89.0,Cafe Bastille,22 Belden Pl,Unapproved or unmaintained equipment or utensils,1,3,3,2,2019,6,24
98.0,"Safeway Stores, Inc. #1206",350 Bay St,Unapproved or unmaintained equipment or utensils,1,3,1,2,2019,6,24
88.0,Farm Fresh to You,1 Ferry Building  #9,Moderate risk food holding temperature,2,3,4,2,2019,6,24
96.0,SAFEWAY #785,850 La Playa St,Inadequate food safety knowledge or lack of certified food safety manager,2,4,3,2,2019,6,24
88.0,Farm Fresh to You,1 Ferry Building  #9,Improper or defective plumbing,1,3,4,2,2019,6,24
92.0,Just For You Cafe Inc.,732 22ND St,Moderate risk food holding temperature,2,9,2,2,2019,6,24
96.0,Market May Flower & Deli,985 Bush St,Improper food storage,1,3,2,2,2019,6,24
88.0,Farm Fresh to You,1 Ferry Building  #9,Inadequate and inaccessible handwashing facilities,2,3,4,2,2019,6,24
78.0,Gourmet Carousel,1559 FRANKLIN St,Foods not protected from contamination,2,6,7,2,2019,6,24
78.0,Gourmet Carousel,1559 FRANKLIN St,Unclean or degraded floors walls or ceilings,1,6,7,2,2019,6,24
78.0,Gourmet Carousel,1559 FRANKLIN St,Wiping cloths not clean or properly stored or inadequate sanitizer,1,6,7,2,2019,6,24
78.0,Gourmet Carousel,1559 FRANKLIN St,Inadequate procedures or records for time as a public health control,2,6,7,2,2019,6,24
78.0,Gourmet Carousel,1559 FRANKLIN St,Moderate risk vermin infestation,2,6,7,2,2019,6,24
78.0,Gourmet Carousel,1559 FRANKLIN St,Inadequate and inaccessible handwashing facilities,2,6,7,2,2019,6,24
78.0,Gourmet Carousel,1559 FRANKLIN St,Unclean nonfood contact surfaces,1,6,7,2,2019,6,24
80.0,Sushirrito,59 New Montgomery St,Improper cooling methods,3,10,4,2,2019,6,25
80.0,Sushirrito,59 New Montgomery St,High risk food holding temperature,3,10,4,2,2019,6,25
92.0,LA MEDITERRANEE,288 NOE St,Inadequately cleaned or sanitized food contact surfaces,2,5,2,2,2019,6,25
90.0,CAFE MADELEINE,149 NEW MONTGOMERY STREET,Unclean nonfood contact surfaces,1,10,4,2,2019,6,25
82.0,GOURMET DIM SUM & CAFE,651 CLEMENT St,Improper storage use or identification of toxic substances,1,4,7,2,2019,6,25
94.0,Fillmore Bake Shop,1890 FILLMORE St,Wiping cloths not clean or properly stored or inadequate sanitizer,1,11,2,2,2019,6,25
83.0,Plouf,40 Belden Pl,Improper thawing methods,2,3,15,2,2019,6,25
83.0,Plouf,40 Belden Pl,Improper thawing methods,2,3,15,2,2019,6,25
83.0,Plouf,40 Belden Pl,Improper thawing methods,2,3,15,2,2019,6,25
90.0,CAFE MADELEINE,149 NEW MONTGOMERY STREET,Improper storage of equipment utensils or linens,1,10,4,2,2019,6,25
90.0,CAFE MADELEINE,149 NEW MONTGOMERY STREET,Improper food storage,1,10,4,2,2019,6,25
82.0,GOURMET DIM SUM & CAFE,651 CLEMENT St,Inadequate dressing rooms or improper storage of personal items,1,4,7,2,2019,6,25
92.0,Dosa on Fillmore,1700 Fillmore St,Inadequate dressing rooms or improper storage of personal items,1,11,3,2,2019,6,25
96.0,Joanie's Diner Inc.,1329 Columbus Ave,Moderate risk food holding temperature,2,6,1,2,2019,6,25
94.0,Hook a Cook,Pier 39  Building B  Space 1-3,Unclean or degraded floors walls or ceilings,1,6,3,2,2019,6,25
80.0,BRAZEN HEAD RESTAURANT,3166 Buchanan St,High risk vermin infestation,3,6,5,2,2019,6,25
92.0,LA MEDITERRANEE,288 NOE St,Moderate risk food holding temperature,2,5,2,2,2019,6,25
94.0,Fillmore Bake Shop,1890 FILLMORE St,Foods not protected from contamination,2,11,2,2,2019,6,25
80.0,BRAZEN HEAD RESTAURANT,3166 Buchanan St,Unapproved or unmaintained equipment or utensils,1,6,5,2,2019,6,25
92.0,Dosa on Fillmore,1700 Fillmore St,Moderate risk food holding temperature,2,11,3,2,2019,6,25
82.0,GOURMET DIM SUM & CAFE,651 CLEMENT St,Foods not protected from contamination,2,4,7,2,2019,6,25
92.0,Dosa on Fillmore,1700 Fillmore St,Improper storage of equipment utensils or linens,1,11,3,2,2019,6,25
80.0,BRAZEN HEAD RESTAURANT,3166 Buchanan St,Unclean or unsanitary food contact surfaces,3,6,5,2,2019,6,25
83.0,Plouf,40 Belden Pl,Improper food storage,1,3,15,2,2019,6,25
83.0,Plouf,40 Belden Pl,Improper food storage,1,3,15,2,2019,6,25
83.0,Plouf,40 Belden Pl,Improper food storage,1,3,15,2,2019,6,25
82.0,GOURMET DIM SUM & CAFE,651 CLEMENT St,Other low risk violation,1,4,7,2,2019,6,25
94.0,Hook a Cook,Pier 39  Building B  Space 1-3,Unapproved or unmaintained equipment or utensils,1,6,3,2,2019,6,25
82.0,GOURMET DIM SUM & CAFE,651 CLEMENT St,Improper storage of equipment utensils or linens,1,4,7,2,2019,6,25
83.0,Plouf,40 Belden Pl,Inadequate warewashing facilities or equipment,1,3,15,2,2019,6,25
83.0,Plouf,40 Belden Pl,Inadequate warewashing facilities or equipment,1,3,15,2,2019,6,25
83.0,Plouf,40 Belden Pl,Inadequate warewashing facilities or equipment,1,3,15,2,2019,6,25
82.0,GOURMET DIM SUM & CAFE,651 CLEMENT St,Inadequately cleaned or sanitized food contact surfaces,2,4,7,2,2019,6,25
83.0,Plouf,40 Belden Pl,High risk food holding temperature,3,3,15,2,2019,6,25
83.0,Plouf,40 Belden Pl,High risk food holding temperature,3,3,15,2,2019,6,25
83.0,Plouf,40 Belden Pl,High risk food holding temperature,3,3,15,2,2019,6,25
80.0,BRAZEN HEAD RESTAURANT,3166 Buchanan St,Unclean or degraded floors walls or ceilings,1,6,5,2,2019,6,25
94.0,Hook a Cook,Pier 39  Building B  Space 1-3,Unclean nonfood contact surfaces,1,6,3,2,2019,6,25
80.0,Sushirrito,59 New Montgomery St,Inadequately cleaned or sanitized food contact surfaces,2,10,4,2,2019,6,25
80.0,BRAZEN HEAD RESTAURANT,3166 Buchanan St,Unclean nonfood contact surfaces,1,6,5,2,2019,6,25
82.0,GOURMET DIM SUM & CAFE,651 CLEMENT St,Unapproved or unmaintained equipment or utensils,1,4,7,2,2019,6,25
83.0,Plouf,40 Belden Pl,Unapproved or unmaintained equipment or utensils,1,3,15,2,2019,6,25
83.0,Plouf,40 Belden Pl,Unapproved or unmaintained equipment or utensils,1,3,15,2,2019,6,25
83.0,Plouf,40 Belden Pl,Unapproved or unmaintained equipment or utensils,1,3,15,2,2019,6,25
80.0,Sushirrito,59 New Montgomery St,Food safety certificate or food handler card not available,1,10,4,2,2019,6,25
90.0,CAFE MADELEINE,149 NEW MONTGOMERY STREET,Inadequately cleaned or sanitized food contact surfaces,2,10,4,2,2019,6,25
94.0,Michael's Food Store,901 North Point St,Improper storage of equipment utensils or linens,1,6,3,2,2019,6,25
98.0,Specialty's Cafe & Bakery,500 Howard St,Unapproved or unmaintained equipment or utensils,1,10,1,2,2019,6,25
94.0,Michael's Food Store,901 North Point St,Improper food labeling or menu misrepresentation,1,6,3,2,2019,6,25
94.0,Michael's Food Store,901 North Point St,Food safety certificate or food handler card not available,1,6,3,2,2019,6,25
100.0,North Point Market,3098 Polk St,NA,0,6,1,2,2019,6,25
96.0,Boudin Bakery,Pier 39  Front,Unapproved or unmaintained equipment or utensils,1,3,2,2,2019,6,26
90.0,Ryoko's,619 Taylor St,Other low risk violation,1,3,4,2,2019,6,26
98.0,Lincoln Way Shell,601 Lincoln Way,Unapproved or unmaintained equipment or utensils,1,11,1,2,2019,6,26
87.0,THE BITTER END,441 CLEMENT St,Unclean or degraded floors walls or ceilings,1,4,3,2,2019,6,26
91.0,Kiki Japanese Restaurant,1269 09th Ave,Inadequate HACCP plan record keeping,1,7,2,2,2019,6,26
84.0,SUNSET SUPER,2801 Vicente St,Unclean or degraded floors walls or ceilings,1,7,5,2,2019,6,26
86.0,Rin's,4301 24th St,Inadequately cleaned or sanitized food contact surfaces,2,5,4,2,2019,6,26
91.0,Kiki Japanese Restaurant,1269 09th Ave,Unclean hands or improper use of gloves,3,7,2,2,2019,6,26
85.0,B Restaurant,720 HOWARD St,Worker safety hazards,1,10,5,2,2019,6,26
87.0,DONA TERE'S MARKET,2780 21st St,High risk food holding temperature,3,2,3,2,2019,6,26
83.0,Tsunami Panhandle,1306 Fulton St,Unapproved or unmaintained equipment or utensils,1,11,4,2,2019,6,26
90.0,Brothers Restaurant,4128 GEARY Blvd,Wiping cloths not clean or properly stored or inadequate sanitizer,1,4,5,2,2019,6,26
89.0,NEW ERITREA RESTAURANT,907 Irving St,Improper cooling methods,3,11,2,2,2019,6,26
90.0,Brothers Restaurant,4128 GEARY Blvd,Unapproved or unmaintained equipment or utensils,1,4,5,2,2019,6,26
96.0,Delise,327 Bay St,Improper storage of equipment utensils or linens,1,3,2,2,2019,6,26
85.0,B Restaurant,720 HOWARD St,Unclean or degraded floors walls or ceilings,1,10,5,2,2019,6,26
96.0,Boudin Bakery,Pier 39  Front,Unclean or degraded floors walls or ceilings,1,3,2,2,2019,6,26
90.0,The Plant Cafe,3352 STEINER ST,Food safety certificate or food handler card not available,1,6,4,2,2019,6,26
84.0,SUNSET SUPER,2801 Vicente St,Moderate risk vermin infestation,2,7,5,2,2019,6,26
84.0,SUNSET SUPER,2801 Vicente St,Improper food storage,1,7,5,2,2019,6,26
90.0,Brothers Restaurant,4128 GEARY Blvd,Improper food storage,1,4,5,2,2019,6,26
90.0,Ryoko's,619 Taylor St,Unclean nonfood contact surfaces,1,3,4,2,2019,6,26
85.0,B Restaurant,720 HOWARD St,Inadequate dressing rooms or improper storage of personal items,1,10,5,2,2019,6,26
89.0,NEW ERITREA RESTAURANT,907 Irving St,Inadequate and inaccessible handwashing facilities,2,11,2,2,2019,6,26
86.0,Rin's,4301 24th St,Improper food storage,1,5,4,2,2019,6,26
84.0,SUNSET SUPER,2801 Vicente St,Inadequate and inaccessible handwashing facilities,2,7,5,2,2019,6,26
96.0,Delise,327 Bay St,Wiping cloths not clean or properly stored or inadequate sanitizer,1,3,2,2,2019,6,26
85.0,B Restaurant,720 HOWARD St,Permit license or inspection report not posted,1,10,5,2,2019,6,26
90.0,The Plant Cafe,3352 STEINER ST,Unclean or degraded floors walls or ceilings,1,6,4,2,2019,6,26
90.0,Ryoko's,619 Taylor St,Moderate risk food holding temperature,2,3,4,2,2019,6,26
84.0,SUNSET SUPER,2801 Vicente St,Inadequately cleaned or sanitized food contact surfaces,2,7,5,2,2019,6,26
89.0,FIREFLY,4288 24th St,High risk food holding temperature,3,5,2,2,2019,6,26
93.0,Cornell Hotel - Jeanne D'Arc,715 Bush St,Improper cooling methods,3,3,1,2,2019,6,26
86.0,Rin's,4301 24th St,Inadequate food safety knowledge or lack of certified food safety manager,2,5,4,2,2019,6,26
90.0,The Plant Cafe,3352 STEINER ST,Insufficient hot water or running water,2,6,4,2,2019,6,26
90.0,Ryoko's,619 Taylor St,Improper food storage,1,3,4,2,2019,6,26
83.0,Tsunami Panhandle,1306 Fulton St,Moderate risk food holding temperature,2,11,4,2,2019,6,26
87.0,THE BITTER END,441 CLEMENT St,Moderate risk food holding temperature,2,4,3,2,2019,6,26
90.0,The Plant Cafe,3352 STEINER ST,Low risk vermin infestation,1,6,4,2,2019,6,26
87.0,DONA TERE'S MARKET,2780 21st St,Permit license or inspection report not posted,1,2,3,2,2019,6,26
85.0,B Restaurant,720 HOWARD St,High risk vermin infestation,3,10,5,2,2019,6,26
87.0,THE BITTER END,441 CLEMENT St,Unclean or unsanitary food contact surfaces,3,4,3,2,2019,6,26
87.0,DONA TERE'S MARKET,2780 21st St,Foods not protected from contamination,2,2,3,2,2019,6,26
83.0,Tsunami Panhandle,1306 Fulton St,Foods not protected from contamination,2,11,4,2,2019,6,26
83.0,Tsunami Panhandle,1306 Fulton St,Unclean or unsanitary food contact surfaces,3,11,4,2,2019,6,26
89.0,FIREFLY,4288 24th St,Inadequately cleaned or sanitized food contact surfaces,2,5,2,2,2019,6,26
86.0,Rin's,4301 24th St,Moderate risk food holding temperature,2,5,4,2,2019,6,26
90.0,Brothers Restaurant,4128 GEARY Blvd,Inadequate ventilation or lighting,1,4,5,2,2019,6,26
90.0,Brothers Restaurant,4128 GEARY Blvd,Food safety certificate or food handler card not available,1,4,5,2,2019,6,26
75.0,18th Street Commissary,3334 18th St,Foods not protected from contamination,2,2,6,2,2019,6,27
88.0,WORKING GIRLS' CAFE III,100 SPEAR St 140,Food safety certificate or food handler card not available,1,10,4,2,2019,6,27
96.0,Scoma's Restaurant,Pier 47,Inadequate and inaccessible handwashing facilities,2,3,1,2,2019,6,27
83.0,Oasis Grill,91 Drumm St,Unclean hands or improper use of gloves,3,3,5,2,2019,6,27
83.0,Oasis Grill,91 Drumm St,Inadequate dressing rooms or improper storage of personal items,1,3,5,2,2019,6,27
88.0,WORKING GIRLS' CAFE III,100 SPEAR St 140,Inadequately cleaned or sanitized food contact surfaces,2,10,4,2,2019,6,27
75.0,18th Street Commissary,3334 18th St,Unapproved  living quarters in food facility,1,2,6,2,2019,6,27
83.0,Perry's Embarcadero,155 STEUART St,Inadequately cleaned or sanitized food contact surfaces,2,10,4,2,2019,6,27
78.0,"CANTON DIM SUM HOUSE, INC.",655 Folsom St,Unclean or degraded floors walls or ceilings,1,10,10,2,2019,6,27
91.0,Whole Foods Steep Brew,1765 CALIFORNIA St,Unclean hands or improper use of gloves,3,6,2,2,2019,6,27
78.0,CANTON DIM SUM HOUSE,655 Folsom St,Unclean nonfood contact surfaces,1,10,10,2,2019,6,27
75.0,18th Street Commissary,3334 18th St,Improper thawing methods,2,2,6,2,2019,6,27
78.0,"CANTON DIM SUM HOUSE, INC.",655 Folsom St,Unclean nonfood contact surfaces,1,10,10,2,2019,6,27
75.0,18th Street Commissary,3334 18th St,Moderate risk vermin infestation,2,2,6,2,2019,6,27
83.0,Oasis Grill,91 Drumm St,Unclean or degraded floors walls or ceilings,1,3,5,2,2019,6,27
78.0,CANTON DIM SUM HOUSE,655 Folsom St,Foods not protected from contamination,2,10,10,2,2019,6,27
88.0,WORKING GIRLS' CAFE III,100 SPEAR St 140,Unapproved or unmaintained equipment or utensils,1,10,4,2,2019,6,27
91.0,Whole Foods Steep Brew,1765 CALIFORNIA St,Improper or defective plumbing,1,6,2,2,2019,6,27
83.0,Perry's Embarcadero,155 STEUART St,Improper or defective plumbing,1,10,4,2,2019,6,27
90.0,Chug Pub,1849 Lincoln Way,Improper food storage,1,7,3,2,2019,6,27
94.0,FOREIGN CINEMA,2534 MISSION St,Unclean or degraded floors walls or ceilings,1,2,2,2,2019,6,27
83.0,Oasis Grill,91 Drumm St,Permit license or inspection report not posted,1,3,5,2,2019,6,27
78.0,CANTON DIM SUM HOUSE,655 Folsom St,High risk vermin infestation,3,10,10,2,2019,6,27
78.0,"CANTON DIM SUM HOUSE, INC.",655 Folsom St,High risk vermin infestation,3,10,10,2,2019,6,27
75.0,18th Street Commissary,3334 18th St,Unclean or unsanitary food contact surfaces,3,2,6,2,2019,6,27
83.0,Perry's Embarcadero,155 STEUART St,Foods not protected from contamination,2,10,4,2,2019,6,27
78.0,CANTON DIM SUM HOUSE,655 Folsom St,Unclean or unsanitary food contact surfaces,3,10,10,2,2019,6,27
90.0,Chug Pub,1849 Lincoln Way,Foods not protected from contamination,2,7,3,2,2019,6,27
78.0,"CANTON DIM SUM HOUSE, INC.",655 Folsom St,Unclean or unsanitary food contact surfaces,3,10,10,2,2019,6,27
88.0,WORKING GIRLS' CAFE III,100 SPEAR St 140,Inadequate and inaccessible handwashing facilities,2,10,4,2,2019,6,27
83.0,Oasis Grill,91 Drumm St,Moderate risk food holding temperature,2,3,5,2,2019,6,27
90.0,Chug Pub,1849 Lincoln Way,Inadequate and inaccessible handwashing facilities,2,7,3,2,2019,6,27
75.0,18th Street Commissary,3334 18th St,Employee eating or smoking,2,2,6,2,2019,6,27
83.0,Perry's Embarcadero,155 STEUART St,High risk food holding temperature,3,10,4,2,2019,6,27
94.0,FOREIGN CINEMA,2534 MISSION St,Inadequately cleaned or sanitized food contact surfaces,2,2,2,2,2019,6,27
78.0,"CANTON DIM SUM HOUSE, INC.",655 Folsom St,Foods not protected from contamination,2,10,10,2,2019,6,27
78.0,CANTON DIM SUM HOUSE,655 Folsom St,Unclean or degraded floors walls or ceilings,1,10,10,2,2019,6,27
88.0,Beachside Coffee Bar & Kitchen,4300 JUDAH St,Unclean or degraded floors walls or ceilings,1,7,4,2,2019,6,27
88.0,Beachside Coffee Bar & Kitchen,4300 JUDAH St,Foods not protected from contamination,2,7,4,2,2019,6,27
88.0,Beachside Coffee Bar & Kitchen,4300 JUDAH St,Inadequate and inaccessible handwashing facilities,2,7,4,2,2019,6,27
88.0,Beachside Coffee Bar & Kitchen,4300 JUDAH St,Permit license or inspection report not posted,1,7,4,2,2019,6,27
100.0,Sunset Youth Services,3918 Judah St,NA,0,7,1,2,2019,6,27
100.0,LINCOLN 76,1200 LA PLAYA St,NA,0,7,1,2,2019,6,27
48.0,CHINA FIRST INC.,336 CLEMENT ST,Improper storage use or identification of toxic substances,1,4,14,3,2019,7,1
92.0,CITY'S CHOICE,301 05th St,Low risk vermin infestation,1,10,4,3,2019,7,1
48.0,CHINA FIRST INC.,336 CLEMENT ST,Inadequate and inaccessible handwashing facilities,2,4,14,3,2019,7,1
84.0,"HOTEL UTAH SALOON, THE",500 04th St,Low risk vermin infestation,1,10,5,3,2019,7,1
48.0,CHINA FIRST INC.,336 CLEMENT ST,Inadequate food safety knowledge or lack of certified food safety manager,2,4,14,3,2019,7,1
91.0,Epic Roasthouse,369 Embarcadero,Low risk vermin infestation,1,10,2,3,2019,7,1
48.0,CHINA FIRST INC.,336 CLEMENT ST,Unclean or unsanitary food contact surfaces,3,4,14,3,2019,7,1
48.0,CHINA FIRST INC.,336 CLEMENT ST,Foods not protected from contamination,2,4,14,3,2019,7,1
86.0,The Mary Elizabeth Inn,1040 Bush St,Inadequate and inaccessible handwashing facilities,2,3,4,3,2019,7,1
92.0,MOSCOW & TBILSI BAKERY STORE,5540 GEARY Blvd,Improper storage of equipment utensils or linens,1,4,3,3,2019,7,1
48.0,CHINA FIRST INC.,336 CLEMENT ST,Wiping cloths not clean or properly stored or inadequate sanitizer,1,4,14,3,2019,7,1
48.0,CHINA FIRST INC.,336 CLEMENT ST,Permit license or inspection report not posted,1,4,14,3,2019,7,1
84.0,"HOTEL UTAH SALOON, THE",500 04th St,Unclean or degraded floors walls or ceilings,1,10,5,3,2019,7,1
92.0,MOSCOW & TBILSI BAKERY STORE,5540 GEARY Blvd,Improper or defective plumbing,1,4,3,3,2019,7,1
48.0,CHINA FIRST INC.,336 CLEMENT ST,Unapproved or unmaintained equipment or utensils,1,4,14,3,2019,7,1
92.0,CITY'S CHOICE,301 05th St,Food safety certificate or food handler card not available,1,10,4,3,2019,7,1
86.0,The Mary Elizabeth Inn,1040 Bush St,Permit license or inspection report not posted,1,3,4,3,2019,7,1
96.0,STARBUCKS COFFEE #545,3995 24th St,Unclean or degraded floors walls or ceilings,1,5,2,3,2019,7,1
92.0,E-Z STOP MARKET,2203 GENEVA Ave,Unapproved or unmaintained equipment or utensils,1,9,3,3,2019,7,1
91.0,Epic Roasthouse,369 Embarcadero,Improper cooling methods,3,10,2,3,2019,7,1
92.0,E-Z STOP MARKET,2203 GENEVA Ave,Inadequate and inaccessible handwashing facilities,2,9,3,3,2019,7,1
84.0,"HOTEL UTAH SALOON, THE",500 04th St,Inadequate food safety knowledge or lack of certified food safety manager,2,10,5,3,2019,7,1
48.0,CHINA FIRST INC.,336 CLEMENT ST,Improper thawing methods,2,4,14,3,2019,7,1
92.0,SAFEWAY #1490,2300 16th St,Moderate risk food holding temperature,2,9,4,3,2019,7,1
92.0,E-Z STOP MARKET,2203 GENEVA Ave,Unclean or degraded floors walls or ceilings,1,9,3,3,2019,7,1
48.0,CHINA FIRST INC.,336 CLEMENT ST,Moderate risk vermin infestation,2,4,14,3,2019,7,1
93.0,Toast Eatery,3991 24th St,Unclean or unsanitary food contact surfaces,3,5,1,3,2019,7,1
96.0,AFC Sushi @ Safeway #1490,2300 16th St,Improper thawing methods,2,9,4,3,2019,7,1
96.0,STARBUCKS COFFEE #545,3995 24th St,Permit license or inspection report not posted,1,5,2,3,2019,7,1
84.0,"HOTEL UTAH SALOON, THE",500 04th St,Inadequately cleaned or sanitized food contact surfaces,2,10,5,3,2019,7,1
92.0,CITY'S CHOICE,301 05th St,Unapproved or unmaintained equipment or utensils,1,10,4,3,2019,7,1
92.0,SAFEWAY #1490,2300 16th St,Unapproved or unmaintained equipment or utensils,1,9,4,3,2019,7,1
48.0,CHINA FIRST INC.,336 CLEMENT ST,Noncompliance with Gulf Coast oyster regulation,2,4,14,3,2019,7,1
86.0,The Mary Elizabeth Inn,1040 Bush St,Moderate risk food holding temperature,2,3,4,3,2019,7,1
92.0,CITY'S CHOICE,301 05th St,Improper food labeling or menu misrepresentation,1,10,4,3,2019,7,1
48.0,CHINA FIRST INC.,336 CLEMENT ST,Employee eating or smoking,2,4,14,3,2019,7,1
48.0,CHINA FIRST INC.,336 CLEMENT ST,Unclean or degraded floors walls or ceilings,1,4,14,3,2019,7,1
84.0,"HOTEL UTAH SALOON, THE",500 04th St,Inadequate and inaccessible handwashing facilities,2,10,5,3,2019,7,1
48.0,CHINA FIRST INC.,336 CLEMENT ST,High risk food holding temperature,3,4,14,3,2019,7,1
92.0,SAFEWAY #1490,2300 16th St,Wiping cloths not clean or properly stored or inadequate sanitizer,1,9,4,3,2019,7,1
86.0,The Mary Elizabeth Inn,1040 Bush St,Insufficient hot water or running water,2,3,4,3,2019,7,1
98.0,Epic Roasthouse,Pier 26 Embararcadero,Inadequate dressing rooms or improper storage of personal items,1,10,1,3,2019,7,1
92.0,MOSCOW & TBILSI BAKERY STORE,5540 GEARY Blvd,Inadequately cleaned or sanitized food contact surfaces,2,4,3,3,2019,7,1
90.0,Jamber,858 Folsom St,Unclean or degraded floors walls or ceilings,1,10,4,3,2019,7,1
90.0,Jamber,858 Folsom St,Wiping cloths not clean or properly stored or inadequate sanitizer,1,10,4,3,2019,7,1
90.0,Jamber,858 Folsom St,Unapproved or unmaintained equipment or utensils,1,10,4,3,2019,7,1
90.0,Jamber,858 Folsom St,Moderate risk food holding temperature,2,10,4,3,2019,7,1
100.0,Bernie's,3966 24th St,NA,0,5,1,3,2019,7,1
90.0,Casa Guadalupe #3,2999 MISSION,Moderate risk vermin infestation,2,2,3,3,2019,7,2
96.0,HIGHER GROUNDS,691 CHENERY St,Unclean or degraded floors walls or ceilings,1,5,2,3,2019,7,2
73.0,China Express Deli,2732 MISSION St,Unclean nonfood contact surfaces,1,2,7,3,2019,7,2
88.0,Tad's,120 Powell St,Improper food storage,1,3,4,3,2019,7,2
88.0,Tad's,120 Powell St,Unapproved or unmaintained equipment or utensils,1,3,4,3,2019,7,2
96.0,HIGHER GROUNDS,691 CHENERY St,Unapproved or unmaintained equipment or utensils,1,5,2,3,2019,7,2
84.0,LITTLE HENRY'S,3600 BALBOA St,Inadequate and inaccessible handwashing facilities,2,4,5,3,2019,7,2
88.0,Tad's,120 Powell St,Improper thawing methods,2,3,4,3,2019,7,2
84.0,LITTLE HENRY'S,3600 BALBOA St,Unclean or degraded floors walls or ceilings,1,4,5,3,2019,7,2
84.0,LITTLE HENRY'S,3600 BALBOA St,Inadequate food safety knowledge or lack of certified food safety manager,2,4,5,3,2019,7,2
73.0,China Express Deli,2732 MISSION St,Foods not protected from contamination,2,2,7,3,2019,7,2
73.0,China Express Deli,2732 MISSION St,Unapproved or unmaintained equipment or utensils,1,2,7,3,2019,7,2
94.0,Happy Lounge,3745 Geary Blvd,Inadequately cleaned or sanitized food contact surfaces,2,4,2,3,2019,7,2
90.0,Casa Guadalupe #3,2999 MISSION,Inadequate food safety knowledge or lack of certified food safety manager,2,2,3,3,2019,7,2
94.0,Norman's Ice Cream and Freezes,2801 Leavenworth St,Insufficient hot water or running water,2,6,2,3,2019,7,2
84.0,LITTLE HENRY'S,3600 BALBOA St,Wiping cloths not clean or properly stored or inadequate sanitizer,1,4,5,3,2019,7,2
73.0,China Express Deli,2732 MISSION St,Unclean or unsanitary food contact surfaces,3,2,7,3,2019,7,2
73.0,China Express Deli,2732 MISSION St,Moderate risk vermin infestation,2,2,7,3,2019,7,2
73.0,China Express Deli,2732 MISSION St,Inadequate and inaccessible handwashing facilities,2,2,7,3,2019,7,2
94.0,Happy Lounge,3745 Geary Blvd,Unapproved or unmaintained equipment or utensils,1,4,2,3,2019,7,2
90.0,Casa Guadalupe #3,2999 MISSION,Improper food storage,1,2,3,3,2019,7,2
94.0,Norman's Ice Cream and Freezes,2801 Leavenworth St,Improper or defective plumbing,1,6,2,3,2019,7,2
73.0,China Express Deli,2732 MISSION St,Moderate risk food holding temperature,2,2,7,3,2019,7,2
88.0,Tad's,120 Powell St,Moderate risk food holding temperature,2,3,4,3,2019,7,2
84.0,LITTLE HENRY'S,3600 BALBOA St,Moderate risk vermin infestation,2,4,5,3,2019,7,2
94.0,B. Patisserie LLC,2821 CALIFORNIA St,Improper storage of equipment utensils or linens,1,6,3,3,2019,7,2
94.0,B. Patisserie LLC,2821 CALIFORNIA St,Wiping cloths not clean or properly stored or inadequate sanitizer,1,6,3,3,2019,7,2
94.0,B. Patisserie LLC,2821 CALIFORNIA St,Low risk vermin infestation,1,6,3,3,2019,7,2
88.0,"Espetus Churrascaria, Inc.",1686 MARKET St,Inadequately cleaned or sanitized food contact surfaces,2,11,3,3,2019,7,3
96.0,Goat Hill Pizza,171 Stillman St,Unclean unmaintained or improperly constructed toilet facilities,1,10,2,3,2019,7,3
96.0,Goat Hill Pizza,171 Stillman St,Food safety certificate or food handler card not available,1,10,2,3,2019,7,3
88.0,B & J QUARTER POUNDER BURGERS,6202 03rd St,Low risk vermin infestation,1,9,4,3,2019,7,3
79.0,TARAVAL OKAZU YA,1735 Taraval St,High risk vermin infestation,3,7,5,3,2019,7,3
96.0,Starbucks,499 Bay St,Unapproved or unmaintained equipment or utensils,1,3,2,3,2019,7,3
91.0,Western Addition Senior Citizen Service,1390 TURK St,Unclean or unsanitary food contact surfaces,3,11,2,3,2019,7,3
88.0,B & J QUARTER POUNDER BURGERS,6202 03rd St,Foods not protected from contamination,2,9,4,3,2019,7,3
88.0,"Espetus Churrascaria, Inc.",1686 MARKET St,Foods not protected from contamination,2,11,3,3,2019,7,3
91.0,Western Addition Senior Citizen Service,1390 TURK St,Unclean or degraded floors walls or ceilings,1,11,2,3,2019,7,3
88.0,B & J QUARTER POUNDER BURGERS,6202 03rd St,Unclean nonfood contact surfaces,1,9,4,3,2019,7,3
88.0,B & J QUARTER POUNDER BURGERS,6202 03rd St,Moderate risk food holding temperature,2,9,4,3,2019,7,3
79.0,TARAVAL OKAZU YA,1735 Taraval St,Foods not protected from contamination,2,7,5,3,2019,7,3
88.0,"Espetus Churrascaria, Inc.",1686 MARKET St,Moderate risk food holding temperature,2,11,3,3,2019,7,3
79.0,TARAVAL OKAZU YA,1735 Taraval St,Employee eating or smoking,2,7,5,3,2019,7,3
96.0,Starbucks,499 Bay St,Unclean or degraded floors walls or ceilings,1,3,2,3,2019,7,3
79.0,TARAVAL OKAZU YA,1735 Taraval St,Unclean or degraded floors walls or ceilings,1,7,5,3,2019,7,3
79.0,TARAVAL OKAZU YA,1735 Taraval St,Inadequate and inaccessible handwashing facilities,2,7,5,3,2019,7,3
75.0,Restaurante Monte Cristo #2,6286 03rd St,Inadequate procedures or records for time as a public health control,2,9,6,3,2019,7,3
82.0,King of Thai Noodles Cafe,1541 TARAVAL St,Improper food storage,1,7,6,3,2019,7,3
98.0,"La Corneta, Inc",2834 Diamond St,No thermometers or uncalibrated thermometers,1,5,1,3,2019,7,3
75.0,Restaurante Monte Cristo #2,6286 03rd St,Low risk vermin infestation,1,9,6,3,2019,7,3
75.0,Restaurante Monte Cristo #2,6286 03rd St,Improper cooling methods,3,9,6,3,2019,7,3
82.0,King of Thai Noodles Cafe,1541 TARAVAL St,Foods not protected from contamination,2,7,6,3,2019,7,3
82.0,King of Thai Noodles Cafe,1541 TARAVAL St,Unclean or degraded floors walls or ceilings,1,7,6,3,2019,7,3
82.0,King of Thai Noodles Cafe,1541 TARAVAL St,Improper storage use or identification of toxic substances,1,7,6,3,2019,7,3
75.0,Restaurante Monte Cristo #2,6286 03rd St,Inadequate and inaccessible handwashing facilities,2,9,6,3,2019,7,3
82.0,King of Thai Noodles Cafe,1541 TARAVAL St,Inadequately cleaned or sanitized food contact surfaces,2,7,6,3,2019,7,3
75.0,Restaurante Monte Cristo #2,6286 03rd St,Inadequately cleaned or sanitized food contact surfaces,2,9,6,3,2019,7,3
82.0,King of Thai Noodles Cafe,1541 TARAVAL St,Moderate risk vermin infestation,2,7,6,3,2019,7,3
75.0,Restaurante Monte Cristo #2,6286 03rd St,Foods not protected from contamination,2,9,6,3,2019,7,3
98.0,Hotel Emblem,562 Sutter St,NA,0,3,1,3,2019,7,3
81.0,The AA Bakery & Cafe,1068 Stockton St,Inadequate and inaccessible handwashing facilities,2,3,5,3,2019,7,8
75.0,KABABAYAN FAST FOOD,2706 MISSION St,Foods not protected from contamination,2,2,7,3,2019,7,8
75.0,KABABAYAN FAST FOOD,2706 MISSION St,Improper cooling methods,3,2,7,3,2019,7,8
81.0,The AA Bakery & Cafe,1068 Stockton St,Unclean or degraded floors walls or ceilings,1,3,5,3,2019,7,8
85.0,PASQUALES,700 IRVING St,Unclean nonfood contact surfaces,1,11,4,3,2019,7,8
92.0,AK SUBS,397 08th St,Inadequately cleaned or sanitized food contact surfaces,2,10,3,3,2019,7,8
83.0,Estrella Taqueria,533 Haight St,Improper storage of equipment utensils or linens,1,11,5,3,2019,7,8
92.0,Grand Coffee,2663 Mission St,Unpermitted food facility,1,2,15,3,2019,7,8
92.0,Grand Coffee,2663 Mission St,Unpermitted food facility,1,2,15,3,2019,7,8
92.0,Grand Coffee,2663 Mission St,Unpermitted food facility,1,2,15,3,2019,7,8
92.0,Grand Coffee,2663 Mission St,Unpermitted food facility,1,2,15,3,2019,7,8
92.0,Grand Coffee,2663 Mission St,Unpermitted food facility,1,2,15,3,2019,7,8
87.0,PEKING WOK RESTAURANT,4920 03rd St,Improper storage of equipment utensils or linens,1,9,4,3,2019,7,8
78.0,DRAGON CITY BAKERY & CAFE,2367 MISSION St,Unclean or degraded floors walls or ceilings,1,2,5,3,2019,7,8
87.0,LOS PANCHOS,3206 MISSION St,High risk food holding temperature,3,2,4,3,2019,7,8
96.0,CHEVRON #1512,1000 HARRISON St,Foods not protected from contamination,2,10,1,3,2019,7,8
82.0,LEE'S DELI,170 Spear St,Unclean or degraded floors walls or ceilings,1,10,4,3,2019,7,8
75.0,KABABAYAN FAST FOOD,2706 MISSION St,Unapproved  living quarters in food facility,1,2,7,3,2019,7,8
94.0,Chipotle Mexican Grill #0839,525 Market St 1st Floor,Inadequately cleaned or sanitized food contact surfaces,2,10,2,3,2019,7,8
87.0,LOS PANCHOS,3206 MISSION St,Improper storage of equipment utensils or linens,1,2,4,3,2019,7,8
85.0,PASQUALES,700 IRVING St,Low risk vermin infestation,1,11,4,3,2019,7,8
87.0,PEKING WOK RESTAURANT,4920 03rd St,Low risk vermin infestation,1,9,4,3,2019,7,8
75.0,KABABAYAN FAST FOOD,2706 MISSION St,Moderate risk food holding temperature,2,2,7,3,2019,7,8
92.0,AK SUBS,397 08th St,Unclean nonfood contact surfaces,1,10,3,3,2019,7,8
81.0,The AA Bakery & Cafe,1068 Stockton St,Improper storage of equipment utensils or linens,1,3,5,3,2019,7,8
78.0,DRAGON CITY BAKERY & CAFE,2367 MISSION St,Unclean or unsanitary food contact surfaces,3,2,5,3,2019,7,8
92.0,Grand Coffee,2663 Mission St,Unclean unmaintained or improperly constructed toilet facilities,1,2,15,3,2019,7,8
92.0,Grand Coffee,2663 Mission St,Unclean unmaintained or improperly constructed toilet facilities,1,2,15,3,2019,7,8
92.0,Grand Coffee,2663 Mission St,Unclean unmaintained or improperly constructed toilet facilities,1,2,15,3,2019,7,8
92.0,Grand Coffee,2663 Mission St,Unclean unmaintained or improperly constructed toilet facilities,1,2,15,3,2019,7,8
92.0,Grand Coffee,2663 Mission St,Unclean unmaintained or improperly constructed toilet facilities,1,2,15,3,2019,7,8
78.0,DRAGON CITY BAKERY & CAFE,2367 MISSION St,Inadequate food safety knowledge or lack of certified food safety manager,2,2,5,3,2019,7,8
82.0,LEE'S DELI,170 Spear St,Improper cooling methods,3,10,4,3,2019,7,8
81.0,The AA Bakery & Cafe,1068 Stockton St,High risk vermin infestation,3,3,5,3,2019,7,8
78.0,DRAGON CITY BAKERY & CAFE,2367 MISSION St,Unapproved or unmaintained equipment or utensils,1,2,5,3,2019,7,8
75.0,KABABAYAN FAST FOOD,2706 MISSION St,Unclean nonfood contact surfaces,1,2,7,3,2019,7,8
87.0,PEKING WOK RESTAURANT,4920 03rd St,Unclean nonfood contact surfaces,1,9,4,3,2019,7,8
94.0,Chipotle Mexican Grill #0839,525 Market St 1st Floor,Low risk vermin infestation,1,10,2,3,2019,7,8
75.0,KABABAYAN FAST FOOD,2706 MISSION St,Insufficient hot water or running water,2,2,7,3,2019,7,8
87.0,PEKING WOK RESTAURANT,4920 03rd St,Improper reheating of food,3,9,4,3,2019,7,8
87.0,LOS PANCHOS,3206 MISSION St,Unclean or degraded floors walls or ceilings,1,2,4,3,2019,7,8
92.0,Grand Coffee,2663 Mission St,Inadequate food safety knowledge or lack of certified food safety manager,2,2,15,3,2019,7,8
92.0,Grand Coffee,2663 Mission St,Inadequate food safety knowledge or lack of certified food safety manager,2,2,15,3,2019,7,8
92.0,Grand Coffee,2663 Mission St,Inadequate food safety knowledge or lack of certified food safety manager,2,2,15,3,2019,7,8
92.0,Grand Coffee,2663 Mission St,Inadequate food safety knowledge or lack of certified food safety manager,2,2,15,3,2019,7,8
92.0,Grand Coffee,2663 Mission St,Inadequate food safety knowledge or lack of certified food safety manager,2,2,15,3,2019,7,8
94.0,DON CHUYS MEXI-MERCADO,544 EXCELSIOR Ave,Moderate risk vermin infestation,2,1,2,3,2019,7,8
92.0,AK SUBS,397 08th St,Improper or defective plumbing,1,10,3,3,2019,7,8
85.0,PASQUALES,700 IRVING St,Inadequately cleaned or sanitized food contact surfaces,2,11,4,3,2019,7,8
78.0,DRAGON CITY BAKERY & CAFE,2367 MISSION St,High risk vermin infestation,3,2,5,3,2019,7,8
82.0,LEE'S DELI,170 Spear St,Unapproved or unmaintained equipment or utensils,1,10,4,3,2019,7,8
83.0,Estrella Taqueria,533 Haight St,High risk food holding temperature,3,11,5,3,2019,7,8
87.0,LOS PANCHOS,3206 MISSION St,Food safety certificate or food handler card not available,1,2,4,3,2019,7,8
81.0,The AA Bakery & Cafe,1068 Stockton St,Inadequately cleaned or sanitized food contact surfaces,2,3,5,3,2019,7,8
83.0,Estrella Taqueria,533 Haight St,Unclean or degraded floors walls or ceilings,1,11,5,3,2019,7,8
83.0,Estrella Taqueria,533 Haight St,Low risk vermin infestation,1,11,5,3,2019,7,8
75.0,KABABAYAN FAST FOOD,2706 MISSION St,Improper or defective plumbing,1,2,7,3,2019,7,8
94.0,DON CHUYS MEXI-MERCADO,544 EXCELSIOR Ave,Unclean or degraded floors walls or ceilings,1,1,2,3,2019,7,8
93.0,Harrison Shell,1201 Harrison St,No hot water or running water,3,10,1,3,2019,7,8
83.0,Estrella Taqueria,533 Haight St,Improper thawing methods,2,11,5,3,2019,7,8
85.0,PASQUALES,700 IRVING St,Unclean hands or improper use of gloves,3,11,4,3,2019,7,8
82.0,LEE'S DELI,170 Spear St,High risk food holding temperature,3,10,4,3,2019,7,8
94.0,San Sun Restaurant,848 Washington St,Improper food storage,1,3,3,3,2019,7,8
88.0,Roxie Market & Deli,500 KIRKHAM St,Moderate risk food holding temperature,2,8,4,3,2019,7,8
88.0,Roxie Market & Deli,500 KIRKHAM St,Inadequate and inaccessible handwashing facilities,2,8,4,3,2019,7,8
94.0,San Sun Restaurant,848 Washington St,Unapproved or unmaintained equipment or utensils,1,3,3,3,2019,7,8
94.0,San Sun Restaurant,848 Washington St,Improper storage use or identification of toxic substances,1,3,3,3,2019,7,8
88.0,Roxie Market & Deli,500 KIRKHAM St,Wiping cloths not clean or properly stored or inadequate sanitizer,1,8,4,3,2019,7,8
88.0,Roxie Market & Deli,500 KIRKHAM St,Unclean or degraded floors walls or ceilings,1,8,4,3,2019,7,8
90.0,PACIFIC PLAZA CAFE,1340 FRANKLIN St,Improper food storage,1,6,4,3,2019,7,9
85.0,PIRRO'S PIZZERIA,2244 TARAVAL St,Improper food storage,1,7,4,3,2019,7,9
92.0,Luques Restaurant & Bar,433 Powell St,Food safety certificate or food handler card not available,1,3,3,3,2019,7,9
87.0,Miyako,1470 Fillmore St,High risk vermin infestation,3,11,3,3,2019,7,9
86.0,Marina Sushi Bar,2020 LOMBARD St,Low risk vermin infestation,1,6,5,3,2019,7,9
94.0,Yummy Bakery & Restaurant,607 Jackson St,Unclean or degraded floors walls or ceilings,1,3,3,3,2019,7,9
90.0,Golden Flower Vietnamese Restaurant,667 Jackson St,Unclean or degraded floors walls or ceilings,1,3,3,3,2019,7,9
88.0,HIDIVE,PIER 28 1/2,Inadequate and inaccessible handwashing facilities,2,10,4,3,2019,7,9
86.0,Marina Sushi Bar,2020 LOMBARD St,Improper thawing methods,2,6,5,3,2019,7,9
92.0,SURFSIDE LIQUORS,950 Innes Ave,Non service animal,1,9,3,3,2019,7,9
92.0,JAVA BEACH CAFE,1396 LA PLAYA St,No thermometers or uncalibrated thermometers,1,7,3,3,2019,7,9
85.0,PIRRO'S PIZZERIA,2244 TARAVAL St,Inadequately cleaned or sanitized food contact surfaces,2,7,4,3,2019,7,9
92.0,Luques Restaurant & Bar,433 Powell St,Unclean nonfood contact surfaces,1,3,3,3,2019,7,9
88.0,HIDIVE,PIER 28 1/2,Inadequately cleaned or sanitized food contact surfaces,2,10,4,3,2019,7,9
83.0,CATCH,2362 MARKET St,High risk vermin infestation,3,5,4,3,2019,7,9
83.0,CATCH,2362 MARKET St,Unapproved or unmaintained equipment or utensils,1,5,4,3,2019,7,9
88.0,Dragon River Restaurant,5045 GEARY Blvd,Inadequately cleaned or sanitized food contact surfaces,2,4,3,3,2019,7,9
90.0,Golden Flower Vietnamese Restaurant,667 Jackson St,Moderate risk food holding temperature,2,3,3,3,2019,7,9
86.0,Marina Sushi Bar,2020 LOMBARD St,Unapproved or unmaintained equipment or utensils,1,6,5,3,2019,7,9
94.0,Yummy Bakery & Restaurant,607 Jackson St,Improper food storage,1,3,3,3,2019,7,9
85.0,PIRRO'S PIZZERIA,2244 TARAVAL St,High risk vermin infestation,3,7,4,3,2019,7,9
92.0,SURFSIDE LIQUORS,950 Innes Ave,Unapproved or unmaintained equipment or utensils,1,9,3,3,2019,7,9
90.0,PACIFIC PLAZA CAFE,1340 FRANKLIN St,Wiping cloths not clean or properly stored or inadequate sanitizer,1,6,4,3,2019,7,9
86.0,Marina Sushi Bar,2020 LOMBARD St,Inadequately cleaned or sanitized food contact surfaces,2,6,5,3,2019,7,9
88.0,HIDIVE,PIER 28 1/2,Unclean nonfood contact surfaces,1,10,4,3,2019,7,9
92.0,Luques Restaurant & Bar,433 Powell St,Inadequate and inaccessible handwashing facilities,2,3,3,3,2019,7,9
83.0,CATCH,2362 MARKET St,Moderate risk food holding temperature,2,5,4,3,2019,7,9
92.0,JAVA BEACH CAFE,1396 LA PLAYA St,Unclean or degraded floors walls or ceilings,1,7,3,3,2019,7,9
87.0,Miyako,1470 Fillmore St,Permit license or inspection report not posted,1,11,3,3,2019,7,9
90.0,Golden Flower Vietnamese Restaurant,667 Jackson St,Foods not protected from contamination,2,3,3,3,2019,7,9
88.0,Dragon River Restaurant,5045 GEARY Blvd,Improper thawing methods,2,4,3,3,2019,7,9
90.0,PACIFIC PLAZA CAFE,1340 FRANKLIN St,Unapproved or unmaintained equipment or utensils,1,6,4,3,2019,7,9
83.0,CATCH,2362 MARKET St,Inadequate and inaccessible handwashing facilities,2,5,4,3,2019,7,9
90.0,PACIFIC PLAZA CAFE,1340 FRANKLIN St,Moderate risk food holding temperature,2,6,4,3,2019,7,9
92.0,SURFSIDE LIQUORS,950 Innes Ave,Inadequate and inaccessible handwashing facilities,2,9,3,3,2019,7,9
87.0,Miyako,1470 Fillmore St,Inadequately cleaned or sanitized food contact surfaces,2,11,3,3,2019,7,9
92.0,JAVA BEACH CAFE,1396 LA PLAYA St,Moderate risk food holding temperature,2,7,3,3,2019,7,9
88.0,Dragon River Restaurant,5045 GEARY Blvd,Foods not protected from contamination,2,4,3,3,2019,7,9
88.0,HIDIVE,PIER 28 1/2,Unclean or degraded floors walls or ceilings,1,10,4,3,2019,7,9
94.0,Yummy Bakery & Restaurant,607 Jackson St,Low risk vermin infestation,1,3,3,3,2019,7,9
86.0,Marina Sushi Bar,2020 LOMBARD St,Unclean nonfood contact surfaces,1,6,5,3,2019,7,9
85.0,PIRRO'S PIZZERIA,2244 TARAVAL St,Unclean or degraded floors walls or ceilings,1,7,4,3,2019,7,9
90.0,Ziggy's Burger & Grill,21 Drumm St,Unclean or degraded floors walls or ceilings,1,3,4,3,2019,7,9
90.0,Ziggy's Burger & Grill,21 Drumm St,Inadequate food safety knowledge or lack of certified food safety manager,2,3,4,3,2019,7,9
90.0,Ziggy's Burger & Grill,21 Drumm St,Unclean nonfood contact surfaces,1,3,4,3,2019,7,9
90.0,Ziggy's Burger & Grill,21 Drumm St,Improper or defective plumbing,1,3,4,3,2019,7,9
88.0,Bob's Donuts and Pastries,1621 Polk St,Moderate risk vermin infestation,2,3,4,3,2019,7,10
94.0,Benu,22 HAWTHORNE St,Inadequate and inaccessible handwashing facilities,2,10,2,3,2019,7,10
83.0,PORTICO,245 MARKET St #3,Moderate risk food holding temperature,2,10,4,3,2019,7,10
90.0,BURGERMEISTER,86 Carl St,Foods not protected from contamination,2,11,3,3,2019,7,10
70.0,NEW EMMY'S RESTAURANT,1923 OCEAN Ave,Improper or defective plumbing,1,8,8,3,2019,7,10
70.0,NEW EMMY'S RESTAURANT,1923 OCEAN Ave,Unclean hands or improper use of gloves,3,8,8,3,2019,7,10
87.0,Johnny Foley's Irish House,243 O'Farrell St,Improper cooling methods,3,3,3,3,2019,7,10
83.0,PORTICO,245 MARKET St #3,Improper cooling methods,3,10,4,3,2019,7,10
90.0,BURGERMEISTER,86 Carl St,Unclean or degraded floors walls or ceilings,1,11,3,3,2019,7,10
92.0,RUSSIAN CENTER SOCIAL HALL,2450 SUTTER St,Moderate risk vermin infestation,2,6,2,3,2019,7,10
88.0,Bob's Donuts and Pastries,1621 Polk St,Inadequate and inaccessible handwashing facilities,2,3,4,3,2019,7,10
87.0,Johnny Foley's Irish House,243 O'Farrell St,Moderate risk food holding temperature,2,3,3,3,2019,7,10
70.0,NEW EMMY'S RESTAURANT,1923 OCEAN Ave,Unclean or degraded floors walls or ceilings,1,8,8,3,2019,7,10
87.0,OZUMO,161 STEUART St,High risk food holding temperature,3,10,3,3,2019,7,10
70.0,NEW EMMY'S RESTAURANT,1923 OCEAN Ave,Unclean or unsanitary food contact surfaces,3,8,8,3,2019,7,10
88.0,Bob's Donuts and Pastries,1621 Polk St,Food safety certificate or food handler card not available,1,3,4,3,2019,7,10
92.0,RUSSIAN CENTER SOCIAL HALL,2450 SUTTER St,Insufficient hot water or running water,2,6,2,3,2019,7,10
94.0,Institute on Aging,3575 Geary Blvd,Moderate risk vermin infestation,2,4,2,3,2019,7,10
87.0,Johnny Foley's Irish House,243 O'Farrell St,Improper food storage,1,3,3,3,2019,7,10
70.0,NEW EMMY'S RESTAURANT,1923 OCEAN Ave,Foods not protected from contamination,2,8,8,3,2019,7,10
83.0,PORTICO,245 MARKET St #3,Permit license or inspection report not posted,1,10,4,3,2019,7,10
87.0,OZUMO,161 STEUART St,Foods not protected from contamination,2,10,3,3,2019,7,10
70.0,NEW EMMY'S RESTAURANT,1923 OCEAN Ave,Improper food storage,1,8,8,3,2019,7,10
88.0,Bob's Donuts and Pastries,1621 Polk St,Unclean or degraded floors walls or ceilings,1,3,4,3,2019,7,10
87.0,OZUMO,161 STEUART St,Unapproved or unmaintained equipment or utensils,1,10,3,3,2019,7,10
96.0,CHEVRON #1768,3675 GEARY Blvd,Inadequate and inaccessible handwashing facilities,2,4,1,3,2019,7,10
94.0,Benu,22 HAWTHORNE St,Wiping cloths not clean or properly stored or inadequate sanitizer,1,10,2,3,2019,7,10
90.0,BURGERMEISTER,86 Carl St,Moderate risk food holding temperature,2,11,3,3,2019,7,10
70.0,NEW EMMY'S RESTAURANT,1923 OCEAN Ave,Inadequate and inaccessible handwashing facilities,2,8,8,3,2019,7,10
70.0,NEW EMMY'S RESTAURANT,1923 OCEAN Ave,No thermometers or uncalibrated thermometers,1,8,8,3,2019,7,10
96.0,REVERIE COFFEE CAFE,848 COLE St,Moderate risk vermin infestation,2,11,1,3,2019,7,10
94.0,Institute on Aging,3575 Geary Blvd,Food safety certificate or food handler card not available,1,4,2,3,2019,7,10
83.0,PORTICO,245 MARKET St #3,Foods not protected from contamination,2,10,4,3,2019,7,10
88.0,Dunya Bistro,1609 Polk St,Moderate risk food holding temperature,2,3,4,3,2019,7,10
76.0,Martita's Restaurant,1401 EGBERT Ave,Improper cooling methods,3,9,5,3,2019,7,10
88.0,Dunya Bistro,1609 Polk St,Inadequately cleaned or sanitized food contact surfaces,2,3,4,3,2019,7,10
86.0,"Asana, Inc.",1550 Bryant St Suite 150,High risk food holding temperature,3,2,2,3,2019,7,10
81.0,Empero Taste,4052 BALBOA St,Foods not protected from contamination,2,4,4,3,2019,7,10
76.0,Martita's Restaurant,1401 EGBERT Ave,Unapproved or unmaintained equipment or utensils,1,9,5,3,2019,7,10
88.0,Dunya Bistro,1609 Polk St,Unclean nonfood contact surfaces,1,3,4,3,2019,7,10
86.0,"Asana, Inc.",1550 Bryant St Suite 150,Improper cooling methods,3,2,2,3,2019,7,10
81.0,Empero Taste,4052 BALBOA St,Inadequate and inaccessible handwashing facilities,2,4,4,3,2019,7,10
81.0,Empero Taste,4052 BALBOA St,Contaminated or adulterated food,3,4,4,3,2019,7,10
76.0,Martita's Restaurant,1401 EGBERT Ave,Moderate risk vermin infestation,2,9,5,3,2019,7,10
76.0,Martita's Restaurant,1401 EGBERT Ave,Inadequately cleaned or sanitized food contact surfaces,2,9,5,3,2019,7,10
88.0,Dunya Bistro,1609 Polk St,Unclean or degraded floors walls or ceilings,1,3,4,3,2019,7,10
76.0,Martita's Restaurant,1401 EGBERT Ave,High risk food holding temperature,3,9,5,3,2019,7,10
81.0,Empero Taste,4052 BALBOA St,Moderate risk food holding temperature,2,4,4,3,2019,7,10
100.0,The Morning Fix,1008 Bush St,NA,0,3,1,3,2019,7,10
92.0,QUEEN ANNE HOTEL,1590 SUTTER St,Moderate risk vermin infestation,2,11,2,3,2019,7,11
72.0,PALOMINO EURO-BISTRO,345 SPEAR St,High risk vermin infestation,3,10,6,3,2019,7,11
72.0,PALOMINO EURO-BISTRO,345 SPEAR St,Foods not protected from contamination,2,10,6,3,2019,7,11
85.0,Good Frikin Chicken,10 29th St,Low risk vermin infestation,1,2,4,3,2019,7,11
93.0,"On Lok Senior Health Services, Inc",1333 Bush St,Unclean or unsanitary food contact surfaces,3,3,1,3,2019,7,11
90.0,El Mansour,3121 clement st,Inadequately cleaned or sanitized food contact surfaces,2,4,3,3,2019,7,11
92.0,Santino's Vino,2101 Fillmore St,Improper storage of equipment utensils or linens,1,6,3,3,2019,7,11
85.0,Good Frikin Chicken,10 29th St,Inadequate and inaccessible handwashing facilities,2,2,4,3,2019,7,11
94.0,Gelato Classico Italian Ice,576 Union St,Insufficient hot water or running water,2,3,2,3,2019,7,11
72.0,PALOMINO EURO-BISTRO,345 SPEAR St,Unclean or degraded floors walls or ceilings,1,10,6,3,2019,7,11
92.0,Santino's Vino,2101 Fillmore St,Foods not protected from contamination,2,6,3,3,2019,7,11
89.0,Salt House,2 Shaw Alley,Unclean or degraded floors walls or ceilings,1,10,3,3,2019,7,11
90.0,El Mansour,3121 clement st,Improper thawing methods,2,4,3,3,2019,7,11
91.0,"Caramba, Inc",78 02nd St,Unapproved or unmaintained equipment or utensils,1,10,2,3,2019,7,11
89.0,Salt House,2 Shaw Alley,Improper or defective plumbing,1,10,3,3,2019,7,11
85.0,Good Frikin Chicken,10 29th St,High risk food holding temperature,3,2,4,3,2019,7,11
94.0,Gelato Classico Italian Ice,576 Union St,Improper storage use or identification of toxic substances,1,3,2,3,2019,7,11
96.0,Freddie's Sandwiches,300 Francisco St,Improper thawing methods,2,3,1,3,2019,7,11
91.0,"Caramba, Inc",78 02nd St,High risk food holding temperature,3,10,2,3,2019,7,11
72.0,PALOMINO EURO-BISTRO,345 SPEAR St,Improper thawing methods,2,10,6,3,2019,7,11
72.0,PALOMINO EURO-BISTRO,345 SPEAR St,Moderate risk food holding temperature,2,10,6,3,2019,7,11
89.0,Salt House,2 Shaw Alley,High risk food holding temperature,3,10,3,3,2019,7,11
90.0,El Mansour,3121 clement st,Unclean or degraded floors walls or ceilings,1,4,3,3,2019,7,11
92.0,QUEEN ANNE HOTEL,1590 SUTTER St,Foods not protected from contamination,2,11,2,3,2019,7,11
72.0,PALOMINO EURO-BISTRO,345 SPEAR St,Improper cooling methods,3,10,6,3,2019,7,11
92.0,Santino's Vino,2101 Fillmore St,Wiping cloths not clean or properly stored or inadequate sanitizer,1,6,3,3,2019,7,11
85.0,Good Frikin Chicken,10 29th St,Wiping cloths not clean or properly stored or inadequate sanitizer,1,2,4,3,2019,7,11
90.0,Piccino,1001 Minnesota St,Noncompliance with HAACP plan or variance,2,9,3,3,2019,7,11
90.0,Piccino,1001 Minnesota St,Unapproved or unmaintained equipment or utensils,1,9,3,3,2019,7,11
90.0,Piccino,1001 Minnesota St,Moderate risk food holding temperature,2,9,3,3,2019,7,11
100.0,Little Vine,1541 Grant Ave,NA,0,3,1,3,2019,7,11
78.0,Caffe Bianco,39 Sutter St,Inadequate food safety knowledge or lack of certified food safety manager,2,3,5,3,2019,7,12
94.0,T C PASTRY,2222 IRVING St,Improper storage use or identification of toxic substances,1,7,3,3,2019,7,12
88.0,Ramzi's Cafe,0044 Montgomery St  LL1,Inadequate food safety knowledge or lack of certified food safety manager,2,3,3,3,2019,7,12
92.0,Annie's Hot Dogs & Pretzels,"Golden Gate Park, JFK Dr.@Conservatory of Flowers",Moderate risk food holding temperature,2,10,3,3,2019,7,12
94.0,T C PASTRY,2222 IRVING St,Unclean or degraded floors walls or ceilings,1,7,3,3,2019,7,12
78.0,Caffe Bianco,39 Sutter St,Unclean or degraded floors walls or ceilings,1,3,5,3,2019,7,12
92.0,Annie's Hot Dogs & Pretzels,"Golden Gate Park, JFK Dr.@Conservatory of Flowers",Permit license or inspection report not posted,1,10,3,3,2019,7,12
94.0,T C PASTRY,2222 IRVING St,Food safety certificate or food handler card not available,1,7,3,3,2019,7,12
98.0,Yo Yo's,318 Pacific Ave,Improper storage of equipment utensils or linens,1,3,1,3,2019,7,12
88.0,Ramzi's Cafe,0044 Montgomery St  LL1,Insufficient hot water or running water,2,3,3,3,2019,7,12
78.0,Caffe Bianco,39 Sutter St,Unclean or unsanitary food contact surfaces,3,3,5,3,2019,7,12
78.0,Caffe Bianco,39 Sutter St,High risk food holding temperature,3,3,5,3,2019,7,12
98.0,Starbucks Coffee,701 Battery St,Permit license or inspection report not posted,1,3,1,3,2019,7,12
92.0,Annie's Hot Dogs & Pretzels,"Golden Gate Park, JFK Dr.@Conservatory of Flowers",Food safety certificate or food handler card not available,1,10,3,3,2019,7,12
78.0,Caffe Bianco,39 Sutter St,Unapproved or unmaintained equipment or utensils,1,3,5,3,2019,7,12
88.0,Ramzi's Cafe,0044 Montgomery St  LL1,Moderate risk food holding temperature,2,3,3,3,2019,7,12
100.0,OMI Senior Center,65 Beverly St,NA,0,1,1,3,2019,7,12
96.0,Niji Japanese Grille,50 Post St Space #53,Unclean nonfood contact surfaces,1,3,2,3,2019,7,15
85.0,Napoleon Super Bakery Corp,1049 Stockton St,Inadequate and inaccessible handwashing facilities,2,3,4,3,2019,7,15
74.0,Taqueria Castillo B,86 McAllister St,Inadequate and inaccessible handwashing facilities,2,10,6,3,2019,7,15
87.0,ERIC'S RESTAURANT,1500 Church St,Foods not protected from contamination,2,5,3,3,2019,7,15
74.0,Taqueria Castillo B,86 McAllister St,Contaminated or adulterated food,3,10,6,3,2019,7,15
85.0,Napoleon Super Bakery Corp,1049 Stockton St,High risk vermin infestation,3,3,4,3,2019,7,15
91.0,Green Papaya Restaurant,825 MISSION St,Unclean or degraded floors walls or ceilings,1,10,2,3,2019,7,15
92.0,Sun Rise Deli,54 02nd St,Unapproved or unmaintained equipment or utensils,1,10,3,3,2019,7,15
84.0,CAFE MUMS,1800 SUTTER St,Inadequate and inaccessible handwashing facilities,2,11,4,3,2019,7,15
87.0,ERIC'S RESTAURANT,1500 Church St,Unclean or unsanitary food contact surfaces,3,5,3,3,2019,7,15
96.0,Holiday Inn - Golden Gateway,1500 Van Ness Ave,Moderate risk food holding temperature,2,3,1,3,2019,7,15
74.0,Taqueria Castillo B,86 McAllister St,Food safety certificate or food handler card not available,1,10,6,3,2019,7,15
98.0,Tan's Cafe III,155 Francisco St,Improper storage of equipment utensils or linens,1,3,1,3,2019,7,15
82.0,YANK SING,49 STEVENSON St,High risk food holding temperature,3,10,3,3,2019,7,15
92.0,Sun Rise Deli,54 02nd St,Inadequately cleaned or sanitized food contact surfaces,2,10,3,3,2019,7,15
96.0,Niji Japanese Grille,50 Post St Space #53,Improper food storage,1,3,2,3,2019,7,15
84.0,CAFE MUMS,1800 SUTTER St,Inadequately cleaned or sanitized food contact surfaces,2,11,4,3,2019,7,15
84.0,CAFE MUMS,1800 SUTTER St,Moderate risk vermin infestation,2,11,4,3,2019,7,15
84.0,CAFE MUMS,1800 SUTTER St,Foods not protected from contamination,2,11,4,3,2019,7,15
87.0,ERIC'S RESTAURANT,1500 Church St,No thermometers or uncalibrated thermometers,1,5,3,3,2019,7,15
82.0,YANK SING,49 STEVENSON St,Foods not protected from contamination,2,10,3,3,2019,7,15
91.0,Green Papaya Restaurant,825 MISSION St,High risk food holding temperature,3,10,2,3,2019,7,15
74.0,Taqueria Castillo B,86 McAllister St,No thermometers or uncalibrated thermometers,1,10,6,3,2019,7,15
82.0,YANK SING,49 STEVENSON St,Improper cooling methods,3,10,3,3,2019,7,15
92.0,Sun Rise Deli,54 02nd St,Unclean nonfood contact surfaces,1,10,3,3,2019,7,15
74.0,Taqueria Castillo B,86 McAllister St,High risk food holding temperature,3,10,6,3,2019,7,15
85.0,Napoleon Super Bakery Corp,1049 Stockton St,Wiping cloths not clean or properly stored or inadequate sanitizer,1,3,4,3,2019,7,15
74.0,Taqueria Castillo B,86 McAllister St,Insufficient hot water or running water,2,10,6,3,2019,7,15
85.0,Napoleon Super Bakery Corp,1049 Stockton St,Unclean nonfood contact surfaces,1,3,4,3,2019,7,15
85.0,Newtree,16 Jessie St,Permit license or inspection report not posted,1,10,4,3,2019,7,15
85.0,Newtree,16 Jessie St,High risk food holding temperature,3,10,4,3,2019,7,15
85.0,Newtree,16 Jessie St,Foods not protected from contamination,2,10,4,3,2019,7,15
85.0,Newtree,16 Jessie St,Food safety certificate or food handler card not available,1,10,4,3,2019,7,15
100.0,Discount Grocers,1203 Polk St,NA,0,3,1,3,2019,7,15
69.0,S & T Hong Kong Seafood,2588 Noriega St,Unclean or degraded floors walls or ceilings,1,7,7,3,2019,7,16
82.0,Harvest Urban Market,191 08th St,High risk vermin infestation,3,10,4,3,2019,7,16
87.0,BLUE DANUBE COFFEE HOUSE,306 CLEMENT St,Unsanitary employee garments hair or nails,1,4,4,3,2019,7,16
68.0,Imperial Palace,818 Washington St,High risk vermin infestation,3,3,8,3,2019,7,16
83.0,Yucatasia Deli & Sandwich,2164 Mission St,Inadequately cleaned or sanitized food contact surfaces,2,2,4,3,2019,7,16
96.0,Fondue Cowboy,1052 FOLSOM St,Moderate risk food holding temperature,2,10,1,3,2019,7,16
85.0,SUBWAY #30196,700 04th St,Permit license or inspection report not posted,1,10,6,3,2019,7,16
94.0,STARBUCKS,201 SPEAR St,Unclean or degraded floors walls or ceilings,1,10,2,3,2019,7,16
68.0,Imperial Palace,818 Washington St,Improper thawing methods,2,3,8,3,2019,7,16
86.0,ORIENTAL SEAFOOD RESTAURANT,2520 NORIEGA St,Unclean or degraded floors walls or ceilings,1,7,5,3,2019,7,16
69.0,S & T Hong Kong Seafood,2588 Noriega St,High risk food holding temperature,3,7,7,3,2019,7,16
68.0,Imperial Palace,818 Washington St,Unapproved or unmaintained equipment or utensils,1,3,8,3,2019,7,16
69.0,S & T Hong Kong Seafood,2588 Noriega St,Wiping cloths not clean or properly stored or inadequate sanitizer,1,7,7,3,2019,7,16
82.0,Harvest Urban Market,191 08th St,Unapproved or unmaintained equipment or utensils,1,10,4,3,2019,7,16
92.0,Nick's Lighthouse,Foot of Taylor St 5,Foods not protected from contamination,2,3,2,3,2019,7,16
87.0,BLUE DANUBE COFFEE HOUSE,306 CLEMENT St,Inadequate ventilation or lighting,1,4,4,3,2019,7,16
69.0,S & T Hong Kong Seafood,2588 Noriega St,Improper food storage,1,7,7,3,2019,7,16
82.0,Harvest Urban Market,191 08th St,Unclean or degraded floors walls or ceilings,1,10,4,3,2019,7,16
86.0,ORIENTAL SEAFOOD RESTAURANT,2520 NORIEGA St,Moderate risk vermin infestation,2,7,5,3,2019,7,16
68.0,Imperial Palace,818 Washington St,Moderate risk food holding temperature,2,3,8,3,2019,7,16
85.0,SUBWAY #30196,700 04th St,Unapproved or unmaintained equipment or utensils,1,10,6,3,2019,7,16
68.0,Imperial Palace,818 Washington St,Unclean nonfood contact surfaces,1,3,8,3,2019,7,16
83.0,Yucatasia Deli & Sandwich,2164 Mission St,Improper cooling methods,3,2,4,3,2019,7,16
92.0,Nick's Lighthouse,Foot of Taylor St 5,Moderate risk food holding temperature,2,3,2,3,2019,7,16
94.0,Crab House,Pier 39  Space 203C,Improper storage of equipment utensils or linens,1,3,2,3,2019,7,16
69.0,S & T Hong Kong Seafood,2588 Noriega St,Contaminated or adulterated food,3,7,7,3,2019,7,16
86.0,ORIENTAL SEAFOOD RESTAURANT,2520 NORIEGA St,Inadequate and inaccessible handwashing facilities,2,7,5,3,2019,7,16
86.0,ORIENTAL SEAFOOD RESTAURANT,2520 NORIEGA St,Improper food storage,1,7,5,3,2019,7,16
87.0,BLUE DANUBE COFFEE HOUSE,306 CLEMENT St,Unapproved or unmaintained equipment or utensils,1,4,4,3,2019,7,16
85.0,SUBWAY #30196,700 04th St,Moderate risk food holding temperature,2,10,6,3,2019,7,16
68.0,Imperial Palace,818 Washington St,Inadequately cleaned or sanitized food contact surfaces,2,3,8,3,2019,7,16
83.0,Yucatasia Deli & Sandwich,2164 Mission St,Foods not protected from contamination,2,2,4,3,2019,7,16
69.0,S & T Hong Kong Seafood,2588 Noriega St,Inadequate and inaccessible handwashing facilities,2,7,7,3,2019,7,16
94.0,Crab House,Pier 39  Space 203C,Moderate risk vermin infestation,2,3,2,3,2019,7,16
82.0,Harvest Urban Market,191 08th St,High risk food holding temperature,3,10,4,3,2019,7,16
87.0,BLUE DANUBE COFFEE HOUSE,306 CLEMENT St,Unclean or unsanitary food contact surfaces,3,4,4,3,2019,7,16
98.0,The Sycamore,2140 MISSION St,Unclean nonfood contact surfaces,1,2,1,3,2019,7,16
83.0,Yucatasia Deli & Sandwich,2164 Mission St,Unapproved or unmaintained equipment or utensils,1,2,4,3,2019,7,16
85.0,SUBWAY #30196,700 04th St,No hot water or running water,3,10,6,3,2019,7,16
86.0,ORIENTAL SEAFOOD RESTAURANT,2520 NORIEGA St,Wiping cloths not clean or properly stored or inadequate sanitizer,1,7,5,3,2019,7,16
68.0,Imperial Palace,818 Washington St,Improper cooling methods,3,3,8,3,2019,7,16
68.0,Imperial Palace,818 Washington St,Improper storage use or identification of toxic substances,1,3,8,3,2019,7,16
69.0,S & T Hong Kong Seafood,2588 Noriega St,High risk vermin infestation,3,7,7,3,2019,7,16
94.0,STARBUCKS,201 SPEAR St,Inadequate and inaccessible handwashing facilities,2,10,2,3,2019,7,16
98.0,Philz Coffee,4298 24th St,Unclean or degraded floors walls or ceilings,1,5,1,3,2019,7,16
100.0,Self-Help For The Elderly - Lady Shaw Senior Center,1483 Mason St,NA,0,3,1,3,2019,7,16
100.0,Boudin Bakery & Cafe,160 Jefferson St 1st Floor,NA,0,3,1,3,2019,7,16
100.0,STARBUCKS COFFEE,3251 20th Ave,NA,0,8,20,3,2019,7,16
100.0,STARBUCKS COFFEE,3251 20th Ave,NA,0,8,20,3,2019,7,16
100.0,STARBUCKS COFFEE,3251 20th Ave,NA,0,8,20,3,2019,7,16
100.0,STARBUCKS COFFEE,3251 20th Ave,NA,0,8,20,3,2019,7,16
100.0,STARBUCKS COFFEE,3251 20th Ave,NA,0,8,20,3,2019,7,16
100.0,STARBUCKS COFFEE,3251 20th Ave,NA,0,8,20,3,2019,7,16
100.0,STARBUCKS COFFEE,3251 20th Ave,NA,0,8,20,3,2019,7,16
100.0,STARBUCKS COFFEE,3251 20th Ave,NA,0,8,20,3,2019,7,16
100.0,STARBUCKS COFFEE,3251 20th Ave,NA,0,8,20,3,2019,7,16
100.0,STARBUCKS COFFEE,3251 20th Ave,NA,0,8,20,3,2019,7,16
100.0,STARBUCKS COFFEE,3251 20th Ave,NA,0,8,20,3,2019,7,16
100.0,STARBUCKS COFFEE,3251 20th Ave,NA,0,8,20,3,2019,7,16
100.0,STARBUCKS COFFEE,3251 20th Ave,NA,0,8,20,3,2019,7,16
100.0,STARBUCKS COFFEE,3251 20th Ave,NA,0,8,20,3,2019,7,16
100.0,STARBUCKS COFFEE,3251 20th Ave,NA,0,8,20,3,2019,7,16
100.0,STARBUCKS COFFEE,3251 20th Ave,NA,0,8,20,3,2019,7,16
100.0,STARBUCKS COFFEE,3251 20th Ave,NA,0,8,20,3,2019,7,16
100.0,STARBUCKS COFFEE,3251 20th Ave,NA,0,8,20,3,2019,7,16
100.0,STARBUCKS COFFEE,3251 20th Ave,NA,0,8,20,3,2019,7,16
100.0,STARBUCKS COFFEE,3251 20th Ave,NA,0,8,20,3,2019,7,16
96.0,Knights Catering,255 MENDELL STREET,Improper storage of equipment utensils or linens,1,9,2,3,2019,7,17
81.0,SF BAGEL CO. (KATZ BAGELS),3147 16th St,Unclean nonfood contact surfaces,1,5,6,3,2019,7,17
81.0,SUBWAY SANDWICHES & SALADS,1500 FILLMORE St,Unclean or unsanitary food contact surfaces,3,11,4,3,2019,7,17
96.0,Presentation Adult Day Health,301 Ellis St,Inadequate food safety knowledge or lack of certified food safety manager,2,10,1,3,2019,7,17
86.0,Tak Kee Lee Restaurant,2435 Noriega St,Moderate risk food holding temperature,2,7,5,3,2019,7,17
78.0,A-1 BAKERY,1727 OCEAN Ave,Unclean or degraded floors walls or ceilings,1,8,6,3,2019,7,17
87.0,Donut Time,2401 Noriega St,Unclean or degraded floors walls or ceilings,1,7,3,3,2019,7,17
85.0,Burger Bar SF,251 Geary St 6th Floor,Unclean nonfood contact surfaces,1,3,4,3,2019,7,17
94.0,"MING TAI WUN TUN NOODLE, INC.",2455 NORIEGA St,Foods not protected from contamination,2,7,2,3,2019,7,17
83.0,KENMORE RESIDENCE CLUB,1570 SUTTER St,Foods not protected from contamination,2,11,5,3,2019,7,17
94.0,Subway on Jefferson,333 Jefferson St #125,Unclean or degraded floors walls or ceilings,1,3,3,3,2019,7,17
81.0,SF BAGEL CO. (KATZ BAGELS),3147 16th St,Permit license or inspection report not posted,1,5,6,3,2019,7,17
92.0,Canon Kip Community House Senior Center,705 Natoma St,Improper or defective plumbing,1,10,3,3,2019,7,17
81.0,SF BAGEL CO. (KATZ BAGELS),3147 16th St,Unclean or degraded floors walls or ceilings,1,5,6,3,2019,7,17
85.0,Burger Bar SF,251 Geary St 6th Floor,Inadequate and inaccessible handwashing facilities,2,3,4,3,2019,7,17
96.0,Academy of Arts Univ- I House Cafe,860 Sutter St,Low risk vermin infestation,1,3,2,3,2019,7,17
81.0,SF BAGEL CO. (KATZ BAGELS),3147 16th St,High risk vermin infestation,3,5,6,3,2019,7,17
81.0,SUBWAY SANDWICHES & SALADS,1500 FILLMORE St,Insufficient hot water or running water,2,11,4,3,2019,7,17
78.0,A-1 BAKERY,1727 OCEAN Ave,Unapproved or unmaintained equipment or utensils,1,8,6,3,2019,7,17
90.0,Mi Ranchito Produce,2169 Mission St,Moderate risk vermin infestation,2,2,3,3,2019,7,17
87.0,Donut Time,2401 Noriega St,High risk food holding temperature,3,7,3,3,2019,7,17
83.0,KENMORE RESIDENCE CLUB,1570 SUTTER St,Unclean or degraded floors walls or ceilings,1,11,5,3,2019,7,17
86.0,Tak Kee Lee Restaurant,2435 Noriega St,Inadequate and inaccessible handwashing facilities,2,7,5,3,2019,7,17
94.0,"MING TAI WUN TUN NOODLE, INC.",2455 NORIEGA St,Unclean or degraded floors walls or ceilings,1,7,2,3,2019,7,17
92.0,Canon Kip Community House Senior Center,705 Natoma St,Moderate risk vermin infestation,2,10,3,3,2019,7,17
86.0,Tak Kee Lee Restaurant,2435 Noriega St,Unclean or degraded floors walls or ceilings,1,7,5,3,2019,7,17
86.0,Tak Kee Lee Restaurant,2435 Noriega St,Wiping cloths not clean or properly stored or inadequate sanitizer,1,7,5,3,2019,7,17
78.0,A-1 BAKERY,1727 OCEAN Ave,No thermometers or uncalibrated thermometers,1,8,6,3,2019,7,17
85.0,Burger Bar SF,251 Geary St 6th Floor,High risk vermin infestation,3,3,4,3,2019,7,17
78.0,A-1 BAKERY,1727 OCEAN Ave,Unclean or unsanitary food contact surfaces,3,8,6,3,2019,7,17
89.0,The Monk's Kettle,3141 16TH St,High risk food holding temperature,3,5,2,3,2019,7,17
81.0,SF BAGEL CO. (KATZ BAGELS),3147 16th St,Food safety certificate or food handler card not available,1,5,6,3,2019,7,17
83.0,KENMORE RESIDENCE CLUB,1570 SUTTER St,Unapproved or unmaintained equipment or utensils,1,11,5,3,2019,7,17
96.0,Academy of Arts Univ- I House Cafe,860 Sutter St,Unapproved or unmaintained equipment or utensils,1,3,2,3,2019,7,17
94.0,Subway on Jefferson,333 Jefferson St #125,Improper or defective plumbing,1,3,3,3,2019,7,17
90.0,Mi Ranchito Produce,2169 Mission St,Insufficient hot water or running water,2,2,3,3,2019,7,17
87.0,Donut Time,2401 Noriega St,Inadequately cleaned or sanitized food contact surfaces,2,7,3,3,2019,7,17
81.0,SUBWAY SANDWICHES & SALADS,1500 FILLMORE St,Moderate risk vermin infestation,2,11,4,3,2019,7,17
83.0,KENMORE RESIDENCE CLUB,1570 SUTTER St,Food safety certificate or food handler card not available,1,11,5,3,2019,7,17
89.0,The Monk's Kettle,3141 16TH St,Moderate risk vermin infestation,2,5,2,3,2019,7,17
96.0,NABILA'S HAYES VALLEY HEALTH FOOD,559 HAYES St,Foods not protected from contamination,2,11,1,3,2019,7,17
86.0,Tak Kee Lee Restaurant,2435 Noriega St,Improper food storage,1,7,5,3,2019,7,17
81.0,SUBWAY SANDWICHES & SALADS,1500 FILLMORE St,Moderate risk food holding temperature,2,11,4,3,2019,7,17
92.0,Canon Kip Community House Senior Center,705 Natoma St,Unclean or degraded floors walls or ceilings,1,10,3,3,2019,7,17
78.0,A-1 BAKERY,1727 OCEAN Ave,Inadequate or unsanitary refuse containers or area or no garbage service,1,8,6,3,2019,7,17
85.0,Burger Bar SF,251 Geary St 6th Floor,Unapproved or unmaintained equipment or utensils,1,3,4,3,2019,7,17
81.0,SF BAGEL CO. (KATZ BAGELS),3147 16th St,Foods not protected from contamination,2,5,6,3,2019,7,17
96.0,Knights Catering,255 MENDELL STREET,Unclean or degraded floors walls or ceilings,1,9,2,3,2019,7,17
83.0,KENMORE RESIDENCE CLUB,1570 SUTTER St,High risk vermin infestation,3,11,5,3,2019,7,17
90.0,Mi Ranchito Produce,2169 Mission St,Unclean nonfood contact surfaces,1,2,3,3,2019,7,17
78.0,A-1 BAKERY,1727 OCEAN Ave,Improper cooling methods,3,8,6,3,2019,7,17
94.0,Subway on Jefferson,333 Jefferson St #125,Permit license or inspection report not posted,1,3,3,3,2019,7,17
96.0,Al's Super Cafe,3286 MISSION St,Moderate risk food holding temperature,2,2,1,3,2019,7,17
90.0,UNIVERSAL CAFE,2814 19th St,Improper thawing methods,2,2,3,3,2019,7,18
87.0,WARAKABUNE RESTAURANT,307 CHURCH St,Unapproved or unmaintained equipment or utensils,1,5,3,3,2019,7,18
87.0,WARAKABUNE RESTAURANT,307 CHURCH St,High risk food holding temperature,3,5,3,3,2019,7,18
94.0,What's Up Dog! Folsom Street,699 Folsom St,Inadequately cleaned or sanitized food contact surfaces,2,10,2,3,2019,7,18
79.0,MICADO  RESTAURANT,2126 IRVING St,Unclean or degraded floors walls or ceilings,1,7,6,3,2019,7,18
92.0,7-Eleven Store 2231-33429A,43 Drumm St,Unclean unmaintained or improperly constructed toilet facilities,1,3,4,3,2019,7,18
90.0,UNIVERSAL CAFE,2814 19th St,Moderate risk food holding temperature,2,2,3,3,2019,7,18
88.0,District,216 Townsend St,Foods not protected from contamination,2,10,4,3,2019,7,18
82.0,The White Horse,637 Sutter St,Unclean or unsanitary food contact surfaces,3,3,3,3,2019,7,18
94.0,What's Up Dog! Folsom Street,699 Folsom St,Unclean or degraded floors walls or ceilings,1,10,2,3,2019,7,18
92.0,7-Eleven Store 2231-33429A,43 Drumm St,Improper or defective plumbing,1,3,4,3,2019,7,18
88.0,District,216 Townsend St,Wiping cloths not clean or properly stored or inadequate sanitizer,1,10,4,3,2019,7,18
92.0,7-Eleven Store 2231-33429A,43 Drumm St,Low risk vermin infestation,1,3,4,3,2019,7,18
79.0,MICADO  RESTAURANT,2126 IRVING St,Wiping cloths not clean or properly stored or inadequate sanitizer,1,7,6,3,2019,7,18
79.0,MICADO  RESTAURANT,2126 IRVING St,High risk vermin infestation,3,7,6,3,2019,7,18
88.0,District,216 Townsend St,Moderate risk vermin infestation,2,10,4,3,2019,7,18
82.0,The White Horse,637 Sutter St,Inadequate and inaccessible handwashing facilities,2,3,3,3,2019,7,18
79.0,MICADO  RESTAURANT,2126 IRVING St,Unclean nonfood contact surfaces,1,7,6,3,2019,7,18
92.0,7-Eleven Store 2231-33429A,43 Drumm St,Inadequate warewashing facilities or equipment,1,3,4,3,2019,7,18
82.0,The White Horse,637 Sutter St,High risk food holding temperature,3,3,3,3,2019,7,18
90.0,UNIVERSAL CAFE,2814 19th St,Inadequate dressing rooms or improper storage of personal items,1,2,3,3,2019,7,18
79.0,MICADO  RESTAURANT,2126 IRVING St,Improper thawing methods,2,7,6,3,2019,7,18
88.0,District,216 Townsend St,Unapproved or unmaintained equipment or utensils,1,10,4,3,2019,7,18
87.0,WARAKABUNE RESTAURANT,307 CHURCH St,Foods not protected from contamination,2,5,3,3,2019,7,18
79.0,MICADO  RESTAURANT,2126 IRVING St,Foods not protected from contamination,2,7,6,3,2019,7,18
100.0,MITCHELLS ICE CREAM,688 SAN JOSE Ave,NA,0,5,1,3,2019,7,18
94.0,Stella Pastry,446 Columbus Ave,Inadequately cleaned or sanitized food contact surfaces,2,3,2,3,2019,7,19
91.0,Slider Diner,1202 Sutter St,High risk food holding temperature,3,3,2,3,2019,7,19
88.0,Pazzia Restaurant,337 03rd St,Foods not protected from contamination,2,10,3,3,2019,7,19
89.0,Herlen Place,334 Grant Ave,High risk food holding temperature,3,3,2,3,2019,7,19
89.0,Herlen Place,334 Grant Ave,Inadequately cleaned or sanitized food contact surfaces,2,3,2,3,2019,7,19
88.0,Pazzia Restaurant,337 03rd St,Inadequate and inaccessible handwashing facilities,2,10,3,3,2019,7,19
94.0,Stella Pastry,446 Columbus Ave,Permit license or inspection report not posted,1,3,2,3,2019,7,19
88.0,Pazzia Restaurant,337 03rd St,Improper thawing methods,2,10,3,3,2019,7,19
91.0,Slider Diner,1202 Sutter St,Food safety certificate or food handler card not available,1,3,2,3,2019,7,19
92.0,La Fina Estampa,1407 Bush St,Inadequately cleaned or sanitized food contact surfaces,2,3,2,3,2019,7,19
92.0,La Fina Estampa,1407 Bush St,Inadequate food safety knowledge or lack of certified food safety manager,2,3,2,3,2019,7,19
77.0,Lee's Deli,235 Montgomery St,Unclean unmaintained or improperly constructed toilet facilities,1,3,7,3,2019,7,22
87.0,THAT'S IT MARKET,2699 Mission St,Foods not protected from contamination,2,2,3,3,2019,7,22
94.0,"7-Eleven, Store 2231-33006B",2650 Mason St,Unapproved or unmaintained equipment or utensils,1,3,3,3,2019,7,22
92.0,Pizzetta 211,211 23rd Ave,Inadequately cleaned or sanitized food contact surfaces,2,4,3,3,2019,7,22
77.0,Lee's Deli,235 Montgomery St,Moderate risk food holding temperature,2,3,7,3,2019,7,22
92.0,SMILE'S  B.B.Q.,2619 MISSION St,Improper storage of equipment utensils or linens,1,2,4,3,2019,7,22
92.0,Pizzetta 211,211 23rd Ave,Food safety certificate or food handler card not available,1,4,3,3,2019,7,22
94.0,Hard Rock Cafe,Pier 39  Building Q1,Unapproved or unmaintained equipment or utensils,1,3,2,3,2019,7,22
92.0,SMILE'S  B.B.Q.,2619 MISSION St,Inadequate dressing rooms or improper storage of personal items,1,2,4,3,2019,7,22
87.0,THAT'S IT MARKET,2699 Mission St,Unclean or unsanitary food contact surfaces,3,2,3,3,2019,7,22
94.0,"7-Eleven, Store 2231-33006B",2650 Mason St,Improper or defective plumbing,1,3,3,3,2019,7,22
77.0,Lee's Deli,235 Montgomery St,Inadequate warewashing facilities or equipment,1,3,7,3,2019,7,22
92.0,Pizzetta 211,211 23rd Ave,Low risk vermin infestation,1,4,3,3,2019,7,22
94.0,Hard Rock Cafe,Pier 39  Building Q1,Foods not protected from contamination,2,3,2,3,2019,7,22
93.0,Goody Goodie Cream & Sugar,1830 HARRISON STREET,Unclean hands or improper use of gloves,3,2,1,3,2019,7,22
77.0,Lee's Deli,235 Montgomery St,Improper storage use or identification of toxic substances,1,3,7,3,2019,7,22
92.0,SMILE'S  B.B.Q.,2619 MISSION St,Low risk vermin infestation,1,2,4,3,2019,7,22
98.0,French Club,414 Mason St  8th Floor,Unapproved or unmaintained equipment or utensils,1,3,1,3,2019,7,22
94.0,"7-Eleven, Store 2231-33006B",2650 Mason St,Unclean nonfood contact surfaces,1,3,3,3,2019,7,22
77.0,Lee's Deli,235 Montgomery St,Unclean hands or improper use of gloves,3,3,7,3,2019,7,22
87.0,THAT'S IT MARKET,2699 Mission St,Food safety certificate or food handler card not available,1,2,3,3,2019,7,22
92.0,SMILE'S  B.B.Q.,2619 MISSION St,Unapproved or unmaintained equipment or utensils,1,2,4,3,2019,7,22
77.0,Lee's Deli,235 Montgomery St,Wiping cloths not clean or properly stored or inadequate sanitizer,1,3,7,3,2019,7,22
77.0,Lee's Deli,235 Montgomery St,Insufficient hot water or running water,2,3,7,3,2019,7,22
96.0,Escape From New York Pizza,715 HARRISON St,Moderate risk food holding temperature,2,10,1,3,2019,7,22
100.0,MARTHA & BROS. COFFEE CO,1551 Church St,NA,0,5,1,3,2019,7,22
74.0,HONG KONG RESTAURANT,2728 SAN BRUNO Ave,High risk food holding temperature,3,2,6,3,2019,7,23
90.0,Golden Star Vietnamese Restaurant,11 Walter U Lum Pl,Moderate risk vermin infestation,2,3,4,3,2019,7,23
81.0,WON TON HOUSE,1325 NORIEGA St,Unclean or degraded floors walls or ceilings,1,7,5,3,2019,7,23
74.0,HONG KONG RESTAURANT,2728 SAN BRUNO Ave,Unclean or degraded floors walls or ceilings,1,2,6,3,2019,7,23
92.0,VASQUEZ COFFEE CO,50 MENDELL STREET #1,Food safety certificate or food handler card not available,1,9,4,3,2019,7,23
75.0,TSING TAO RESTAURANT,3107 CLEMENT St,Improper thawing methods,2,4,6,3,2019,7,23
86.0,Wok In Chinese American Food,50 MENDELL St 6,Improper storage of equipment utensils or linens,1,9,6,3,2019,7,23
86.0,Wok In Chinese American Food,50 MENDELL St 6,Wiping cloths not clean or properly stored or inadequate sanitizer,1,9,6,3,2019,7,23
88.0,Garden Bakery,765 Jackson St,Permit license or inspection report not posted,1,3,5,3,2019,7,23
81.0,WON TON HOUSE,1325 NORIEGA St,Moderate risk vermin infestation,2,7,5,3,2019,7,23
81.0,WON TON HOUSE,1325 NORIEGA St,Unapproved or unmaintained equipment or utensils,1,7,5,3,2019,7,23
74.0,HONG KONG RESTAURANT,2728 SAN BRUNO Ave,Foods not protected from contamination,2,2,6,3,2019,7,23
96.0,PEET'S COFFEE & TEA,2257 MARKET St,Wiping cloths not clean or properly stored or inadequate sanitizer,1,5,2,3,2019,7,23
90.0,Enjoy Vegetarian Restaurant,754 KIRKHAM St,Improper storage use or identification of toxic substances,1,8,3,3,2019,7,23
92.0,VASQUEZ COFFEE CO,50 MENDELL STREET #1,Improper or defective plumbing,1,9,4,3,2019,7,23
86.0,Wok In Chinese American Food,50 MENDELL St 6,Unclean or degraded floors walls or ceilings,1,9,6,3,2019,7,23
75.0,TSING TAO RESTAURANT,3107 CLEMENT St,Inadequately cleaned or sanitized food contact surfaces,2,4,6,3,2019,7,23
90.0,Golden Star Vietnamese Restaurant,11 Walter U Lum Pl,Unapproved or unmaintained equipment or utensils,1,3,4,3,2019,7,23
88.0,Garden Bakery,765 Jackson St,Improper storage of equipment utensils or linens,1,3,5,3,2019,7,23
81.0,WON TON HOUSE,1325 NORIEGA St,Foods not protected from contamination,2,7,5,3,2019,7,23
94.0,The Posh Bagel,495A CASTRO St,Wiping cloths not clean or properly stored or inadequate sanitizer,1,5,2,3,2019,7,23
88.0,Garden Bakery,765 Jackson St,Unapproved or unmaintained equipment or utensils,1,3,5,3,2019,7,23
96.0,PEET'S COFFEE & TEA,2257 MARKET St,Low risk vermin infestation,1,5,2,3,2019,7,23
86.0,Wok In Chinese American Food,50 MENDELL St 6,Moderate risk food holding temperature,2,9,6,3,2019,7,23
75.0,TSING TAO RESTAURANT,3107 CLEMENT St,Unclean hands or improper use of gloves,3,4,6,3,2019,7,23
90.0,Enjoy Vegetarian Restaurant,754 KIRKHAM St,Moderate risk food holding temperature,2,8,3,3,2019,7,23
74.0,HONG KONG RESTAURANT,2728 SAN BRUNO Ave,Inadequately cleaned or sanitized food contact surfaces,2,2,6,3,2019,7,23
90.0,Golden Star Vietnamese Restaurant,11 Walter U Lum Pl,Food safety certificate or food handler card not available,1,3,4,3,2019,7,23
92.0,VASQUEZ COFFEE CO,50 MENDELL STREET #1,Unclean nonfood contact surfaces,1,9,4,3,2019,7,23
92.0,ABSINTHE BRASSERIE & BAR,398 HAYES St,Noncompliance with HAACP plan or variance,2,11,2,3,2019,7,23
86.0,Wok In Chinese American Food,50 MENDELL St 6,Low risk vermin infestation,1,9,6,3,2019,7,23
90.0,Enjoy Vegetarian Restaurant,754 KIRKHAM St,Inadequate and inaccessible handwashing facilities,2,8,3,3,2019,7,23
81.0,WON TON HOUSE,1325 NORIEGA St,High risk food holding temperature,3,7,5,3,2019,7,23
94.0,The Posh Bagel,495A CASTRO St,Inadequate food safety knowledge or lack of certified food safety manager,2,5,2,3,2019,7,23
88.0,Garden Bakery,765 Jackson St,Improper food storage,1,3,5,3,2019,7,23
75.0,TSING TAO RESTAURANT,3107 CLEMENT St,Foods not protected from contamination,2,4,6,3,2019,7,23
90.0,Golden Star Vietnamese Restaurant,11 Walter U Lum Pl,Unclean or degraded floors walls or ceilings,1,3,4,3,2019,7,23
86.0,Wok In Chinese American Food,50 MENDELL St 6,Unclean nonfood contact surfaces,1,9,6,3,2019,7,23
92.0,ABSINTHE BRASSERIE & BAR,398 HAYES St,Inadequate and inaccessible handwashing facilities,2,11,2,3,2019,7,23
74.0,HONG KONG RESTAURANT,2728 SAN BRUNO Ave,Unapproved or unmaintained equipment or utensils,1,2,6,3,2019,7,23
75.0,TSING TAO RESTAURANT,3107 CLEMENT St,Moderate risk food holding temperature,2,4,6,3,2019,7,23
92.0,VASQUEZ COFFEE CO,50 MENDELL STREET #1,Permit license or inspection report not posted,1,9,4,3,2019,7,23
75.0,TSING TAO RESTAURANT,3107 CLEMENT St,Inadequate dressing rooms or improper storage of personal items,1,4,6,3,2019,7,23
74.0,HONG KONG RESTAURANT,2728 SAN BRUNO Ave,High risk vermin infestation,3,2,6,3,2019,7,23
88.0,Garden Bakery,765 Jackson St,Moderate risk vermin infestation,2,3,5,3,2019,7,23
88.0,"House of Dim Sum, Inc.",735 Jackson St,Inadequate and inaccessible handwashing facilities,2,3,4,3,2019,7,23
80.0,Osha Express,1 Market St #21B,Moderate risk vermin infestation,2,10,4,3,2019,7,23
94.0,It' Sugar,333 Jefferson St Space B-101,Unclean or degraded floors walls or ceilings,1,3,3,3,2019,7,23
80.0,Osha Express,1 Market St #21B,Food safety certificate or food handler card not available,1,10,4,3,2019,7,23
82.0,Soma Chicken and Salad,101 Spear St #A24,Moderate risk vermin infestation,2,10,3,3,2019,7,23
82.0,Soma Chicken and Salad,101 Spear St #A24,Improper cooling methods,3,10,3,3,2019,7,23
82.0,Soma Chicken and Salad,101 Spear St #A24,High risk food holding temperature,3,10,3,3,2019,7,23
88.0,"House of Dim Sum, Inc.",735 Jackson St,Low risk vermin infestation,1,3,4,3,2019,7,23
94.0,It' Sugar,333 Jefferson St Space B-101,Improper or defective plumbing,1,3,3,3,2019,7,23
80.0,Osha Express,1 Market St #21B,Improper cooling methods,3,10,4,3,2019,7,23
88.0,"House of Dim Sum, Inc.",735 Jackson St,Unapproved or unmaintained equipment or utensils,1,3,4,3,2019,7,23
94.0,It' Sugar,333 Jefferson St Space B-101,Improper food storage,1,3,3,3,2019,7,23
80.0,Osha Express,1 Market St #21B,High risk food holding temperature,3,10,4,3,2019,7,23
88.0,"House of Dim Sum, Inc.",735 Jackson St,Inadequately cleaned or sanitized food contact surfaces,2,3,4,3,2019,7,23
85.0,The Front Porch,65 29th St A,Low risk vermin infestation,1,2,4,3,2019,7,24
90.0,BUTTER,354 11th St,Unclean nonfood contact surfaces,1,10,4,3,2019,7,24
94.0,HWA LEI MARKET,2970 A 16th St,Unclean or degraded floors walls or ceilings,1,10,2,3,2019,7,24
85.0,Buckhorn Grill,845 Market St FE-5,Improper food storage,1,10,4,3,2019,7,24
91.0,Casa Thai Market,3020 16th St,High risk food holding temperature,3,2,2,3,2019,7,24
85.0,Buckhorn Grill,845 Market St FE-5,Improper cooling methods,3,10,4,3,2019,7,24
94.0,HWA LEI MARKET,2970 A 16th St,Moderate risk food holding temperature,2,10,2,3,2019,7,24
94.0,Aveline / The European,490 Geary St,Inadequate warewashing facilities or equipment,1,3,3,3,2019,7,24
98.0,COOL GUYS,845 Holloway Ave,Food safety certificate or food handler card not available,1,1,1,3,2019,7,24
90.0,BUTTER,354 11th St,Moderate risk vermin infestation,2,10,4,3,2019,7,24
91.0,Casa Thai Market,3020 16th St,Low risk vermin infestation,1,2,2,3,2019,7,24
94.0,Chile Lindo,2944 16th St,Low risk vermin infestation,1,2,2,3,2019,7,24
94.0,Chile Lindo,2944 16th St,Inadequately cleaned or sanitized food contact surfaces,2,2,2,3,2019,7,24
87.0,Mission Hunan Restaurant,2960 16th St,Inadequately cleaned or sanitized food contact surfaces,2,2,3,3,2019,7,24
94.0,Aveline / The European,490 Geary St,Unclean or degraded floors walls or ceilings,1,3,3,3,2019,7,24
85.0,The Front Porch,65 29th St A,Employee eating or smoking,2,2,4,3,2019,7,24
85.0,The Front Porch,65 29th St A,Improper reheating of food,3,2,4,3,2019,7,24
94.0,Aveline / The European,490 Geary St,Low risk vermin infestation,1,3,3,3,2019,7,24
90.0,BUTTER,354 11th St,Unapproved or unmaintained equipment or utensils,1,10,4,3,2019,7,24
87.0,Mission Hunan Restaurant,2960 16th St,Unclean or degraded floors walls or ceilings,1,2,3,3,2019,7,24
85.0,Buckhorn Grill,845 Market St FE-5,Moderate risk vermin infestation,2,10,4,3,2019,7,24
85.0,The Front Porch,65 29th St A,Unapproved or unmaintained equipment or utensils,1,2,4,3,2019,7,24
87.0,Mission Hunan Restaurant,2960 16th St,High risk food holding temperature,3,2,3,3,2019,7,24
90.0,BUTTER,354 11th St,Unclean or degraded floors walls or ceilings,1,10,4,3,2019,7,24
85.0,Buckhorn Grill,845 Market St FE-5,Unapproved or unmaintained equipment or utensils,1,10,4,3,2019,7,24
92.0,Buckhorn Grill,101 04th St #1060,Food in poor condition,2,10,3,3,2019,7,24
94.0,Coffee To The People,1206 Masonic Ave,Inadequately cleaned or sanitized food contact surfaces,2,11,2,3,2019,7,24
92.0,Buckhorn Grill,101 04th St #1060,Unclean or degraded floors walls or ceilings,1,10,3,3,2019,7,24
92.0,Ladle & Leaf,135 04th St FC-2,Inadequately cleaned or sanitized food contact surfaces,2,10,3,3,2019,7,24
94.0,Coffee To The People,1206 Masonic Ave,Unapproved or unmaintained equipment or utensils,1,11,2,3,2019,7,24
92.0,Ladle & Leaf,135 04th St FC-2,Improper food storage,1,10,3,3,2019,7,24
92.0,Ladle & Leaf,135 04th St FC-2,Improper or defective plumbing,1,10,3,3,2019,7,24
92.0,Buckhorn Grill,101 04th St #1060,Unapproved or unmaintained equipment or utensils,1,10,3,3,2019,7,24
74.0,Daily Grill,347 Geary St,Unclean nonfood contact surfaces,1,3,6,3,2019,7,25
85.0,Sunrise Deli,2115 Irving St,High risk vermin infestation,3,7,3,3,2019,7,25
77.0,Five Happiness,4142 Geary Blvd,Improper thawing methods,2,4,7,3,2019,7,25
89.0,Flour & Water,2401 Harrison St,Foods not protected from contamination,2,2,2,3,2019,7,25
83.0,BALOMPIE CAFE,3349 18th St,Unclean or degraded floors walls or ceilings,1,2,4,3,2019,7,25
77.0,Five Happiness,4142 Geary Blvd,High risk food holding temperature,3,4,7,3,2019,7,25
88.0,Starbucks Coffee,27 Drumm St,Permit license or inspection report not posted,1,3,4,3,2019,7,25
88.0,Starbucks Coffee,27 Drumm St,Wiping cloths not clean or properly stored or inadequate sanitizer,1,3,4,3,2019,7,25
83.0,BALOMPIE CAFE,3349 18th St,Moderate risk food holding temperature,2,2,4,3,2019,7,25
74.0,Daily Grill,347 Geary St,Unapproved or unmaintained equipment or utensils,1,3,6,3,2019,7,25
74.0,Daily Grill,347 Geary St,High risk vermin infestation,3,3,6,3,2019,7,25
94.0,LATINO CUISINE CULINARY ACADEMY,2929 19th St,Low risk vermin infestation,1,2,6,3,2019,7,25
94.0,LATINO CUISINE CULINARY ACADEMY,2929 19th St,Low risk vermin infestation,1,2,6,3,2019,7,25
100.0,Hissho Sushi @ Andronico's,1200 Irving St,NA,0,11,4,3,2019,7,25
85.0,Sunrise Deli,2115 Irving St,Foods not protected from contamination,2,7,3,3,2019,7,25
88.0,Starbucks Coffee,27 Drumm St,Inadequately cleaned or sanitized food contact surfaces,2,3,4,3,2019,7,25
98.0,Biscoff Coffee Corner,Pier 39  Space Q2,Unclean nonfood contact surfaces,1,3,1,3,2019,7,25
77.0,Five Happiness,4142 Geary Blvd,Low risk vermin infestation,1,4,7,3,2019,7,25
74.0,Daily Grill,347 Geary St,Moderate risk food holding temperature,2,3,6,3,2019,7,25
74.0,Daily Grill,347 Geary St,Inadequately cleaned or sanitized food contact surfaces,2,3,6,3,2019,7,25
92.0,54 Mint Wine Bar,16 Mint Plaza,Inadequate and inaccessible handwashing facilities,2,10,2,3,2019,7,25
77.0,Five Happiness,4142 Geary Blvd,Wiping cloths not clean or properly stored or inadequate sanitizer,1,4,7,3,2019,7,25
83.0,BALOMPIE CAFE,3349 18th St,Unclean or unsanitary food contact surfaces,3,2,4,3,2019,7,25
94.0,LATINO CUISINE CULINARY ACADEMY,2929 19th St,Food safety certificate or food handler card not available,1,2,6,3,2019,7,25
94.0,LATINO CUISINE CULINARY ACADEMY,2929 19th St,Food safety certificate or food handler card not available,1,2,6,3,2019,7,25
88.0,Starbucks Coffee,27 Drumm St,Insufficient hot water or running water,2,3,4,3,2019,7,25
89.0,Flour & Water,2401 Harrison St,Improper cooling methods,3,2,2,3,2019,7,25
85.0,Sunrise Deli,2115 Irving St,Inadequate and inaccessible handwashing facilities,2,7,3,3,2019,7,25
77.0,Five Happiness,4142 Geary Blvd,Unapproved or unmaintained equipment or utensils,1,4,7,3,2019,7,25
74.0,Daily Grill,347 Geary St,Improper cooling methods,3,3,6,3,2019,7,25
77.0,Five Happiness,4142 Geary Blvd,Inadequate ventilation or lighting,1,4,7,3,2019,7,25
92.0,54 Mint Wine Bar,16 Mint Plaza,Insufficient hot water or running water,2,10,2,3,2019,7,25
77.0,Five Happiness,4142 Geary Blvd,Foods not protected from contamination,2,4,7,3,2019,7,25
94.0,LATINO CUISINE CULINARY ACADEMY,2929 19th St,Unclean or degraded floors walls or ceilings,1,2,6,3,2019,7,25
94.0,LATINO CUISINE CULINARY ACADEMY,2929 19th St,Unclean or degraded floors walls or ceilings,1,2,6,3,2019,7,25
83.0,BALOMPIE CAFE,3349 18th St,Foods not protected from contamination,2,2,4,3,2019,7,25
98.0,The Station,596 Pacific Ave,Low risk vermin infestation,1,3,1,3,2019,7,25
100.0,Inticing Creations,438 Clementina St,NA,0,10,1,3,2019,7,25
76.0,Reveille Coffee,768 Sansome,Inadequate food safety knowledge or lack of certified food safety manager,2,3,5,3,2019,7,26
76.0,Reveille Coffee,768 Sansome,Inadequate sewage or wastewater disposal,2,3,5,3,2019,7,26
76.0,Reveille Coffee,768 Sansome,High risk food holding temperature,3,3,5,3,2019,7,26
76.0,Reveille Coffee,768 Sansome,Other low risk violation,1,3,5,3,2019,7,26
76.0,Reveille Coffee,768 Sansome,Mobile food facility not operating with an approved commissary,3,3,5,3,2019,7,26
86.0,Chabaa Thai Cuisine INC.,2123 Irving Street,Low risk vermin infestation,1,7,5,3,2019,7,26
86.0,Chabaa Thai Cuisine INC.,2123 Irving Street,Foods not protected from contamination,2,7,5,3,2019,7,26
86.0,Chabaa Thai Cuisine INC.,2123 Irving Street,Unclean or degraded floors walls or ceilings,1,7,5,3,2019,7,26
86.0,Chabaa Thai Cuisine INC.,2123 Irving Street,Permit license or inspection report not posted,1,7,5,3,2019,7,26
86.0,Chabaa Thai Cuisine INC.,2123 Irving Street,Moderate risk food holding temperature,2,7,5,3,2019,7,26
100.0,Chipotle Mexican Grill #1560,333 Jefferson St #104,NA,0,3,1,3,2019,7,26
100.0,Pacific Union Club,1000 California St,NA,0,3,1,3,2019,7,26
79.0,EL BURRITO EXPRESS #2,1812 DIVISADERO St,Unclean or degraded floors walls or ceilings,1,6,8,3,2019,7,29
84.0,Sabor De San Miguel,3263 MISSION St,Improper storage of equipment utensils or linens,1,2,3,3,2019,7,29
87.0,Little Saigon Deli,131 Steuart St,Unclean or degraded floors walls or ceilings,1,10,4,3,2019,7,29
77.0,KIRIN RESTAURANT,6135 GEARY Blvd,Unclean or degraded floors walls or ceilings,1,4,7,3,2019,7,29
87.0,Little Saigon Deli,131 Steuart St,Improper reheating of food,3,10,4,3,2019,7,29
79.0,EL BURRITO EXPRESS #2,1812 DIVISADERO St,Food safety certificate or food handler card not available,1,6,8,3,2019,7,29
79.0,EL BURRITO EXPRESS #2,1812 DIVISADERO St,Improper food storage,1,6,8,3,2019,7,29
84.0,Sabor De San Miguel,3263 MISSION St,High risk vermin infestation,3,2,3,3,2019,7,29
77.0,KIRIN RESTAURANT,6135 GEARY Blvd,Wiping cloths not clean or properly stored or inadequate sanitizer,1,4,7,3,2019,7,29
77.0,KIRIN RESTAURANT,6135 GEARY Blvd,Improper thawing methods,2,4,7,3,2019,7,29
77.0,KIRIN RESTAURANT,6135 GEARY Blvd,High risk vermin infestation,3,4,7,3,2019,7,29
79.0,EL BURRITO EXPRESS #2,1812 DIVISADERO St,Inadequate warewashing facilities or equipment,1,6,8,3,2019,7,29
92.0,Henry's Hunan Restaurant,1708 CHURCH St,Unclean or degraded floors walls or ceilings,1,5,3,3,2019,7,29
77.0,KIRIN RESTAURANT,6135 GEARY Blvd,Improper storage use or identification of toxic substances,1,4,7,3,2019,7,29
83.0,FLOWER MARKET CAFE,698 BRANNAN St,Inadequate food safety knowledge or lack of certified food safety manager,2,10,4,3,2019,7,29
79.0,EL BURRITO EXPRESS #2,1812 DIVISADERO St,Unclean nonfood contact surfaces,1,6,8,3,2019,7,29
87.0,Little Saigon Deli,131 Steuart St,Unapproved or unmaintained equipment or utensils,1,10,4,3,2019,7,29
83.0,FLOWER MARKET CAFE,698 BRANNAN St,No hot water or running water,3,10,4,3,2019,7,29
77.0,KIRIN RESTAURANT,6135 GEARY Blvd,Inadequate dressing rooms or improper storage of personal items,1,4,7,3,2019,7,29
87.0,DIANDA'S ITAL-AMER.PASTRY CO.,2883 Mission St,Improper thawing methods,2,2,3,3,2019,7,29
91.0,BOSTON MARKET,2300 16th St,Unclean or unsanitary food contact surfaces,3,9,2,3,2019,7,29
92.0,Henry's Hunan Restaurant,1708 CHURCH St,Wiping cloths not clean or properly stored or inadequate sanitizer,1,5,3,3,2019,7,29
79.0,EL BURRITO EXPRESS #2,1812 DIVISADERO St,Improper storage of equipment utensils or linens,1,6,8,3,2019,7,29
83.0,FLOWER MARKET CAFE,698 BRANNAN St,Foods not protected from contamination,2,10,4,3,2019,7,29
87.0,DIANDA'S ITAL-AMER.PASTRY CO.,2883 Mission St,Wiping cloths not clean or properly stored or inadequate sanitizer,1,2,3,3,2019,7,29
84.0,Sabor De San Miguel,3263 MISSION St,High risk food holding temperature,3,2,3,3,2019,7,29
83.0,FLOWER MARKET CAFE,698 BRANNAN St,Improper storage use or identification of toxic substances,1,10,4,3,2019,7,29
77.0,KIRIN RESTAURANT,6135 GEARY Blvd,Foods not protected from contamination,2,4,7,3,2019,7,29
79.0,EL BURRITO EXPRESS #2,1812 DIVISADERO St,Wiping cloths not clean or properly stored or inadequate sanitizer,1,6,8,3,2019,7,29
87.0,Little Saigon Deli,131 Steuart St,Unclean nonfood contact surfaces,1,10,4,3,2019,7,29
98.0,Nina's Cafe,201 Fell St,Unclean unmaintained or improperly constructed toilet facilities,1,11,1,3,2019,7,29
91.0,BOSTON MARKET,2300 16th St,Improper or defective plumbing,1,9,2,3,2019,7,29
92.0,Henry's Hunan Restaurant,1708 CHURCH St,Moderate risk food holding temperature,2,5,3,3,2019,7,29
79.0,EL BURRITO EXPRESS #2,1812 DIVISADERO St,Improper cooling methods,3,6,8,3,2019,7,29
87.0,DIANDA'S ITAL-AMER.PASTRY CO.,2883 Mission St,High risk food holding temperature,3,2,3,3,2019,7,29
98.0,Easy Breezy,4028 24th St,Unclean or degraded floors walls or ceilings,1,5,1,3,2019,7,29
82.0,EVERGREEN MARKET,2539 MISSION St,Improper thawing methods,2,2,5,3,2019,7,30
86.0,Wing Lum Cafe,1150 Polk St,Moderate risk food holding temperature,2,3,5,3,2019,7,30
86.0,Wing Lum Cafe,1150 Polk St,Unclean or degraded floors walls or ceilings,1,3,5,3,2019,7,30
92.0,Cafe La Taza,470 Post St,Unclean or degraded floors walls or ceilings,1,3,4,3,2019,7,30
92.0,Cafe La Taza,470 Post St,Improper or defective plumbing,1,3,4,3,2019,7,30
82.0,EVERGREEN MARKET,2539 MISSION St,Inadequate food safety knowledge or lack of certified food safety manager,2,2,5,3,2019,7,30
86.0,Wing Lum Cafe,1150 Polk St,Improper storage use or identification of toxic substances,1,3,5,3,2019,7,30
89.0,Volcano Kitchen,5454 GEARY Blvd,Inadequately cleaned or sanitized food contact surfaces,2,4,2,3,2019,7,30
82.0,EVERGREEN MARKET,2539 MISSION St,Inadequately cleaned or sanitized food contact surfaces,2,2,5,3,2019,7,30
92.0,Cafe La Taza,470 Post St,No thermometers or uncalibrated thermometers,1,3,4,3,2019,7,30
86.0,Wing Lum Cafe,1150 Polk St,Foods not protected from contamination,2,3,5,3,2019,7,30
82.0,EVERGREEN MARKET,2539 MISSION St,Moderate risk vermin infestation,2,2,5,3,2019,7,30
86.0,Wing Lum Cafe,1150 Polk St,Inadequate ventilation or lighting,1,3,5,3,2019,7,30
92.0,Cafe La Taza,470 Post St,Unapproved or unmaintained equipment or utensils,1,3,4,3,2019,7,30
82.0,EVERGREEN MARKET,2539 MISSION St,Unapproved or unmaintained equipment or utensils,1,2,5,3,2019,7,30
89.0,Volcano Kitchen,5454 GEARY Blvd,Unclean hands or improper use of gloves,3,4,2,3,2019,7,30
71.0,Small Foods,522 02nd St,Unclean or unsanitary food contact surfaces,3,10,5,3,2019,7,30
83.0,Sakesan,626 Clement St,Unclean hands or improper use of gloves,3,4,4,3,2019,7,30
71.0,Small Foods,522 02nd St,Inadequate and inaccessible handwashing facilities,2,10,5,3,2019,7,30
83.0,Sakesan,626 Clement St,Moderate risk vermin infestation,2,4,4,3,2019,7,30
71.0,Small Foods,522 02nd St,Inadequate food safety knowledge or lack of certified food safety manager,2,10,5,3,2019,7,30
83.0,Sakesan,626 Clement St,Food safety certificate or food handler card not available,1,4,4,3,2019,7,30
71.0,Small Foods,522 02nd St,High risk vermin infestation,3,10,5,3,2019,7,30
83.0,Sakesan,626 Clement St,Inadequately cleaned or sanitized food contact surfaces,2,4,4,3,2019,7,30
71.0,Small Foods,522 02nd St,High risk food holding temperature,3,10,5,3,2019,7,30
81.0,Last Drop Tavern,550 3 St,Inadequate and inaccessible handwashing facilities,2,3,5,3,2019,7,31
96.0,Phil'z Coffee,3101 24th St,Unclean or degraded floors walls or ceilings,1,2,2,3,2019,7,31
81.0,Last Drop Tavern,550 3 St,Improper food storage,1,3,5,3,2019,7,31
96.0,"Natural Market, Inc.",2201 PINE St,Inadequate food safety knowledge or lack of certified food safety manager,2,11,1,3,2019,7,31
78.0,MARNEE THAI RESTAURANT,1243 09th Ave,Improper storage use or identification of toxic substances,1,7,5,3,2019,7,31
72.0,RICHMOND NEW MAY WAH SUPERMARKET,719 CLEMENT St,Foods not protected from contamination,2,4,6,3,2019,7,31
79.0,Las Palmeras,2721 Mission St,Inadequate dressing rooms or improper storage of personal items,1,2,5,3,2019,7,31
79.0,Hang Seng Meat Market,834 Jackson St,Insufficient hot water or running water,2,3,5,3,2019,7,31
72.0,RICHMOND NEW MAY WAH SUPERMARKET,719 CLEMENT St,High risk food holding temperature,3,4,6,3,2019,7,31
78.0,MARNEE THAI RESTAURANT,1243 09th Ave,High risk vermin infestation,3,7,5,3,2019,7,31
78.0,MARNEE THAI RESTAURANT,1243 09th Ave,Moderate risk food holding temperature,2,7,5,3,2019,7,31
79.0,Las Palmeras,2721 Mission St,Unclean or unsanitary food contact surfaces,3,2,5,3,2019,7,31
72.0,RICHMOND NEW MAY WAH SUPERMARKET,719 CLEMENT St,Moderate risk vermin infestation,2,4,6,3,2019,7,31
72.0,RICHMOND NEW MAY WAH SUPERMARKET,719 CLEMENT St,Inadequate and inaccessible handwashing facilities,2,4,6,3,2019,7,31
79.0,Hang Seng Meat Market,834 Jackson St,Low risk vermin infestation,1,3,5,3,2019,7,31
78.0,MARNEE THAI RESTAURANT,1243 09th Ave,Unclean or degraded floors walls or ceilings,1,7,5,3,2019,7,31
94.0,BILLIARD PALACADE,5179 MISSION St,Permit license or inspection report not posted,1,1,3,3,2019,7,31
79.0,Hang Seng Meat Market,834 Jackson St,Unclean or unsanitary food contact surfaces,3,3,5,3,2019,7,31
94.0,BILLIARD PALACADE,5179 MISSION St,Inadequate dressing rooms or improper storage of personal items,1,1,3,3,2019,7,31
79.0,Las Palmeras,2721 Mission St,Moderate risk food holding temperature,2,2,5,3,2019,7,31
81.0,Last Drop Tavern,550 3 St,Food safety certificate or food handler card not available,1,3,5,3,2019,7,31
94.0,BILLIARD PALACADE,5179 MISSION St,Inadequate warewashing facilities or equipment,1,1,3,3,2019,7,31
79.0,Hang Seng Meat Market,834 Jackson St,Moderate risk food holding temperature,2,3,5,3,2019,7,31
81.0,Last Drop Tavern,550 3 St,Moderate risk food holding temperature,2,3,5,3,2019,7,31
79.0,Hang Seng Meat Market,834 Jackson St,Inadequate and inaccessible handwashing facilities,2,3,5,3,2019,7,31
96.0,Phil'z Coffee,3101 24th St,Improper or defective plumbing,1,2,2,3,2019,7,31
81.0,Last Drop Tavern,550 3 St,Improper cooling methods,3,3,5,3,2019,7,31
79.0,Las Palmeras,2721 Mission St,Moderate risk vermin infestation,2,2,5,3,2019,7,31
79.0,Las Palmeras,2721 Mission St,Foods not protected from contamination,2,2,5,3,2019,7,31
72.0,RICHMOND NEW MAY WAH SUPERMARKET,719 CLEMENT St,Unclean or unsanitary food contact surfaces,3,4,6,3,2019,7,31
78.0,MARNEE THAI RESTAURANT,1243 09th Ave,Improper cooling methods,3,7,5,3,2019,7,31
72.0,RICHMOND NEW MAY WAH SUPERMARKET,719 CLEMENT St,Unapproved or unmaintained equipment or utensils,1,4,6,3,2019,7,31
91.0,"Aslam's Rasoi, Inc.",1037 VALENCIA St,Improper food storage,1,2,2,3,2019,7,31
91.0,"Aslam's Rasoi, Inc.",1037 VALENCIA St,Unclean or unsanitary food contact surfaces,3,2,2,3,2019,7,31
86.0,SLIM'S,333 11th St,Inadequately cleaned or sanitized food contact surfaces,2,10,4,3,2019,8,1
90.0,Jack's Market,471 03rd St,Inadequate and inaccessible handwashing facilities,2,10,3,3,2019,8,1
84.0,Tung Sing Restaurant,4015 24th St,Foods not protected from contamination,2,5,5,3,2019,8,1
94.0,GLENEAGLES GOLF COURSE AT M P,2100 SUNNYDALE Ave,Inadequate warewashing facilities or equipment,1,9,2,3,2019,8,1
86.0,Grandeho's Kamekyo II,2721 Hyde St,Moderate risk food holding temperature,2,6,5,3,2019,8,1
90.0,Jack's Market,471 03rd St,Low risk vermin infestation,1,10,3,3,2019,8,1
84.0,Nihon,1779 Folsom St,Unclean or degraded floors walls or ceilings,1,2,5,3,2019,8,1
94.0,GLENEAGLES GOLF COURSE AT M P,2100 SUNNYDALE Ave,Moderate risk vermin infestation,2,9,2,3,2019,8,1
86.0,Popeyes Chicken & Biscuits,1426 Fillmore St Space T,Unclean or degraded floors walls or ceilings,1,11,5,3,2019,8,1
84.0,Nihon,1779 Folsom St,Moderate risk vermin infestation,2,2,5,3,2019,8,1
94.0,COSTCO WHOLESALE,450 10th St,Unclean or degraded floors walls or ceilings,1,10,2,3,2019,8,1
86.0,RN74,301 Mission St,Inadequately cleaned or sanitized food contact surfaces,2,10,4,3,2019,8,1
86.0,RN74,301 Mission St,Noncompliance with shell fish tags or display,2,10,4,3,2019,8,1
86.0,Grandeho's Kamekyo II,2721 Hyde St,Foods not protected from contamination,2,6,5,3,2019,8,1
86.0,Popeyes Chicken & Biscuits,1426 Fillmore St Space T,Wiping cloths not clean or properly stored or inadequate sanitizer,1,11,5,3,2019,8,1
86.0,Grandeho's Kamekyo II,2721 Hyde St,Food safety certificate or food handler card not available,1,6,5,3,2019,8,1
89.0,Eagle Cafe,111 Pine St,Insufficient hot water or running water,2,3,2,3,2019,8,1
84.0,Nihon,1779 Folsom St,Wiping cloths not clean or properly stored or inadequate sanitizer,1,2,5,3,2019,8,1
94.0,COSTCO WHOLESALE,450 10th St,Moderate risk food holding temperature,2,10,2,3,2019,8,1
86.0,Popeyes Chicken & Biscuits,1426 Fillmore St Space T,Improper storage of equipment utensils or linens,1,11,5,3,2019,8,1
86.0,SLIM'S,333 11th St,Moderate risk food holding temperature,2,10,4,3,2019,8,1
86.0,Grandeho's Kamekyo II,2721 Hyde St,Improper storage use or identification of toxic substances,1,6,5,3,2019,8,1
86.0,RN74,301 Mission St,Inadequate and inaccessible handwashing facilities,2,10,4,3,2019,8,1
89.0,Eagle Cafe,111 Pine St,High risk food holding temperature,3,3,2,3,2019,8,1
84.0,Nihon,1779 Folsom St,Foods not protected from contamination,2,2,5,3,2019,8,1
86.0,Popeyes Chicken & Biscuits,1426 Fillmore St Space T,Moderate risk vermin infestation,2,11,5,3,2019,8,1
84.0,Tung Sing Restaurant,4015 24th St,Unclean nonfood contact surfaces,1,5,5,3,2019,8,1
86.0,SLIM'S,333 11th St,Moderate risk vermin infestation,2,10,4,3,2019,8,1
84.0,Tung Sing Restaurant,4015 24th St,Moderate risk food holding temperature,2,5,5,3,2019,8,1
86.0,SLIM'S,333 11th St,Unclean or degraded floors walls or ceilings,1,10,4,3,2019,8,1
86.0,Popeyes Chicken & Biscuits,1426 Fillmore St Space T,Inadequate and inaccessible handwashing facilities,2,11,5,3,2019,8,1
86.0,Grandeho's Kamekyo II,2721 Hyde St,Permit license or inspection report not posted,1,6,5,3,2019,8,1
90.0,Jack's Market,471 03rd St,Food in poor condition,2,10,3,3,2019,8,1
84.0,Nihon,1779 Folsom St,Improper thawing methods,2,2,5,3,2019,8,1
84.0,Tung Sing Restaurant,4015 24th St,Unapproved or unmaintained equipment or utensils,1,5,5,3,2019,8,1
84.0,Tung Sing Restaurant,4015 24th St,Inadequately cleaned or sanitized food contact surfaces,2,5,5,3,2019,8,1
86.0,RN74,301 Mission St,Improper or defective plumbing,1,10,4,3,2019,8,1
83.0,The Old Clam House,299 BAYSHORE Blvd,Improper cooling methods,3,2,5,3,2019,8,1
83.0,The Old Clam House,299 BAYSHORE Blvd,Unclean or degraded floors walls or ceilings,1,2,5,3,2019,8,1
83.0,The Old Clam House,299 BAYSHORE Blvd,Wiping cloths not clean or properly stored or inadequate sanitizer,1,2,5,3,2019,8,1
96.0,Wine & Wall,30 Steuart St,Moderate risk vermin infestation,2,10,1,3,2019,8,1
83.0,The Old Clam House,299 BAYSHORE Blvd,Unapproved or unmaintained equipment or utensils,1,2,5,3,2019,8,1
83.0,The Old Clam House,299 BAYSHORE Blvd,Moderate risk vermin infestation,2,2,5,3,2019,8,1
100.0,CHRISTOPHER'S CATERING,1643 JERROLD Ave,NA,0,9,1,3,2019,8,1
90.0,THE CAKEMAKER,509 LAGUNA St,Improper storage use or identification of toxic substances,1,11,3,3,2019,8,2
96.0,Morton's Chicago Steakhouse,404 Post St,Inadequately cleaned or sanitized food contact surfaces,2,3,1,3,2019,8,2
90.0,Play  Field Cafe,1 Zoo Rd,Unclean or degraded floors walls or ceilings,1,8,4,3,2019,8,2
90.0,Play  Field Cafe,1 Zoo Rd,No thermometers or uncalibrated thermometers,1,8,4,3,2019,8,2
90.0,THE CAKEMAKER,509 LAGUNA St,Inadequate food safety knowledge or lack of certified food safety manager,2,11,3,3,2019,8,2
90.0,Play  Field Cafe,1 Zoo Rd,Foods not protected from contamination,2,8,4,3,2019,8,2
96.0,Moscone Center West -  3 Flr. Pantry,800 HOWARD St 3/F,Unclean nonfood contact surfaces,1,10,2,3,2019,8,2
94.0,Dartealing Lounge,470 03rd St  #101B,Wiping cloths not clean or properly stored or inadequate sanitizer,1,10,2,3,2019,8,2
96.0,Moscone Center West -  3 Flr. Pantry,800 HOWARD St 3/F,Unapproved or unmaintained equipment or utensils,1,10,2,3,2019,8,2
90.0,Play  Field Cafe,1 Zoo Rd,Wiping cloths not clean or properly stored or inadequate sanitizer,1,8,4,3,2019,8,2
94.0,Dartealing Lounge,470 03rd St  #101B,Inadequate and inaccessible handwashing facilities,2,10,2,3,2019,8,2
90.0,THE CAKEMAKER,509 LAGUNA St,Insufficient hot water or running water,2,11,3,3,2019,8,2
100.0,Moscone Center West -  2nd Flr. Pantry,800 Howard St 2nd Floor,NA,0,10,1,3,2019,8,2
100.0,Moscone Center West - 1st Flr. Pantry,800 Howard St 1st Floor,NA,0,10,1,3,2019,8,2
87.0,San Francisco Campus for Jewish Living,302 SILVER Ave,Unclean or unsanitary food contact surfaces,3,1,3,3,2019,8,5
69.0,PPQ Beef Noodle House,1816 IRVING St,Inadequate warewashing facilities or equipment,1,7,9,3,2019,8,5
88.0,"Pho Tan Hoa, Inc",431 Jones St,Insufficient hot water or running water,2,10,4,3,2019,8,5
69.0,PPQ Beef Noodle House,1816 IRVING St,Foods not protected from contamination,2,7,9,3,2019,8,5
77.0,Hong's Kitchen,3917 Noriega St,Improper food storage,1,7,6,3,2019,8,5
84.0,Lucky Creation Vegetarian Restaurant LLC,854 Washington St,Moderate risk food holding temperature,2,3,5,3,2019,8,5
94.0,Marnee Thai Restaurant,2225 Irving St,Moderate risk vermin infestation,2,7,2,3,2019,8,5
69.0,PPQ Beef Noodle House,1816 IRVING St,Inadequately cleaned or sanitized food contact surfaces,2,7,9,3,2019,8,5
92.0,CAFE MARS,798 BRANNAN St,Inadequate and inaccessible handwashing facilities,2,10,3,3,2019,8,5
87.0,Dojima-Ann,219 O'Farrell St,High risk food holding temperature,3,3,3,3,2019,8,5
84.0,CHRISTA MARKET,1926 BRODERICK St,Foods not protected from contamination,2,6,5,3,2019,8,5
94.0,SHUFAT MARKET,3807 24th St,Moderate risk food holding temperature,2,5,2,3,2019,8,5
83.0,The Pig & Whistle,2801 GEARY Blvd,Inadequately cleaned or sanitized food contact surfaces,2,4,4,3,2019,8,5
75.0,GOLDEN CHARIOT BAKERY & REST,3308 BALBOA St,High risk vermin infestation,3,4,4,3,2019,8,5
69.0,PPQ Beef Noodle House,1816 IRVING St,High risk vermin infestation,3,7,9,3,2019,8,5
85.0,HAYSTACK PIZZA RESTAURANT,3881 24th St,Unclean or degraded floors walls or ceilings,1,5,4,3,2019,8,5
69.0,PPQ Beef Noodle House,1816 IRVING St,Moderate risk food holding temperature,2,7,9,3,2019,8,5
92.0,Darwin Cafe,212 Ritch St,Moderate risk food holding temperature,2,10,3,3,2019,8,5
87.0,San Francisco Campus for Jewish Living,302 SILVER Ave,Improper or defective plumbing,1,1,3,3,2019,8,5
75.0,GOLDEN CHARIOT BAKERY & REST,3308 BALBOA St,Unclean hands or improper use of gloves,3,4,4,3,2019,8,5
88.0,"Pho Tan Hoa, Inc",431 Jones St,Low risk vermin infestation,1,10,4,3,2019,8,5
84.0,CHRISTA MARKET,1926 BRODERICK St,Unclean or degraded floors walls or ceilings,1,6,5,3,2019,8,5
87.0,Dojima-Ann,219 O'Farrell St,Unclean nonfood contact surfaces,1,3,3,3,2019,8,5
92.0,Sun Rise Restaurant,3126 24th St,Inadequately cleaned or sanitized food contact surfaces,2,2,2,3,2019,8,5
69.0,PPQ Beef Noodle House,1816 IRVING St,Unclean or degraded floors walls or ceilings,1,7,9,3,2019,8,5
83.0,The Pig & Whistle,2801 GEARY Blvd,Moderate risk vermin infestation,2,4,4,3,2019,8,5
84.0,Lucky Creation Vegetarian Restaurant LLC,854 Washington St,Unapproved or unmaintained equipment or utensils,1,3,5,3,2019,8,5
75.0,GOLDEN CHARIOT BAKERY & REST,3308 BALBOA St,Moderate risk food holding temperature,2,4,4,3,2019,8,5
69.0,PPQ Beef Noodle House,1816 IRVING St,Unclean nonfood contact surfaces,1,7,9,3,2019,8,5
92.0,Darwin Cafe,212 Ritch St,Wiping cloths not clean or properly stored or inadequate sanitizer,1,10,3,3,2019,8,5
92.0,CAFE MARS,798 BRANNAN St,Improper or defective plumbing,1,10,3,3,2019,8,5
87.0,Dojima-Ann,219 O'Farrell St,Inadequately cleaned or sanitized food contact surfaces,2,3,3,3,2019,8,5
84.0,CHRISTA MARKET,1926 BRODERICK St,Moderate risk vermin infestation,2,6,5,3,2019,8,5
85.0,HAYSTACK PIZZA RESTAURANT,3881 24th St,High risk vermin infestation,3,5,4,3,2019,8,5
88.0,"Pho Tan Hoa, Inc",431 Jones St,Unapproved or unmaintained equipment or utensils,1,10,4,3,2019,8,5
87.0,San Francisco Campus for Jewish Living,302 SILVER Ave,Insufficient hot water or running water,2,1,3,3,2019,8,5
92.0,Sun Rise Restaurant,3126 24th St,Moderate risk food holding temperature,2,2,2,3,2019,8,5
77.0,Hong's Kitchen,3917 Noriega St,Unclean or unsanitary food contact surfaces,3,7,6,3,2019,8,5
84.0,Lucky Creation Vegetarian Restaurant LLC,854 Washington St,Inadequately cleaned or sanitized food contact surfaces,2,3,5,3,2019,8,5
77.0,Hong's Kitchen,3917 Noriega St,Inadequate and inaccessible handwashing facilities,2,7,6,3,2019,8,5
69.0,PPQ Beef Noodle House,1816 IRVING St,Inadequate and inaccessible handwashing facilities,2,7,9,3,2019,8,5
93.0,Tacos San Buena,768 Sansome St,Unclean hands or improper use of gloves,3,3,4,3,2019,8,5
93.0,Tacos San Buena,768 Sansome St,Unclean hands or improper use of gloves,3,3,4,3,2019,8,5
83.0,The Pig & Whistle,2801 GEARY Blvd,Unapproved or unmaintained equipment or utensils,1,4,4,3,2019,8,5
84.0,CHRISTA MARKET,1926 BRODERICK St,Food safety certificate or food handler card not available,1,6,5,3,2019,8,5
84.0,Lucky Creation Vegetarian Restaurant LLC,854 Washington St,Unclean or degraded floors walls or ceilings,1,3,5,3,2019,8,5
77.0,Hong's Kitchen,3917 Noriega St,Unclean or degraded floors walls or ceilings,1,7,6,3,2019,8,5
94.0,SHUFAT MARKET,3807 24th St,Low risk vermin infestation,1,5,2,3,2019,8,5
92.0,Darwin Cafe,212 Ritch St,Unclean or degraded floors walls or ceilings,1,10,3,3,2019,8,5
84.0,Lucky Creation Vegetarian Restaurant LLC,854 Washington St,Moderate risk vermin infestation,2,3,5,3,2019,8,5
77.0,Hong's Kitchen,3917 Noriega St,Foods not protected from contamination,2,7,6,3,2019,8,5
92.0,CAFE MARS,798 BRANNAN St,Unclean or degraded floors walls or ceilings,1,10,3,3,2019,8,5
77.0,Hong's Kitchen,3917 Noriega St,Moderate risk vermin infestation,2,7,6,3,2019,8,5
94.0,Marnee Thai Restaurant,2225 Irving St,Unclean or degraded floors walls or ceilings,1,7,2,3,2019,8,5
85.0,HAYSTACK PIZZA RESTAURANT,3881 24th St,Wiping cloths not clean or properly stored or inadequate sanitizer,1,5,4,3,2019,8,5
88.0,"Pho Tan Hoa, Inc",431 Jones St,Foods not protected from contamination,2,10,4,3,2019,8,5
85.0,HAYSTACK PIZZA RESTAURANT,3881 24th St,Employee eating or smoking,2,5,4,3,2019,8,5
75.0,GOLDEN CHARIOT BAKERY & REST,3308 BALBOA St,Unclean or unsanitary food contact surfaces,3,4,4,3,2019,8,5
84.0,CHRISTA MARKET,1926 BRODERICK St,Inadequate and inaccessible handwashing facilities,2,6,5,3,2019,8,5
83.0,The Pig & Whistle,2801 GEARY Blvd,Improper cooling methods,3,4,4,3,2019,8,5
69.0,PPQ Beef Noodle House,1816 IRVING St,No person in charge of food facility,1,7,9,3,2019,8,5
84.0,Rumors,398 07th St,Moderate risk vermin infestation,2,10,5,3,2019,8,5
84.0,Rumors,398 07th St,Unclean or degraded floors walls or ceilings,1,10,5,3,2019,8,5
84.0,Rumors,398 07th St,Inadequate food safety knowledge or lack of certified food safety manager,2,10,5,3,2019,8,5
84.0,Rumors,398 07th St,Unclean nonfood contact surfaces,1,10,5,3,2019,8,5
84.0,Rumors,398 07th St,Foods not protected from contamination,2,10,5,3,2019,8,5
86.0,Canyon Market,2815 Diamond St,Inadequate food safety knowledge or lack of certified food safety manager,2,5,4,3,2019,8,6
96.0,DESTINATION BAKING COMPANY,598 Chenery St,Food safety certificate or food handler card not available,1,5,2,3,2019,8,6
87.0,MARRAKECH MORROCAN RESTAURANT,419 O'Farrell St,High risk food holding temperature,3,10,3,3,2019,8,6
80.0,Oscar Burger & Deli,1850 Cesar Chavez St,Insufficient hot water or running water,2,9,5,3,2019,8,6
94.0,SUN FAT SEAFOOD,2687 MISSION St,Inadequate and inaccessible handwashing facilities,2,2,2,3,2019,8,6
86.0,Canyon Market,2815 Diamond St,Improper thawing methods,2,5,4,3,2019,8,6
85.0,Basil Canteen,1489 FOLSOM St,High risk vermin infestation,3,10,4,3,2019,8,6
80.0,Oscar Burger & Deli,1850 Cesar Chavez St,Inadequately cleaned or sanitized food contact surfaces,2,9,5,3,2019,8,6
90.0,SENIORE'S PIZZA,2415 19th Ave,Unclean or degraded floors walls or ceilings,1,7,3,3,2019,8,6
90.0,SENIORE'S PIZZA,2415 19th Ave,Inadequately cleaned or sanitized food contact surfaces,2,7,3,3,2019,8,6
94.0,SUN FAT SEAFOOD,2687 MISSION St,Unclean nonfood contact surfaces,1,2,2,3,2019,8,6
85.0,Basil Canteen,1489 FOLSOM St,Unclean or degraded floors walls or ceilings,1,10,4,3,2019,8,6
80.0,Oscar Burger & Deli,1850 Cesar Chavez St,Foods not protected from contamination,2,9,5,3,2019,8,6
86.0,Canyon Market,2815 Diamond St,Improper food storage,1,5,4,3,2019,8,6
80.0,Oscar Burger & Deli,1850 Cesar Chavez St,Moderate risk food holding temperature,2,9,5,3,2019,8,6
85.0,Basil Canteen,1489 FOLSOM St,Unclean nonfood contact surfaces,1,10,4,3,2019,8,6
90.0,SENIORE'S PIZZA,2415 19th Ave,Moderate risk vermin infestation,2,7,3,3,2019,8,6
96.0,DESTINATION BAKING COMPANY,598 Chenery St,Low risk vermin infestation,1,5,2,3,2019,8,6
87.0,MARRAKECH MORROCAN RESTAURANT,419 O'Farrell St,Inadequate and inaccessible handwashing facilities,2,10,3,3,2019,8,6
80.0,Oscar Burger & Deli,1850 Cesar Chavez St,Inadequate and inaccessible handwashing facilities,2,9,5,3,2019,8,6
86.0,Canyon Market,2815 Diamond St,Moderate risk food holding temperature,2,5,4,3,2019,8,6
85.0,Basil Canteen,1489 FOLSOM St,Inadequate and inaccessible handwashing facilities,2,10,4,3,2019,8,6
87.0,MARRAKECH MORROCAN RESTAURANT,419 O'Farrell St,Unapproved or unmaintained equipment or utensils,1,10,3,3,2019,8,6
90.0,Palio Paninoteca,"2565 03rd St, # 307",Inadequately cleaned or sanitized food contact surfaces,2,9,3,3,2019,8,6
96.0,Sift Cupcake & Dessert Bar,2411 California St,Improper food storage,1,6,2,3,2019,8,6
79.0,Fior d' Italia,2237 Mason St,Unclean nonfood contact surfaces,1,3,6,3,2019,8,6
90.0,Palio Paninoteca,"2565 03rd St, # 307",Inadequate and inaccessible handwashing facilities,2,9,3,3,2019,8,6
79.0,Fior d' Italia,2237 Mason St,Inadequate and inaccessible handwashing facilities,2,3,6,3,2019,8,6
79.0,Fior d' Italia,2237 Mason St,Unapproved or unmaintained equipment or utensils,1,3,6,3,2019,8,6
79.0,Fior d' Italia,2237 Mason St,Improper or defective plumbing,1,3,6,3,2019,8,6
90.0,Palio Paninoteca,"2565 03rd St, # 307",Unclean or degraded floors walls or ceilings,1,9,3,3,2019,8,6
79.0,Fior d' Italia,2237 Mason St,Inadequately cleaned or sanitized food contact surfaces,2,3,6,3,2019,8,6
96.0,Sift Cupcake & Dessert Bar,2411 California St,Unclean or degraded floors walls or ceilings,1,6,2,3,2019,8,6
79.0,Fior d' Italia,2237 Mason St,High risk vermin infestation,3,3,6,3,2019,8,6
96.0,SHENG KEE BAKERY,1941 IRVING St,Unclean or degraded floors walls or ceilings,1,7,2,3,2019,8,7
87.0,Rosamunde Sausage Grill,2832 MISSION St,Low risk vermin infestation,1,2,4,3,2019,8,7
92.0,GAS & SHOP,599 South Van Ness Ave,Permit license or inspection report not posted,1,2,4,3,2019,8,7
85.0,Mi Pueblito Market,2765 Mission St,Unclean nonfood contact surfaces,1,2,5,3,2019,8,7
92.0,GAS & SHOP,599 South Van Ness Ave,Improper storage use or identification of toxic substances,1,2,4,3,2019,8,7
87.0,Rosamunde Sausage Grill,2832 MISSION St,Unclean or degraded floors walls or ceilings,1,2,4,3,2019,8,7
85.0,Mi Pueblito Market,2765 Mission St,Unclean or degraded floors walls or ceilings,1,2,5,3,2019,8,7
85.0,Mi Pueblito Market,2765 Mission St,Unpermitted food facility,1,2,5,3,2019,8,7
87.0,Rosamunde Sausage Grill,2832 MISSION St,Wiping cloths not clean or properly stored or inadequate sanitizer,1,2,4,3,2019,8,7
92.0,GAS & SHOP,599 South Van Ness Ave,Improper or defective plumbing,1,2,4,3,2019,8,7
89.0,TAQUERIA SAN JOSE #1,2830 MISSION St,Improper cooling methods,3,2,3,3,2019,8,7
92.0,Wonderful Dessert & Cafe,2035 IRVING St,Improper or defective plumbing,1,7,3,3,2019,8,7
96.0,Opera Plaza Cinema,601 Van Ness Ave,Moderate risk vermin infestation,2,11,1,3,2019,8,7
89.0,TAQUERIA SAN JOSE #1,2830 MISSION St,Unclean or degraded floors walls or ceilings,1,2,3,3,2019,8,7
92.0,Wonderful Dessert & Cafe,2035 IRVING St,Inadequately cleaned or sanitized food contact surfaces,2,7,3,3,2019,8,7
92.0,GAS & SHOP,599 South Van Ness Ave,Unclean or degraded floors walls or ceilings,1,2,4,3,2019,8,7
96.0,SHENG KEE BAKERY,1941 IRVING St,Inadequate or unsanitary refuse containers or area or no garbage service,1,7,2,3,2019,8,7
85.0,Mi Pueblito Market,2765 Mission St,Unapproved  living quarters in food facility,1,2,5,3,2019,8,7
98.0,AUTO CITY Food Mart,505 So. Van Ness Ave,Permit license or inspection report not posted,1,2,1,3,2019,8,7
85.0,Mi Pueblito Market,2765 Mission St,High risk food holding temperature,3,2,5,3,2019,8,7
89.0,TAQUERIA SAN JOSE #1,2830 MISSION St,Improper storage of equipment utensils or linens,1,2,3,3,2019,8,7
87.0,Rosamunde Sausage Grill,2832 MISSION St,Improper cooling methods,3,2,4,3,2019,8,7
92.0,Wonderful Dessert & Cafe,2035 IRVING St,Unclean or degraded floors walls or ceilings,1,7,3,3,2019,8,7
89.0,Mixt Greens/Mixt,1 Market St,High risk food holding temperature,3,10,4,3,2019,8,7
89.0,Mixt Greens/Mixt,1 Market St,High risk food holding temperature,3,10,4,3,2019,8,7
84.0,Mixt Greens/Mixt,560 Mission St Suite 125,Improper food storage,1,10,3,3,2019,8,7
89.0,Mixt Greens/Mixt,1 Market St,Inadequately cleaned or sanitized food contact surfaces,2,10,4,3,2019,8,7
89.0,Mixt Greens/Mixt,1 Market St,Inadequately cleaned or sanitized food contact surfaces,2,10,4,3,2019,8,7
90.0,Cathead's BBQ,1665 FOLSOM St,Food safety certificate or food handler card not available,1,10,3,3,2019,8,7
84.0,Mixt Greens/Mixt,560 Mission St Suite 125,Improper cooling methods,3,10,3,3,2019,8,7
90.0,Cathead's BBQ,1665 FOLSOM St,Foods not protected from contamination,2,10,3,3,2019,8,7
84.0,Mixt Greens/Mixt,560 Mission St Suite 125,High risk food holding temperature,3,10,3,3,2019,8,7
90.0,Cathead's BBQ,1665 FOLSOM St,Inadequately cleaned or sanitized food contact surfaces,2,10,3,3,2019,8,7
100.0,La Ciccia,291 30th St,NA,0,5,1,3,2019,8,7
100.0,NOE HILL MARKET,4001 19th St,NA,0,5,1,3,2019,8,7
100.0,Kama Sushi,1497 CHURCH St,NA,0,5,1,3,2019,8,7
88.0,CHAVITA'S MEXICAN RESTAURANT,3006 MISSION St,Unclean nonfood contact surfaces,1,2,4,3,2019,8,8
92.0,S & P Concessions - Del Norte Ferry,Ferry Plaza - Pier 1,Inadequate and inaccessible handwashing facilities,2,3,3,3,2019,8,8
81.0,Panini,1457 Haight St,Unclean or unsanitary food contact surfaces,3,11,5,3,2019,8,8
94.0,Arizmendi Bakery,1268 Valencia St,Inadequately cleaned or sanitized food contact surfaces,2,5,2,3,2019,8,8
81.0,Panini,1457 Haight St,Moderate risk vermin infestation,2,11,5,3,2019,8,8
94.0,HAYES MARKET,698 HAYES St,Low risk vermin infestation,1,11,2,3,2019,8,8
94.0,Arizmendi Bakery,1268 Valencia St,Low risk vermin infestation,1,5,2,3,2019,8,8
88.0,CHAVITA'S MEXICAN RESTAURANT,3006 MISSION St,Improper thawing methods,2,2,4,3,2019,8,8
89.0,Pho Ha Tien,1900 OCEAN Ave,Foods not protected from contamination,2,8,2,3,2019,8,8
81.0,Panini,1457 Haight St,Unclean or degraded floors walls or ceilings,1,11,5,3,2019,8,8
92.0,S & P Concessions-MS San Francisco,Ferry Plaza Pier,Inadequately cleaned or sanitized food contact surfaces,2,3,4,3,2019,8,8
89.0,Pho Ha Tien,1900 OCEAN Ave,High risk food holding temperature,3,8,2,3,2019,8,8
88.0,CHAVITA'S MEXICAN RESTAURANT,3006 MISSION St,Food in poor condition,2,2,4,3,2019,8,8
81.0,Panini,1457 Haight St,Unapproved or unmaintained equipment or utensils,1,11,5,3,2019,8,8
96.0,Ben & Jerry's Haight-Ashbury,1480 Haight St,Improper storage of equipment utensils or linens,1,11,2,3,2019,8,8
88.0,CHAVITA'S MEXICAN RESTAURANT,3006 MISSION St,Improper or defective plumbing,1,2,4,3,2019,8,8
92.0,S & P Concessions - Del Norte Ferry,Ferry Plaza - Pier 1,Inadequately cleaned or sanitized food contact surfaces,2,3,3,3,2019,8,8
81.0,Panini,1457 Haight St,Inadequate and inaccessible handwashing facilities,2,11,5,3,2019,8,8
96.0,Ben & Jerry's Haight-Ashbury,1480 Haight St,Unapproved or unmaintained equipment or utensils,1,11,2,3,2019,8,8
94.0,HAYES MARKET,698 HAYES St,Moderate risk food holding temperature,2,11,2,3,2019,8,8
92.0,S & P Concessions-MS San Francisco,Ferry Plaza Pier,Inadequate and inaccessible handwashing facilities,2,3,4,3,2019,8,8
100.0,S & P Concessions - Mendocino,Ferry Plaza - Pier 1,NA,0,3,3,3,2019,8,8
94.0,McDONALD'S,302 POTRERO Ave,Inadequate and inaccessible handwashing facilities,2,9,2,3,2019,8,9
94.0,McDONALD'S,302 POTRERO Ave,Unapproved or unmaintained equipment or utensils,1,9,2,3,2019,8,9
81.0,Super Duper Burgers,2201 Chestnut St,Improper or defective plumbing,1,6,5,3,2019,8,9
91.0,Subway Sandwiches #24254,200 Pine St #140,Wiping cloths not clean or properly stored or inadequate sanitizer,1,3,2,3,2019,8,9
81.0,Super Duper Burgers,2201 Chestnut St,High risk vermin infestation,3,6,5,3,2019,8,9
81.0,Super Duper Burgers,2201 Chestnut St,Inadequate and inaccessible handwashing facilities,2,6,5,3,2019,8,9
81.0,Super Duper Burgers,2201 Chestnut St,Inadequately cleaned or sanitized food contact surfaces,2,6,5,3,2019,8,9
81.0,Super Duper Burgers,2201 Chestnut St,Unclean or degraded floors walls or ceilings,1,6,5,3,2019,8,9
91.0,Subway Sandwiches #24254,200 Pine St #140,High risk food holding temperature,3,3,2,3,2019,8,9
100.0,Station Cafe,1 ZOO Rd,NA,0,8,2,3,2019,8,9
100.0,Aroma Tea Shop,302 06th Ave,NA,0,4,1,3,2019,8,9
100.0,Pretty Please Bakeshop,291 03rd Ave,NA,0,4,1,3,2019,8,9
100.0,San Francisco ZOO WAREHOUSE,1 ZOO Rd,NA,0,8,2,3,2019,8,9
85.0,VEGA PIZZERIA,419 CORTLAND Ave,High risk vermin infestation,3,2,4,3,2019,8,12
86.0,Spin City Coffee Bar,1299 SANCHEZ St,Low risk vermin infestation,1,5,5,3,2019,8,12
92.0,BASIL THAI RESTAURANT & BAR,1175 FOLSOM St,Low risk vermin infestation,1,10,4,3,2019,8,12
92.0,TAQUERIA CAN-CUN,2288 MISSION St,Foods not protected from contamination,2,2,2,3,2019,8,12
86.0,Spin City Coffee Bar,1299 SANCHEZ St,Inadequately cleaned or sanitized food contact surfaces,2,5,5,3,2019,8,12
85.0,VEGA PIZZERIA,419 CORTLAND Ave,Noncompliance with HAACP plan or variance,2,2,4,3,2019,8,12
96.0,Angel's Market,1649 Castro St,Foods not protected from contamination,2,5,1,3,2019,8,12
87.0,Arts Valero,2985 San Bruno Ave,Moderate risk vermin infestation,2,2,3,3,2019,8,12
92.0,BASIL THAI RESTAURANT & BAR,1175 FOLSOM St,Wiping cloths not clean or properly stored or inadequate sanitizer,1,10,4,3,2019,8,12
86.0,Spin City Coffee Bar,1299 SANCHEZ St,Permit license or inspection report not posted,1,5,5,3,2019,8,12
87.0,Arts Valero,2985 San Bruno Ave,Food safety certificate or food handler card not available,1,2,3,3,2019,8,12
85.0,VEGA PIZZERIA,419 CORTLAND Ave,Improper storage of equipment utensils or linens,1,2,4,3,2019,8,12
92.0,BASIL THAI RESTAURANT & BAR,1175 FOLSOM St,Improper or defective plumbing,1,10,4,3,2019,8,12
86.0,Spin City Coffee Bar,1299 SANCHEZ St,Unclean nonfood contact surfaces,1,5,5,3,2019,8,12
92.0,BASIL THAI RESTAURANT & BAR,1175 FOLSOM St,Unclean or degraded floors walls or ceilings,1,10,4,3,2019,8,12
87.0,Arts Valero,2985 San Bruno Ave,High risk food holding temperature,3,2,3,3,2019,8,12
86.0,Spin City Coffee Bar,1299 SANCHEZ St,Insufficient hot water or running water,2,5,5,3,2019,8,12
92.0,TAQUERIA CAN-CUN,2288 MISSION St,Moderate risk food holding temperature,2,2,2,3,2019,8,12
85.0,VEGA PIZZERIA,419 CORTLAND Ave,Unclean nonfood contact surfaces,1,2,4,3,2019,8,12
100.0,FRANCIS OF ASSISI SENIOR MEALS PROG,145 Guerrero St,NA,0,5,1,3,2019,8,12
82.0,LOS HERMANOS,2026 CHESTNUT St,Contaminated or adulterated food,3,6,4,3,2019,8,13
75.0,BeiJing Restaurant,1801 Alemany Blvd,Improper food storage,1,1,5,3,2019,8,13
80.0,RJ's Market,1425 Sansome St,Inadequate ventilation or lighting,1,3,6,3,2019,8,13
83.0,"SAFEWAY STORES, INC. #995",1335 Webster St,Unclean or degraded floors walls or ceilings,1,11,6,3,2019,8,13
75.0,BeiJing Restaurant,1801 Alemany Blvd,High risk food holding temperature,3,1,5,3,2019,8,13
90.0,"LESLIE A. HENNESSY, INC.",545 02nd St,Food safety certificate or food handler card not available,1,10,3,3,2019,8,13
98.0,18 Reasons,3674 18th St,Low risk vermin infestation,1,5,1,3,2019,8,13
83.0,"SAFEWAY STORES, INC. #995",1335 Webster St,Unclean or unsanitary food contact surfaces,3,11,6,3,2019,8,13
87.0,San Raku Restaurant,704 Sutter St,Inadequately cleaned or sanitized food contact surfaces,2,3,3,3,2019,8,13
90.0,Happy Chinese Restaurant,1324 Powell St,Improper or defective plumbing,1,3,3,3,2019,8,13
82.0,LOS HERMANOS,2026 CHESTNUT St,Unclean hands or improper use of gloves,3,6,4,3,2019,8,13
80.0,RJ's Market,1425 Sansome St,Moderate risk food holding temperature,2,3,6,3,2019,8,13
92.0,Jay's Cheesesteak,3285 21st St,Inadequately cleaned or sanitized food contact surfaces,2,2,2,3,2019,8,13
94.0,Bi Rite Market,3639 18th St,Unclean or degraded floors walls or ceilings,1,5,2,3,2019,8,13
80.0,RJ's Market,1425 Sansome St,Insufficient hot water or running water,2,3,6,3,2019,8,13
75.0,BeiJing Restaurant,1801 Alemany Blvd,Unapproved or unmaintained equipment or utensils,1,1,5,3,2019,8,13
83.0,"SAFEWAY STORES, INC. #995",1335 Webster St,Low risk vermin infestation,1,11,6,3,2019,8,13
90.0,"LESLIE A. HENNESSY, INC.",545 02nd St,Moderate risk vermin infestation,2,10,3,3,2019,8,13
87.0,San Raku Restaurant,704 Sutter St,Improper storage use or identification of toxic substances,1,3,3,3,2019,8,13
96.0,Castro Street Chevron,2399 Market St,Moderate risk food holding temperature,2,5,1,3,2019,8,13
92.0,Jay's Cheesesteak,3285 21st St,Improper thawing methods,2,2,2,3,2019,8,13
90.0,Happy Chinese Restaurant,1324 Powell St,Inadequate and inaccessible handwashing facilities,2,3,3,3,2019,8,13
96.0,Ladle & Leaf,"50 Post St, 3rd Floor",Moderate risk food holding temperature,2,3,1,3,2019,8,13
87.0,San Raku Restaurant,704 Sutter St,High risk food holding temperature,3,3,3,3,2019,8,13
75.0,BeiJing Restaurant,1801 Alemany Blvd,Unclean hands or improper use of gloves,3,1,5,3,2019,8,13
80.0,RJ's Market,1425 Sansome St,Inadequately cleaned or sanitized food contact surfaces,2,3,6,3,2019,8,13
94.0,Bi Rite Market,3639 18th St,Inadequate food safety knowledge or lack of certified food safety manager,2,5,2,3,2019,8,13
90.0,"LESLIE A. HENNESSY, INC.",545 02nd St,Moderate risk food holding temperature,2,10,3,3,2019,8,13
82.0,LOS HERMANOS,2026 CHESTNUT St,Food safety certificate or food handler card not available,1,6,4,3,2019,8,13
83.0,"SAFEWAY STORES, INC. #995",1335 Webster St,Unclean nonfood contact surfaces,1,11,6,3,2019,8,13
75.0,BeiJing Restaurant,1801 Alemany Blvd,Improper cooling methods,3,1,5,3,2019,8,13
80.0,RJ's Market,1425 Sansome St,Low risk vermin infestation,1,3,6,3,2019,8,13
83.0,"SAFEWAY STORES, INC. #995",1335 Webster St,Moderate risk food holding temperature,2,11,6,3,2019,8,13
90.0,Happy Chinese Restaurant,1324 Powell St,Inadequately cleaned or sanitized food contact surfaces,2,3,3,3,2019,8,13
80.0,RJ's Market,1425 Sansome St,Inadequate and inaccessible handwashing facilities,2,3,6,3,2019,8,13
82.0,LOS HERMANOS,2026 CHESTNUT St,Wiping cloths not clean or properly stored or inadequate sanitizer,1,6,4,3,2019,8,13
94.0,Zynga,699 08th St,Inadequately cleaned or sanitized food contact surfaces,2,10,2,3,2019,8,13
94.0,Zynga,699 08th St,Unclean or degraded floors walls or ceilings,1,10,2,3,2019,8,13
100.0,Jewish Community Center of San Francisco,3200 California,NA,0,6,1,3,2019,8,13
82.0,Piqueos LLC,830 CORTLAND Ave,Improper cooling methods,3,2,4,3,2019,8,14
88.0,Toy Boat Dessert Cafe,401 Clement St,Moderate risk vermin infestation,2,4,4,3,2019,8,14
90.0,Viking's Giant Sub,2906 Diamond St,Unapproved or unmaintained equipment or utensils,1,5,4,3,2019,8,14
96.0,LUCCA FOOD & WINE SHOP,1899 IRVING St,Unclean nonfood contact surfaces,1,7,2,3,2019,8,14
80.0,Sushi Delight,1946 MARKET St,Food safety certificate or food handler card not available,1,5,4,3,2019,8,14
83.0,TAWAN'S THAI FOOD,4403 GEARY Blvd,Unapproved or unmaintained equipment or utensils,1,4,5,3,2019,8,14
68.0,Hana Zen Sushi & Yakitori Bar,Pier 39  Space M209,Improper food storage,1,3,9,3,2019,8,14
83.0,TAWAN'S THAI FOOD,4403 GEARY Blvd,Other low risk violation,1,4,5,3,2019,8,14
68.0,Hana Zen Sushi & Yakitori Bar,Pier 39  Space M209,Unclean nonfood contact surfaces,1,3,9,3,2019,8,14
81.0,SRI THAI CUISINE,4621 LINCOLN Way,Foods not protected from contamination,2,7,5,3,2019,8,14
90.0,PHO HUYNH HIEP II,1833 IRVING St,Foods not protected from contamination,2,7,4,3,2019,8,14
88.0,Toy Boat Dessert Cafe,401 Clement St,Unapproved or unmaintained equipment or utensils,1,4,4,3,2019,8,14
90.0,Viking's Giant Sub,2906 Diamond St,Unclean or degraded floors walls or ceilings,1,5,4,3,2019,8,14
80.0,Sushi Delight,1946 MARKET St,Moderate risk vermin infestation,2,5,4,3,2019,8,14
82.0,Piqueos LLC,830 CORTLAND Ave,Improper food storage,1,2,4,3,2019,8,14
83.0,TAWAN'S THAI FOOD,4403 GEARY Blvd,Unclean hands or improper use of gloves,3,4,5,3,2019,8,14
68.0,Hana Zen Sushi & Yakitori Bar,Pier 39  Space M209,Unapproved or unmaintained equipment or utensils,1,3,9,3,2019,8,14
81.0,SRI THAI CUISINE,4621 LINCOLN Way,High risk food holding temperature,3,7,5,3,2019,8,14
96.0,LUCCA FOOD & WINE SHOP,1899 IRVING St,Unclean or degraded floors walls or ceilings,1,7,2,3,2019,8,14
88.0,Toy Boat Dessert Cafe,401 Clement St,Inadequately cleaned or sanitized food contact surfaces,2,4,4,3,2019,8,14
68.0,Hana Zen Sushi & Yakitori Bar,Pier 39  Space M209,Improper or defective plumbing,1,3,9,3,2019,8,14
81.0,SRI THAI CUISINE,4621 LINCOLN Way,Unclean or degraded floors walls or ceilings,1,7,5,3,2019,8,14
90.0,PHO HUYNH HIEP II,1833 IRVING St,Unclean nonfood contact surfaces,1,7,4,3,2019,8,14
83.0,TAWAN'S THAI FOOD,4403 GEARY Blvd,Improper thawing methods,2,4,5,3,2019,8,14
68.0,Hana Zen Sushi & Yakitori Bar,Pier 39  Space M209,High risk vermin infestation,3,3,9,3,2019,8,14
82.0,Piqueos LLC,830 CORTLAND Ave,Unclean unmaintained or improperly constructed toilet facilities,1,2,4,3,2019,8,14
80.0,Sushi Delight,1946 MARKET St,Unclean or unsanitary food contact surfaces,3,5,4,3,2019,8,14
81.0,SRI THAI CUISINE,4621 LINCOLN Way,Improper storage of equipment utensils or linens,1,7,5,3,2019,8,14
68.0,Hana Zen Sushi & Yakitori Bar,Pier 39  Space M209,Unclean or unsanitary food contact surfaces,3,3,9,3,2019,8,14
88.0,Toy Boat Dessert Cafe,401 Clement St,Food safety certificate or food handler card not available,1,4,4,3,2019,8,14
90.0,Viking's Giant Sub,2906 Diamond St,Wiping cloths not clean or properly stored or inadequate sanitizer,1,5,4,3,2019,8,14
90.0,PHO HUYNH HIEP II,1833 IRVING St,Unclean or degraded floors walls or ceilings,1,7,4,3,2019,8,14
82.0,Piqueos LLC,830 CORTLAND Ave,High risk food holding temperature,3,2,4,3,2019,8,14
68.0,Hana Zen Sushi & Yakitori Bar,Pier 39  Space M209,Moderate risk food holding temperature,2,3,9,3,2019,8,14
68.0,Hana Zen Sushi & Yakitori Bar,Pier 39  Space M209,Permit license or inspection report not posted,1,3,9,3,2019,8,14
68.0,Hana Zen Sushi & Yakitori Bar,Pier 39  Space M209,Inadequate and inaccessible handwashing facilities,2,3,9,3,2019,8,14
83.0,TAWAN'S THAI FOOD,4403 GEARY Blvd,Improper storage use or identification of toxic substances,1,4,5,3,2019,8,14
90.0,Viking's Giant Sub,2906 Diamond St,Improper thawing methods,2,5,4,3,2019,8,14
81.0,SRI THAI CUISINE,4621 LINCOLN Way,Employee eating or smoking,2,7,5,3,2019,8,14
90.0,PHO HUYNH HIEP II,1833 IRVING St,Improper food storage,1,7,4,3,2019,8,14
80.0,Sushi Delight,1946 MARKET St,Unclean hands or improper use of gloves,3,5,4,3,2019,8,14
94.0,Blarney Stone,5625 GEARY Blvd,Moderate risk food holding temperature,2,4,2,3,2019,8,14
94.0,Blarney Stone,5625 GEARY Blvd,Unclean or degraded floors walls or ceilings,1,4,2,3,2019,8,14
96.0,STARBUCKS COFFEE,1401 VAN NESS Ave,Wiping cloths not clean or properly stored or inadequate sanitizer,1,6,2,3,2019,8,15
94.0,Pizzeria Delfina,3611 18th St,Unclean or degraded floors walls or ceilings,1,5,2,3,2019,8,15
92.0,DELFINA RESTAURANT,3621 18th St,Inadequately cleaned or sanitized food contact surfaces,2,5,2,3,2019,8,15
84.0,Loi's Vietnamese Restaurant,2228 Irving St,Food safety certificate or food handler card not available,1,7,5,3,2019,8,15
94.0,Pizzeria Delfina,3611 18th St,Inadequate and inaccessible handwashing facilities,2,5,2,3,2019,8,15
92.0,DELFINA RESTAURANT,3621 18th St,Noncompliance with HAACP plan or variance,2,5,2,3,2019,8,15
96.0,STARBUCKS COFFEE,1401 VAN NESS Ave,Permit license or inspection report not posted,1,6,2,3,2019,8,15
84.0,Loi's Vietnamese Restaurant,2228 Irving St,Unclean or degraded floors walls or ceilings,1,7,5,3,2019,8,15
92.0,Subway #43108,4841 Mission St,Food safety certificate or food handler card not available,1,1,3,3,2019,8,15
96.0,The Olive Garden Italian,3251 20th Ave,Foods not protected from contamination,2,8,20,3,2019,8,15
96.0,The Olive Garden Italian,3251 20th Ave,Foods not protected from contamination,2,8,20,3,2019,8,15
96.0,The Olive Garden Italian,3251 20th Ave,Foods not protected from contamination,2,8,20,3,2019,8,15
96.0,The Olive Garden Italian,3251 20th Ave,Foods not protected from contamination,2,8,20,3,2019,8,15
96.0,The Olive Garden Italian,3251 20th Ave,Foods not protected from contamination,2,8,20,3,2019,8,15
96.0,The Olive Garden Italian,3251 20th Ave,Foods not protected from contamination,2,8,20,3,2019,8,15
96.0,The Olive Garden Italian,3251 20th Ave,Foods not protected from contamination,2,8,20,3,2019,8,15
96.0,The Olive Garden Italian,3251 20th Ave,Foods not protected from contamination,2,8,20,3,2019,8,15
96.0,The Olive Garden Italian,3251 20th Ave,Foods not protected from contamination,2,8,20,3,2019,8,15
96.0,The Olive Garden Italian,3251 20th Ave,Foods not protected from contamination,2,8,20,3,2019,8,15
96.0,The Olive Garden Italian,3251 20th Ave,Foods not protected from contamination,2,8,20,3,2019,8,15
96.0,The Olive Garden Italian,3251 20th Ave,Foods not protected from contamination,2,8,20,3,2019,8,15
96.0,The Olive Garden Italian,3251 20th Ave,Foods not protected from contamination,2,8,20,3,2019,8,15
96.0,The Olive Garden Italian,3251 20th Ave,Foods not protected from contamination,2,8,20,3,2019,8,15
96.0,The Olive Garden Italian,3251 20th Ave,Foods not protected from contamination,2,8,20,3,2019,8,15
96.0,The Olive Garden Italian,3251 20th Ave,Foods not protected from contamination,2,8,20,3,2019,8,15
96.0,The Olive Garden Italian,3251 20th Ave,Foods not protected from contamination,2,8,20,3,2019,8,15
96.0,The Olive Garden Italian,3251 20th Ave,Foods not protected from contamination,2,8,20,3,2019,8,15
96.0,The Olive Garden Italian,3251 20th Ave,Foods not protected from contamination,2,8,20,3,2019,8,15
96.0,The Olive Garden Italian,3251 20th Ave,Foods not protected from contamination,2,8,20,3,2019,8,15
84.0,Loi's Vietnamese Restaurant,2228 Irving St,Foods not protected from contamination,2,7,5,3,2019,8,15
92.0,Subway #43108,4841 Mission St,Inadequately cleaned or sanitized food contact surfaces,2,1,3,3,2019,8,15
92.0,Subway #43108,4841 Mission St,Unapproved or unmaintained equipment or utensils,1,1,3,3,2019,8,15
84.0,Loi's Vietnamese Restaurant,2228 Irving St,Improper thawing methods,2,7,5,3,2019,8,15
84.0,Loi's Vietnamese Restaurant,2228 Irving St,Inadequately cleaned or sanitized food contact surfaces,2,7,5,3,2019,8,15
100.0,Zanze's Cheesecake,2405 Ocean Ave,NA,0,8,1,3,2019,8,15
84.0,Hamburger Haven,800 Clement St,Improper thawing methods,2,4,6,3,2019,8,16
88.0,Sun Stream Coffee,2884 Geary Blvd,Food safety certificate or food handler card not available,1,6,4,3,2019,8,16
78.0,The Crab Station of Fisherman's Wharf,Foot of Taylor St #2,Contaminated or adulterated food,3,3,5,3,2019,8,16
84.0,Hamburger Haven,800 Clement St,Improper storage use or identification of toxic substances,1,4,6,3,2019,8,16
88.0,Sun Stream Coffee,2884 Geary Blvd,Insufficient hot water or running water,2,6,4,3,2019,8,16
88.0,Beverages & More,1301 Van Ness Ave,Inadequately cleaned or sanitized food contact surfaces,2,6,3,3,2019,8,16
84.0,Hamburger Haven,800 Clement St,Improper food storage,1,4,6,3,2019,8,16
88.0,Sun Stream Coffee,2884 Geary Blvd,Permit license or inspection report not posted,1,6,4,3,2019,8,16
96.0,The Cheesecake Factory,"251 Geary St, 8th Floor",Improper thawing methods,2,3,1,3,2019,8,16
78.0,The Crab Station of Fisherman's Wharf,Foot of Taylor St #2,High risk vermin infestation,3,3,5,3,2019,8,16
92.0,Wines of California Wine Bar,Pier 39  Space N-111,Inadequate and inaccessible handwashing facilities,2,3,2,3,2019,8,16
84.0,Hamburger Haven,800 Clement St,Wiping cloths not clean or properly stored or inadequate sanitizer,1,4,6,3,2019,8,16
88.0,Beverages & More,1301 Van Ness Ave,Inadequate and inaccessible handwashing facilities,2,6,3,3,2019,8,16
88.0,Sun Stream Coffee,2884 Geary Blvd,Inadequate and inaccessible handwashing facilities,2,6,4,3,2019,8,16
91.0,Maykadeh Restaurant,470 Green St,High risk food holding temperature,3,3,2,3,2019,8,16
78.0,The Crab Station of Fisherman's Wharf,Foot of Taylor St #2,Unclean nonfood contact surfaces,1,3,5,3,2019,8,16
84.0,Hamburger Haven,800 Clement St,Unapproved or unmaintained equipment or utensils,1,4,6,3,2019,8,16
92.0,Wines of California Wine Bar,Pier 39  Space N-111,Improper thawing methods,2,3,2,3,2019,8,16
78.0,The Crab Station of Fisherman's Wharf,Foot of Taylor St #2,Unapproved or unmaintained equipment or utensils,1,3,5,3,2019,8,16
78.0,The Crab Station of Fisherman's Wharf,Foot of Taylor St #2,Moderate risk food holding temperature,2,3,5,3,2019,8,16
91.0,Maykadeh Restaurant,470 Green St,Improper food storage,1,3,2,3,2019,8,16
84.0,Hamburger Haven,800 Clement St,Moderate risk food holding temperature,2,4,6,3,2019,8,16
88.0,Beverages & More,1301 Van Ness Ave,Insufficient hot water or running water,2,6,3,3,2019,8,16
85.0,Lers Ros Thai Noodle,307 Hayes St,Wiping cloths not clean or properly stored or inadequate sanitizer,1,11,4,3,2019,8,16
85.0,Lers Ros Thai Noodle,307 Hayes St,Low risk vermin infestation,1,11,4,3,2019,8,16
85.0,Lers Ros Thai Noodle,307 Hayes St,Inadequate and inaccessible handwashing facilities,2,11,4,3,2019,8,16
85.0,Lers Ros Thai Noodle,307 Hayes St,High risk food holding temperature,3,11,4,3,2019,8,16
78.0,Chef Hunan,4661 MISSION St,Unclean hands or improper use of gloves,3,1,5,3,2019,8,19
92.0,FRANKLIN MARKET,1528 FRANKLIN St,Inadequate or unsanitary refuse containers or area or no garbage service,1,6,3,3,2019,8,19
83.0,LA TORTILLA,495 Castro St B,Improper thawing methods,2,5,4,3,2019,8,19
78.0,Chef Hunan,4661 MISSION St,Inadequately cleaned or sanitized food contact surfaces,2,1,5,3,2019,8,19
92.0,FRANKLIN MARKET,1528 FRANKLIN St,Moderate risk vermin infestation,2,6,3,3,2019,8,19
83.0,LA TORTILLA,495 Castro St B,Unclean or degraded floors walls or ceilings,1,5,4,3,2019,8,19
78.0,Chef Hunan,4661 MISSION St,High risk food holding temperature,3,1,5,3,2019,8,19
93.0,Sightglass Roasters,270 07th St,Unclean or unsanitary food contact surfaces,3,10,1,3,2019,8,19
78.0,Chef Hunan,4661 MISSION St,Unclean nonfood contact surfaces,1,1,5,3,2019,8,19
98.0,PORTOLA BAPTIST CHURCH,225 PIOCHE STREET,Food safety certificate or food handler card not available,1,2,1,3,2019,8,19
83.0,LA TORTILLA,495 Castro St B,Inadequate food safety knowledge or lack of certified food safety manager,2,5,4,3,2019,8,19
83.0,LA TORTILLA,495 Castro St B,High risk food holding temperature,3,5,4,3,2019,8,19
92.0,FRANKLIN MARKET,1528 FRANKLIN St,Inadequate dressing rooms or improper storage of personal items,1,6,3,3,2019,8,19
78.0,Chef Hunan,4661 MISSION St,Improper food storage,1,1,5,3,2019,8,19
83.0,Amphawa Thai Noodle House,5020 GEARY Blvd,Improper cooling methods,3,4,4,3,2019,8,19
83.0,Amphawa Thai Noodle House,5020 GEARY Blvd,Foods not protected from contamination,2,4,4,3,2019,8,19
83.0,Amphawa Thai Noodle House,5020 GEARY Blvd,Unapproved or unmaintained equipment or utensils,1,4,4,3,2019,8,19
83.0,Amphawa Thai Noodle House,5020 GEARY Blvd,Improper thawing methods,2,4,4,3,2019,8,19
55.0,Tip Top Market,84 Turk St,Employee eating or smoking,2,10,11,3,2019,8,20
90.0,BUFFALO BURGERS RESTAURANT,5317-19 Geary Blvd,Low risk vermin infestation,1,4,4,3,2019,8,20
55.0,Tip Top Market,84 Turk St,High risk food holding temperature,3,10,11,3,2019,8,20
55.0,Tip Top Market,84 Turk St,Inadequately cleaned or sanitized food contact surfaces,2,10,11,3,2019,8,20
75.0,LAM HOA THUAN RESTAURANT,2337 IRVING St,Employee eating or smoking,2,7,7,3,2019,8,20
81.0,SAFEWAY STORE #964,4950 Mission St,Unapproved or unmaintained equipment or utensils,1,1,6,3,2019,8,20
88.0,Bohemian Cigar Store,566 Columbus Ave,Moderate risk vermin infestation,2,3,3,3,2019,8,20
55.0,Tip Top Market,84 Turk St,Improper storage use or identification of toxic substances,1,10,11,3,2019,8,20
75.0,LAM HOA THUAN RESTAURANT,2337 IRVING St,Foods not protected from contamination,2,7,7,3,2019,8,20
90.0,BUFFALO BURGERS RESTAURANT,5317-19 Geary Blvd,Unapproved or unmaintained equipment or utensils,1,4,4,3,2019,8,20
55.0,Tip Top Market,84 Turk St,High risk vermin infestation,3,10,11,3,2019,8,20
75.0,LAM HOA THUAN RESTAURANT,2337 IRVING St,Wiping cloths not clean or properly stored or inadequate sanitizer,1,7,7,3,2019,8,20
55.0,Tip Top Market,84 Turk St,Food in poor condition,2,10,11,3,2019,8,20
86.0,LITTLE JOES PIZZA REST.,5006 MISSION St,High risk vermin infestation,3,1,2,3,2019,8,20
81.0,SAFEWAY STORE #964,4950 Mission St,Inadequately cleaned or sanitized food contact surfaces,2,1,6,3,2019,8,20
89.0,NOAH'S NEW YORK BAGELS #2105,1521 SLOAT Blvd,High risk food holding temperature,3,8,2,3,2019,8,20
93.0,GORDO TAQUERIA #6,5450 GEARY Blvd,Improper cooling methods,3,4,1,3,2019,8,20
88.0,Bohemian Cigar Store,566 Columbus Ave,Moderate risk food holding temperature,2,3,3,3,2019,8,20
75.0,LAM HOA THUAN RESTAURANT,2337 IRVING St,High risk vermin infestation,3,7,7,3,2019,8,20
55.0,Tip Top Market,84 Turk St,Unclean or degraded floors walls or ceilings,1,10,11,3,2019,8,20
81.0,SAFEWAY STORE #964,4950 Mission St,Foods not protected from contamination,2,1,6,3,2019,8,20
90.0,BUFFALO BURGERS RESTAURANT,5317-19 Geary Blvd,Moderate risk food holding temperature,2,4,4,3,2019,8,20
88.0,Bohemian Cigar Store,566 Columbus Ave,Inadequately cleaned or sanitized food contact surfaces,2,3,3,3,2019,8,20
55.0,Tip Top Market,84 Turk St,Inadequate and inaccessible handwashing facilities,2,10,11,3,2019,8,20
81.0,SAFEWAY STORE #964,4950 Mission St,Unclean hands or improper use of gloves,3,1,6,3,2019,8,20
75.0,LAM HOA THUAN RESTAURANT,2337 IRVING St,Unclean nonfood contact surfaces,1,7,7,3,2019,8,20
86.0,LITTLE JOES PIZZA REST.,5006 MISSION St,Unclean hands or improper use of gloves,3,1,2,3,2019,8,20
55.0,Tip Top Market,84 Turk St,Improper food storage,1,10,11,3,2019,8,20
75.0,LAM HOA THUAN RESTAURANT,2337 IRVING St,Unclean or degraded floors walls or ceilings,1,7,7,3,2019,8,20
89.0,NOAH'S NEW YORK BAGELS #2105,1521 SLOAT Blvd,Inadequate and inaccessible handwashing facilities,2,8,2,3,2019,8,20
96.0,The Lunch Box,50 Phelan Ave.,Moderate risk food holding temperature,2,8,1,3,2019,8,20
81.0,SAFEWAY STORE #964,4950 Mission St,Improper or defective plumbing,1,1,6,3,2019,8,20
90.0,BUFFALO BURGERS RESTAURANT,5317-19 Geary Blvd,Improper food storage,1,4,4,3,2019,8,20
55.0,Tip Top Market,84 Turk St,Unclean or unsanitary food contact surfaces,3,10,11,3,2019,8,20
55.0,Tip Top Market,84 Turk St,Unapproved or unmaintained equipment or utensils,1,10,11,3,2019,8,20
75.0,LAM HOA THUAN RESTAURANT,2337 IRVING St,Improper thawing methods,2,7,7,3,2019,8,20
82.0,Imagine Culinary Group,"600 Townsend St, 4th Floor",Foods not protected from contamination,2,10,5,3,2019,8,20
82.0,Imagine Culinary Group,"600 Townsend St, 4th Floor",Inadequately cleaned or sanitized food contact surfaces,2,10,5,3,2019,8,20
82.0,Imagine Culinary Group,"600 Townsend St, 4th Floor",Inadequate and inaccessible handwashing facilities,2,10,5,3,2019,8,20
82.0,Imagine Culinary Group,"600 Townsend St, 4th Floor",Moderate risk food holding temperature,2,10,5,3,2019,8,20
82.0,Imagine Culinary Group,"600 Townsend St, 4th Floor",Unapproved or unmaintained equipment or utensils,1,10,5,3,2019,8,20
75.0,L & L Hawaiian Barbecue,312 Kearny St,Unclean nonfood contact surfaces,1,3,5,3,2019,8,21
92.0,La Laguna,3906 03rd St,Inadequately cleaned or sanitized food contact surfaces,2,9,3,3,2019,8,21
87.0,Papalote,3409 24th St,Moderate risk food holding temperature,2,5,3,3,2019,8,21
86.0,Double Play Bar & Grill,2401 16th St,Moderate risk vermin infestation,2,2,4,3,2019,8,21
92.0,HILDA'S MART & BAKE SHOP,145 PERSIA Ave,Inadequately cleaned or sanitized food contact surfaces,2,1,2,3,2019,8,21
85.0,Cafe Destiji,1075 Front St,High risk food holding temperature,3,3,4,3,2019,8,21
84.0,Red Jade Restaurant,245 Church St.,Inadequately cleaned or sanitized food contact surfaces,2,5,5,3,2019,8,21
86.0,Superette Market,128 EDDY ST,Inadequately cleaned or sanitized food contact surfaces,2,10,5,3,2019,8,21
87.0,Papalote,3409 24th St,Unclean nonfood contact surfaces,1,5,3,3,2019,8,21
84.0,Red Jade Restaurant,245 Church St.,Unclean or degraded floors walls or ceilings,1,5,5,3,2019,8,21
86.0,Superette Market,128 EDDY ST,Improper food storage,1,10,5,3,2019,8,21
89.0,RAIN TREE CAFE,654 IRVING St,Wiping cloths not clean or properly stored or inadequate sanitizer,1,11,3,3,2019,8,21
86.0,Double Play Bar & Grill,2401 16th St,Moderate risk food holding temperature,2,2,4,3,2019,8,21
85.0,Cafe Destiji,1075 Front St,Unclean or degraded floors walls or ceilings,1,3,4,3,2019,8,21
75.0,L & L Hawaiian Barbecue,312 Kearny St,High risk vermin infestation,3,3,5,3,2019,8,21
86.0,Superette Market,128 EDDY ST,Inadequate and inaccessible handwashing facilities,2,10,5,3,2019,8,21
92.0,La Laguna,3906 03rd St,Unclean nonfood contact surfaces,1,9,3,3,2019,8,21
86.0,Superette Market,128 EDDY ST,Unapproved or unmaintained equipment or utensils,1,10,5,3,2019,8,21
89.0,RAIN TREE CAFE,654 IRVING St,High risk food holding temperature,3,11,3,3,2019,8,21
85.0,Cafe Destiji,1075 Front St,Low risk vermin infestation,1,3,4,3,2019,8,21
86.0,Double Play Bar & Grill,2401 16th St,Wiping cloths not clean or properly stored or inadequate sanitizer,1,2,4,3,2019,8,21
75.0,L & L Hawaiian Barbecue,312 Kearny St,Improper cooling methods,3,3,5,3,2019,8,21
84.0,Red Jade Restaurant,245 Church St.,Moderate risk food holding temperature,2,5,5,3,2019,8,21
75.0,L & L Hawaiian Barbecue,312 Kearny St,Improper storage of equipment utensils or linens,1,3,5,3,2019,8,21
92.0,HILDA'S MART & BAKE SHOP,145 PERSIA Ave,Inadequate and inaccessible handwashing facilities,2,1,2,3,2019,8,21
89.0,RAIN TREE CAFE,654 IRVING St,Improper or defective plumbing,1,11,3,3,2019,8,21
87.0,Papalote,3409 24th St,High risk vermin infestation,3,5,3,3,2019,8,21
92.0,La Laguna,3906 03rd St,Low risk vermin infestation,1,9,3,3,2019,8,21
86.0,Double Play Bar & Grill,2401 16th St,Foods not protected from contamination,2,2,4,3,2019,8,21
96.0,CHLOE'S,1399 CHURCH St,Inadequately cleaned or sanitized food contact surfaces,2,5,1,3,2019,8,21
86.0,Superette Market,128 EDDY ST,Improper or defective plumbing,1,10,5,3,2019,8,21
85.0,Cafe Destiji,1075 Front St,Inadequately cleaned or sanitized food contact surfaces,2,3,4,3,2019,8,21
75.0,L & L Hawaiian Barbecue,312 Kearny St,High risk food holding temperature,3,3,5,3,2019,8,21
84.0,Red Jade Restaurant,245 Church St.,Moderate risk vermin infestation,2,5,5,3,2019,8,21
84.0,Red Jade Restaurant,245 Church St.,Unapproved or unmaintained equipment or utensils,1,5,5,3,2019,8,21
91.0,Hops & Hominy,1 Tillman Pl,Improper storage of equipment utensils or linens,1,3,2,3,2019,8,21
91.0,Hops & Hominy,1 Tillman Pl,High risk food holding temperature,3,3,2,3,2019,8,21
96.0,PANDA EXPRESS,865 MARKET St C24,Inadequately cleaned or sanitized food contact surfaces,2,10,1,3,2019,8,22
87.0,Chili Lemon Garlic,518 Bryant St,Low risk vermin infestation,1,10,4,3,2019,8,22
88.0,Moyo's Yogurt,1737 Post St #367,Moderate risk vermin infestation,2,11,3,3,2019,8,22
79.0,Franciscan Crab Restaurant,Pier 43 1/2,Inadequate ventilation or lighting,1,3,6,3,2019,8,22
94.0,Starbucks Coffee,27 Drumm St,Insufficient hot water or running water,2,3,2,3,2019,8,22
88.0,Thanh Tam II,577 Valencia St.,Wiping cloths not clean or properly stored or inadequate sanitizer,1,2,4,3,2019,8,22
88.0,HAAGEN-DAZS #561,865 MARKET St,Inadequate and inaccessible handwashing facilities,2,10,4,3,2019,8,22
87.0,Subway #4066,5650 Geary Blvd,Unapproved or unmaintained equipment or utensils,1,4,3,3,2019,8,22
91.0,Mrs. Fields Cookies,865 Market St 9000,Unclean or degraded floors walls or ceilings,1,10,2,3,2019,8,22
85.0,My Canh Restaurant,626 Broadway St,Improper storage of equipment utensils or linens,1,3,4,3,2019,8,22
88.0,Thanh Tam II,577 Valencia St.,Foods not protected from contamination,2,2,4,3,2019,8,22
87.0,Chili Lemon Garlic,518 Bryant St,Unclean or unsanitary food contact surfaces,3,10,4,3,2019,8,22
98.0,"Campton Place SF, A Taj Hotel-Employee Cafeteria",340  St,Improper food storage,1,3,1,3,2019,8,22
79.0,Franciscan Crab Restaurant,Pier 43 1/2,High risk food holding temperature,3,3,6,3,2019,8,22
79.0,Franciscan Crab Restaurant,Pier 43 1/2,Low risk vermin infestation,1,3,6,3,2019,8,22
88.0,HAAGEN-DAZS #561,865 MARKET St,Unclean or degraded floors walls or ceilings,1,10,4,3,2019,8,22
87.0,Subway #4066,5650 Geary Blvd,Moderate risk food holding temperature,2,4,3,3,2019,8,22
79.0,Franciscan Crab Restaurant,Pier 43 1/2,Inadequately cleaned or sanitized food contact surfaces,2,3,6,3,2019,8,22
89.0,Little Delhi India Restaurant,83 Eddy St,Unapproved or unmaintained equipment or utensils,1,3,3,3,2019,8,22
85.0,My Canh Restaurant,626 Broadway St,Unclean or degraded floors walls or ceilings,1,3,4,3,2019,8,22
88.0,Thanh Tam II,577 Valencia St.,Improper storage of equipment utensils or linens,1,2,4,3,2019,8,22
85.0,My Canh Restaurant,626 Broadway St,Improper cooling methods,3,3,4,3,2019,8,22
88.0,HAAGEN-DAZS #561,865 MARKET St,Unapproved or unmaintained equipment or utensils,1,10,4,3,2019,8,22
94.0,Starbucks Coffee,27 Drumm St,Wiping cloths not clean or properly stored or inadequate sanitizer,1,3,2,3,2019,8,22
89.0,Little Delhi India Restaurant,83 Eddy St,Improper storage of equipment utensils or linens,1,3,3,3,2019,8,22
88.0,Moyo's Yogurt,1737 Post St #367,Inadequately cleaned or sanitized food contact surfaces,2,11,3,3,2019,8,22
87.0,Subway #4066,5650 Geary Blvd,Unclean or unsanitary food contact surfaces,3,4,3,3,2019,8,22
79.0,Franciscan Crab Restaurant,Pier 43 1/2,Unclean or degraded floors walls or ceilings,1,3,6,3,2019,8,22
87.0,Chili Lemon Garlic,518 Bryant St,Permit license or inspection report not posted,1,10,4,3,2019,8,22
91.0,Mrs. Fields Cookies,865 Market St 9000,Unclean or unsanitary food contact surfaces,3,10,2,3,2019,8,22
79.0,Franciscan Crab Restaurant,Pier 43 1/2,Noncompliance with shell fish tags or display,2,3,6,3,2019,8,22
94.0,"Campton Place SF, A Taj Hotel-Restaurant",340 Stockton St,Moderate risk food holding temperature,2,3,2,3,2019,8,22
88.0,Moyo's Yogurt,1737 Post St #367,Inadequate and inaccessible handwashing facilities,2,11,3,3,2019,8,22
88.0,Thanh Tam II,577 Valencia St.,Moderate risk food holding temperature,2,2,4,3,2019,8,22
89.0,Little Delhi India Restaurant,83 Eddy St,Improper cooling methods,3,3,3,3,2019,8,22
88.0,HAAGEN-DAZS #561,865 MARKET St,Inadequately cleaned or sanitized food contact surfaces,2,10,4,3,2019,8,22
85.0,My Canh Restaurant,626 Broadway St,Moderate risk vermin infestation,2,3,4,3,2019,8,22
94.0,"Campton Place SF, A Taj Hotel-Restaurant",340 Stockton St,Improper food storage,1,3,2,3,2019,8,22
87.0,Chili Lemon Garlic,518 Bryant St,Food safety certificate or food handler card not available,1,10,4,3,2019,8,22
78.0,Charley's Grilled Subs,865 Market St,Inadequately cleaned or sanitized food contact surfaces,2,10,28,3,2019,8,22
78.0,Charley's Grilled Subs,865 Market St,Inadequately cleaned or sanitized food contact surfaces,2,10,28,3,2019,8,22
78.0,Charley's Grilled Subs,865 Market St,Inadequately cleaned or sanitized food contact surfaces,2,10,28,3,2019,8,22
78.0,Charley's Grilled Subs,865 Market St,Inadequately cleaned or sanitized food contact surfaces,2,10,28,3,2019,8,22
94.0,Wise Sons Deli,3150 24th St,Unclean or degraded floors walls or ceilings,1,2,2,3,2019,8,22
78.0,Charley's Grilled Subs,865 Market St,Inadequate ventilation or lighting,1,10,28,3,2019,8,22
78.0,Charley's Grilled Subs,865 Market St,Inadequate ventilation or lighting,1,10,28,3,2019,8,22
78.0,Charley's Grilled Subs,865 Market St,Inadequate ventilation or lighting,1,10,28,3,2019,8,22
78.0,Charley's Grilled Subs,865 Market St,Inadequate ventilation or lighting,1,10,28,3,2019,8,22
80.0,Hot Pot Garden,1055 Taraval St,No person in charge of food facility,1,7,5,3,2019,8,22
85.0,ESTELA'S DONBURI,891 Bush St,Unclean or degraded floors walls or ceilings,1,3,4,3,2019,8,22
80.0,Hot Pot Garden,1055 Taraval St,High risk vermin infestation,3,7,5,3,2019,8,22
78.0,Charley's Grilled Subs,865 Market St,Moderate risk food holding temperature,2,10,28,3,2019,8,22
78.0,Charley's Grilled Subs,865 Market St,Moderate risk food holding temperature,2,10,28,3,2019,8,22
78.0,Charley's Grilled Subs,865 Market St,Moderate risk food holding temperature,2,10,28,3,2019,8,22
78.0,Charley's Grilled Subs,865 Market St,Moderate risk food holding temperature,2,10,28,3,2019,8,22
78.0,Charley's Grilled Subs,865 Market St,Permit license or inspection report not posted,1,10,28,3,2019,8,22
78.0,Charley's Grilled Subs,865 Market St,Permit license or inspection report not posted,1,10,28,3,2019,8,22
78.0,Charley's Grilled Subs,865 Market St,Permit license or inspection report not posted,1,10,28,3,2019,8,22
78.0,Charley's Grilled Subs,865 Market St,Permit license or inspection report not posted,1,10,28,3,2019,8,22
80.0,Hot Pot Garden,1055 Taraval St,Improper food storage,1,7,5,3,2019,8,22
80.0,Hot Pot Garden,1055 Taraval St,Unclean nonfood contact surfaces,1,7,5,3,2019,8,22
78.0,Charley's Grilled Subs,865 Market St,Moderate risk vermin infestation,2,10,28,3,2019,8,22
78.0,Charley's Grilled Subs,865 Market St,Moderate risk vermin infestation,2,10,28,3,2019,8,22
78.0,Charley's Grilled Subs,865 Market St,Moderate risk vermin infestation,2,10,28,3,2019,8,22
78.0,Charley's Grilled Subs,865 Market St,Moderate risk vermin infestation,2,10,28,3,2019,8,22
85.0,ESTELA'S DONBURI,891 Bush St,Unapproved or unmaintained equipment or utensils,1,3,4,3,2019,8,22
85.0,ESTELA'S DONBURI,891 Bush St,Unclean or unsanitary food contact surfaces,3,3,4,3,2019,8,22
78.0,Charley's Grilled Subs,865 Market St,Insufficient hot water or running water,2,10,28,3,2019,8,22
78.0,Charley's Grilled Subs,865 Market St,Insufficient hot water or running water,2,10,28,3,2019,8,22
78.0,Charley's Grilled Subs,865 Market St,Insufficient hot water or running water,2,10,28,3,2019,8,22
78.0,Charley's Grilled Subs,865 Market St,Insufficient hot water or running water,2,10,28,3,2019,8,22
85.0,ESTELA'S DONBURI,891 Bush St,Improper thawing methods,2,3,4,3,2019,8,22
94.0,Wise Sons Deli,3150 24th St,Moderate risk vermin infestation,2,2,2,3,2019,8,22
78.0,Charley's Grilled Subs,865 Market St,Improper or defective plumbing,1,10,28,3,2019,8,22
78.0,Charley's Grilled Subs,865 Market St,Improper or defective plumbing,1,10,28,3,2019,8,22
78.0,Charley's Grilled Subs,865 Market St,Improper or defective plumbing,1,10,28,3,2019,8,22
78.0,Charley's Grilled Subs,865 Market St,Improper or defective plumbing,1,10,28,3,2019,8,22
80.0,Hot Pot Garden,1055 Taraval St,Contaminated or adulterated food,3,7,5,3,2019,8,22
74.0,Golden Gate Dim Sum Seafood,1829 Clement St,Unclean nonfood contact surfaces,1,4,8,3,2019,8,23
92.0,Cotogna,490 Pacific Ave,Moderate risk food holding temperature,2,3,3,3,2019,8,23
74.0,Golden Gate Dim Sum Seafood,1829 Clement St,Inadequately cleaned or sanitized food contact surfaces,2,4,8,3,2019,8,23
74.0,Golden Gate Dim Sum Seafood,1829 Clement St,Moderate risk vermin infestation,2,4,8,3,2019,8,23
94.0,Vieni-Vieni,1431 Stockton St,Inadequate and inaccessible handwashing facilities,2,3,2,3,2019,8,23
74.0,Golden Gate Dim Sum Seafood,1829 Clement St,Inadequate or unsanitary refuse containers or area or no garbage service,1,4,8,3,2019,8,23
74.0,Golden Gate Dim Sum Seafood,1829 Clement St,Unapproved or unmaintained equipment or utensils,1,4,8,3,2019,8,23
94.0,Vieni-Vieni,1431 Stockton St,Unclean or degraded floors walls or ceilings,1,3,2,3,2019,8,23
92.0,Cotogna,490 Pacific Ave,Wiping cloths not clean or properly stored or inadequate sanitizer,1,3,3,3,2019,8,23
74.0,Golden Gate Dim Sum Seafood,1829 Clement St,Foods not protected from contamination,2,4,8,3,2019,8,23
74.0,Golden Gate Dim Sum Seafood,1829 Clement St,Inadequate and inaccessible handwashing facilities,2,4,8,3,2019,8,23
74.0,Golden Gate Dim Sum Seafood,1829 Clement St,Improper thawing methods,2,4,8,3,2019,8,23
92.0,Cotogna,490 Pacific Ave,Inadequate warewashing facilities or equipment,1,3,3,3,2019,8,23
73.0,Spices Restaurant,291 06th Ave,Unapproved or unmaintained equipment or utensils,1,4,7,3,2019,8,23
94.0,Garaje,475 03rd St,Unapproved or unmaintained equipment or utensils,1,10,2,3,2019,8,23
73.0,Spices Restaurant,291 06th Ave,No person in charge of food facility,1,4,7,3,2019,8,23
73.0,Spices Restaurant,291 06th Ave,Inadequately cleaned or sanitized food contact surfaces,2,4,7,3,2019,8,23
94.0,Garaje,475 03rd St,Inadequately cleaned or sanitized food contact surfaces,2,10,2,3,2019,8,23
73.0,Spices Restaurant,291 06th Ave,Unclean hands or improper use of gloves,3,4,7,3,2019,8,23
73.0,Spices Restaurant,291 06th Ave,Moderate risk food holding temperature,2,4,7,3,2019,8,23
73.0,Spices Restaurant,291 06th Ave,Improper thawing methods,2,4,7,3,2019,8,23
73.0,Spices Restaurant,291 06th Ave,Moderate risk vermin infestation,2,4,7,3,2019,8,23
77.0,Utopia Cafe,139 Waverly Pl,Unapproved or unmaintained equipment or utensils,1,3,6,3,2019,8,26
88.0,Little Caesars Pizza,955 Geneva Ave,Insufficient hot water or running water,2,1,4,3,2019,8,26
88.0,VENICE PIZZA AND RESTAURANT,5228 MISSION St,Inadequately cleaned or sanitized food contact surfaces,2,1,4,3,2019,8,26
79.0,Kam Lok Restaurant,834 Washington St,Foods not protected from contamination,2,3,6,3,2019,8,26
88.0,VENICE PIZZA AND RESTAURANT,5228 MISSION St,Moderate risk vermin infestation,2,1,4,3,2019,8,26
91.0,Spot Light Market,298 Guerrero St,High risk food holding temperature,3,5,2,3,2019,8,26
91.0,FINAL FINAL,2990 BAKER St,Improper storage of equipment utensils or linens,1,6,2,3,2019,8,26
79.0,Kam Lok Restaurant,834 Washington St,Unapproved or unmaintained equipment or utensils,1,3,6,3,2019,8,26
98.0,Gold Coast Grill & Catering,1650 HOLLOWAY Ave,Unapproved or unmaintained equipment or utensils,1,8,1,3,2019,8,26
92.0,7-ELEVEN STORE 2230-23342E,3080 SAN JOSE Ave,Improper storage use or identification of toxic substances,1,1,3,3,2019,8,26
91.0,FINAL FINAL,2990 BAKER St,High risk vermin infestation,3,6,2,3,2019,8,26
79.0,Kam Lok Restaurant,834 Washington St,Moderate risk vermin infestation,2,3,6,3,2019,8,26
88.0,Little Caesars Pizza,955 Geneva Ave,Moderate risk vermin infestation,2,1,4,3,2019,8,26
77.0,Utopia Cafe,139 Waverly Pl,Moderate risk vermin infestation,2,3,6,3,2019,8,26
88.0,Little Caesars Pizza,955 Geneva Ave,Unapproved or unmaintained equipment or utensils,1,1,4,3,2019,8,26
89.0,SAFEWAY #739,3350 MISSION St,High risk food holding temperature,3,2,3,3,2019,8,26
88.0,VENICE PIZZA AND RESTAURANT,5228 MISSION St,Unclean or degraded floors walls or ceilings,1,1,4,3,2019,8,26
98.0,Taqueria Mana,439 Stockton St,Low risk vermin infestation,1,3,1,3,2019,8,26
92.0,7-ELEVEN STORE 2230-23342E,3080 SAN JOSE Ave,Unclean or degraded floors walls or ceilings,1,1,3,3,2019,8,26
77.0,Utopia Cafe,139 Waverly Pl,Foods not protected from contamination,2,3,6,3,2019,8,26
98.0,AFC Sushi @Safeway 739,3350 Mission St,Unapproved or unmaintained equipment or utensils,1,2,1,3,2019,8,26
79.0,Kam Lok Restaurant,834 Washington St,Unclean or degraded floors walls or ceilings,1,3,6,3,2019,8,26
77.0,Utopia Cafe,139 Waverly Pl,Improper storage use or identification of toxic substances,1,3,6,3,2019,8,26
89.0,SAFEWAY #739,3350 MISSION St,Unclean or degraded floors walls or ceilings,1,2,3,3,2019,8,26
98.0,Sabra Restaurant,419 Grant Ave,Food safety certificate or food handler card not available,1,3,1,3,2019,8,26
88.0,Little Caesars Pizza,955 Geneva Ave,Unclean or degraded floors walls or ceilings,1,1,4,3,2019,8,26
79.0,Kam Lok Restaurant,834 Washington St,Improper storage of equipment utensils or linens,1,3,6,3,2019,8,26
88.0,VENICE PIZZA AND RESTAURANT,5228 MISSION St,Improper food storage,1,1,4,3,2019,8,26
92.0,7-ELEVEN STORE 2230-23342E,3080 SAN JOSE Ave,Inadequately cleaned or sanitized food contact surfaces,2,1,3,3,2019,8,26
77.0,Utopia Cafe,139 Waverly Pl,Moderate risk food holding temperature,2,3,6,3,2019,8,26
89.0,SAFEWAY #739,3350 MISSION St,Unapproved or unmaintained equipment or utensils,1,2,3,3,2019,8,26
77.0,Utopia Cafe,139 Waverly Pl,Unclean hands or improper use of gloves,3,3,6,3,2019,8,26
79.0,Kam Lok Restaurant,834 Washington St,Sewage or wastewater contamination,3,3,6,3,2019,8,26
96.0,BOBOQUIVARI'S,1450 LOMBARD St,Insufficient hot water or running water,2,6,1,3,2019,8,26
91.0,Spot Light Market,298 Guerrero St,Improper food storage,1,5,2,3,2019,8,26
82.0,ITHAI,720 Post St,Wiping cloths not clean or properly stored or inadequate sanitizer,1,3,4,3,2019,8,26
82.0,ITHAI,720 Post St,High risk food holding temperature,3,3,4,3,2019,8,26
82.0,ITHAI,720 Post St,Unclean hands or improper use of gloves,3,3,4,3,2019,8,26
82.0,ITHAI,720 Post St,Low risk vermin infestation,1,3,4,3,2019,8,26
100.0,Starbucks Coffee,1560 Van Ness Ave,NA,0,6,1,3,2019,8,26
86.0,North Beach Restaurant,1512 Stockton St,Low risk vermin infestation,1,3,4,3,2019,8,27
90.0,Pupuseria El Golazo,785 Moscow St,Inadequately cleaned or sanitized food contact surfaces,2,1,3,3,2019,8,27
84.0,New Lien Hing,400 Clement St,Unapproved or unmaintained equipment or utensils,1,4,12,3,2019,8,27
84.0,New Lien Hing,400 Clement St,Unapproved or unmaintained equipment or utensils,1,4,12,3,2019,8,27
90.0,SF Third Street Shell,551 03rd St,Inadequately cleaned or sanitized food contact surfaces,2,10,3,3,2019,8,27
96.0,Peet's Coffee & Tea,310 Broderick St,Unapproved or unmaintained equipment or utensils,1,11,2,3,2019,8,27
86.0,North Beach Restaurant,1512 Stockton St,Insufficient hot water or running water,2,3,4,3,2019,8,27
90.0,SF Third Street Shell,551 03rd St,Moderate risk food holding temperature,2,10,3,3,2019,8,27
84.0,New Lien Hing,400 Clement St,Wiping cloths not clean or properly stored or inadequate sanitizer,1,4,12,3,2019,8,27
84.0,New Lien Hing,400 Clement St,Wiping cloths not clean or properly stored or inadequate sanitizer,1,4,12,3,2019,8,27
96.0,Annie's Hot Dogs & Pretzels,"Golden Gate Park, Music Concourse",Wiping cloths not clean or properly stored or inadequate sanitizer,1,10,2,3,2019,8,27
90.0,Pupuseria El Golazo,785 Moscow St,Insufficient hot water or running water,2,1,3,3,2019,8,27
84.0,New Lien Hing,400 Clement St,Improper or defective plumbing,1,4,12,3,2019,8,27
84.0,New Lien Hing,400 Clement St,Improper or defective plumbing,1,4,12,3,2019,8,27
96.0,Peet's Coffee & Tea,310 Broderick St,Unclean or degraded floors walls or ceilings,1,11,2,3,2019,8,27
90.0,Orchard Garden Hotel,466 Bush St,Improper or defective plumbing,1,3,3,3,2019,8,27
90.0,Orchard Garden Hotel,466 Bush St,Moderate risk food holding temperature,2,3,3,3,2019,8,27
84.0,New Lien Hing,400 Clement St,Inadequate and inaccessible handwashing facilities,2,4,12,3,2019,8,27
84.0,New Lien Hing,400 Clement St,Inadequate and inaccessible handwashing facilities,2,4,12,3,2019,8,27
86.0,North Beach Restaurant,1512 Stockton St,Moderate risk food holding temperature,2,3,4,3,2019,8,27
96.0,Annie's Hot Dogs & Pretzels,"Golden Gate Park, Music Concourse",Improper or defective plumbing,1,10,2,3,2019,8,27
90.0,Pupuseria El Golazo,785 Moscow St,Unapproved or unmaintained equipment or utensils,1,1,3,3,2019,8,27
86.0,North Beach Restaurant,1512 Stockton St,Inadequately cleaned or sanitized food contact surfaces,2,3,4,3,2019,8,27
90.0,Orchard Garden Hotel,466 Bush St,Inadequately cleaned or sanitized food contact surfaces,2,3,3,3,2019,8,27
84.0,New Lien Hing,400 Clement St,Low risk vermin infestation,1,4,12,3,2019,8,27
84.0,New Lien Hing,400 Clement St,Low risk vermin infestation,1,4,12,3,2019,8,27
84.0,New Lien Hing,400 Clement St,Moderate risk food holding temperature,2,4,12,3,2019,8,27
84.0,New Lien Hing,400 Clement St,Moderate risk food holding temperature,2,4,12,3,2019,8,27
90.0,SF Third Street Shell,551 03rd St,Worker safety hazards,1,10,3,3,2019,8,27
87.0,Drumm Liquors,15 Drumm St,Inadequately cleaned or sanitized food contact surfaces,2,3,3,3,2019,8,27
90.0,Roam Artisan Burgers,1923 Fillmore Street,Improper or defective plumbing,1,11,4,3,2019,8,27
90.0,Roam Artisan Burgers,1923 Fillmore Street,Wiping cloths not clean or properly stored or inadequate sanitizer,1,11,4,3,2019,8,27
90.0,Roam Artisan Burgers,1923 Fillmore Street,Low risk vermin infestation,1,11,4,3,2019,8,27
90.0,Roam Artisan Burgers,1923 Fillmore Street,Inadequate and inaccessible handwashing facilities,2,11,4,3,2019,8,27
98.0,Cypress Grill,99 Harding Park Rd,Unclean nonfood contact surfaces,1,8,1,3,2019,8,27
87.0,Drumm Liquors,15 Drumm St,High risk food holding temperature,3,3,3,3,2019,8,27
87.0,Drumm Liquors,15 Drumm St,Food safety certificate or food handler card not available,1,3,3,3,2019,8,27
100.0,SFGH Volunteer Dept.,1001 Potrero Ave,NA,0,9,1,3,2019,8,27
100.0,MARCELLO'S PIZZA,420 CASTRO St,NA,0,5,1,3,2019,8,27
100.0,SPIKE'S COFFEES & TEAS,4117 19th St,NA,0,5,1,3,2019,8,27
86.0,SAI JAI THAI,771 O'FARRELL St,NA,0,10,1,3,2019,8,27
90.0,BREAD & BUTTER MARKET,888 O'FARRELL St,NA,0,10,1,3,2019,8,27
90.0,Crepe Cafe,Pier 39  Space D-3,Wiping cloths not clean or properly stored or inadequate sanitizer,1,3,5,3,2019,8,28
89.0,SF Bay Club -  Court Commisary,150 Greenwich St,Unapproved or unmaintained equipment or utensils,1,3,5,3,2019,8,28
89.0,SF Bay Club - Court Cafe,150 Greenwich St,High risk food holding temperature,3,3,5,3,2019,8,28
89.0,Foods Co #357,1800 FOLSOM St,Low risk vermin infestation,1,2,3,3,2019,8,28
90.0,Crepe Cafe,Pier 39  Space D-3,No thermometers or uncalibrated thermometers,1,3,5,3,2019,8,28
89.0,SF Bay Club -  Court Commisary,150 Greenwich St,Low risk vermin infestation,1,3,5,3,2019,8,28
90.0,Crepe Cafe,Pier 39  Space D-3,Unapproved or unmaintained equipment or utensils,1,3,5,3,2019,8,28
90.0,Crepe Cafe,Pier 39  Space D-3,Improper storage of equipment utensils or linens,1,3,5,3,2019,8,28
89.0,Foods Co #357,1800 FOLSOM St,Unclean or degraded floors walls or ceilings,1,2,3,3,2019,8,28
89.0,SF Bay Club -  Court Commisary,150 Greenwich St,Improper cooling methods,3,3,5,3,2019,8,28
90.0,Crepe Cafe,Pier 39  Space D-3,Unclean or degraded floors walls or ceilings,1,3,5,3,2019,8,28
89.0,SF Bay Club - Court Cafe,150 Greenwich St,Inadequate and inaccessible handwashing facilities,2,3,5,3,2019,8,28
89.0,Foods Co #357,1800 FOLSOM St,High risk food holding temperature,3,2,3,3,2019,8,28
84.0,Bamboo Asia,41 Montgomery St,Unpermitted food facility,1,10,7,3,2019,8,28
82.0,Yakiniq Cafe,1640 Post St,Moderate risk food holding temperature,2,11,5,3,2019,8,28
82.0,Yakiniq Cafe,1640 Post St,Inadequate and inaccessible handwashing facilities,2,11,5,3,2019,8,28
84.0,Bamboo Asia,41 Montgomery St,Food safety certificate or food handler card not available,1,10,7,3,2019,8,28
88.0,Bai Som Thai Kitchen,2121 CLEMENT St,Inadequate food safety knowledge or lack of certified food safety manager,2,4,3,3,2019,8,28
84.0,Bamboo Asia,41 Montgomery St,Inadequate warewashing facilities or equipment,1,10,7,3,2019,8,28
82.0,Yakiniq Cafe,1640 Post St,Unapproved or unmaintained equipment or utensils,1,11,5,3,2019,8,28
96.0,Mission Bowling Club,3176 17th St,Inadequately cleaned or sanitized food contact surfaces,2,2,1,3,2019,8,28
84.0,Bamboo Asia,41 Montgomery St,Unclean or degraded floors walls or ceilings,1,10,7,3,2019,8,28
88.0,Bai Som Thai Kitchen,2121 CLEMENT St,Inadequately cleaned or sanitized food contact surfaces,2,4,3,3,2019,8,28
84.0,Bamboo Asia,41 Montgomery St,Unapproved or unmaintained equipment or utensils,1,10,7,3,2019,8,28
84.0,Bamboo Asia,41 Montgomery St,Improper storage of equipment utensils or linens,1,10,7,3,2019,8,28
82.0,Yakiniq Cafe,1640 Post St,Moderate risk vermin infestation,2,11,5,3,2019,8,28
84.0,Bamboo Asia,41 Montgomery St,Inadequate food safety knowledge or lack of certified food safety manager,2,10,7,3,2019,8,28
88.0,Bai Som Thai Kitchen,2121 CLEMENT St,Improper thawing methods,2,4,3,3,2019,8,28
82.0,Yakiniq Cafe,1640 Post St,Inadequately cleaned or sanitized food contact surfaces,2,11,5,3,2019,8,28
90.0,Benkyodo Co,1747 BUCHANAN St,NA,0,11,1,3,2019,8,28
100.0,SOTA (SCHOOL OF THE ARTS),555 Portola Dr,NA,0,5,1,3,2019,8,28
87.0,China Fun Express,211 Kearny St,Low risk vermin infestation,1,3,3,3,2019,8,29
92.0,BOULEVARD,1 MISSION St,Inadequately cleaned or sanitized food contact surfaces,2,10,3,3,2019,8,29
84.0,Jitlada Thai Cuisine,1826 B Buchanan St,High risk vermin infestation,3,6,3,3,2019,8,29
96.0,HOLEY BAGEL BAKERY,3872 24th St,Moderate risk food holding temperature,2,5,1,3,2019,8,29
81.0,SUPER STAR RESTAURANT,4919 MISSION St B,Inadequately cleaned or sanitized food contact surfaces,2,1,5,3,2019,8,29
87.0,North Beach Pizza,1462 Grant Ave,Low risk vermin infestation,1,3,3,3,2019,8,29
86.0,Bon Appetit @ USF-Market Cafe,2130 FULTON St,Insufficient hot water or running water,2,4,4,3,2019,8,29
87.0,China Fun Express,211 Kearny St,Consumer advisory not provided for raw or undercooked foods,2,3,3,3,2019,8,29
84.0,Jitlada Thai Cuisine,1826 B Buchanan St,Unapproved or unmaintained equipment or utensils,1,6,3,3,2019,8,29
81.0,SUPER STAR RESTAURANT,4919 MISSION St B,High risk food holding temperature,3,1,5,3,2019,8,29
82.0,Extreme Pizza,1062 Folsom St,Inadequately cleaned or sanitized food contact surfaces,2,10,5,3,2019,8,29
82.0,Extreme Pizza,1062 Folsom St,Moderate risk food holding temperature,2,10,5,3,2019,8,29
92.0,BOULEVARD,1 MISSION St,Unclean or degraded floors walls or ceilings,1,10,3,3,2019,8,29
81.0,SUPER STAR RESTAURANT,4919 MISSION St B,Food safety certificate or food handler card not available,1,1,5,3,2019,8,29
86.0,Bon Appetit @ USF-Market Cafe,2130 FULTON St,Unapproved or unmaintained equipment or utensils,1,4,4,3,2019,8,29
82.0,Extreme Pizza,1062 Folsom St,Foods not protected from contamination,2,10,5,3,2019,8,29
87.0,North Beach Pizza,1462 Grant Ave,Inadequate and inaccessible handwashing facilities,2,3,3,3,2019,8,29
86.0,Bon Appetit @ USF-Market Cafe,2130 FULTON St,Inadequate and inaccessible handwashing facilities,2,4,4,3,2019,8,29
94.0,CAKE GALLERY,290 09th St,Non service animal,1,2,3,3,2019,8,29
81.0,SUPER STAR RESTAURANT,4919 MISSION St B,Inadequate and inaccessible handwashing facilities,2,1,5,3,2019,8,29
82.0,Extreme Pizza,1062 Folsom St,Inadequate and inaccessible handwashing facilities,2,10,5,3,2019,8,29
98.0,Columbus Cafe,562 Green St,Unclean nonfood contact surfaces,1,3,1,3,2019,8,29
98.0,Tope,1326 Grant Ave,Low risk vermin infestation,1,3,1,3,2019,8,29
82.0,Extreme Pizza,1062 Folsom St,Food safety certificate or food handler card not available,1,10,5,3,2019,8,29
84.0,Jitlada Thai Cuisine,1826 B Buchanan St,Improper cooling methods,3,6,3,3,2019,8,29
81.0,SUPER STAR RESTAURANT,4919 MISSION St B,Unclean or degraded floors walls or ceilings,1,1,5,3,2019,8,29
86.0,Bon Appetit @ USF-Market Cafe,2130 FULTON St,Moderate risk vermin infestation,2,4,4,3,2019,8,29
94.0,CAKE GALLERY,290 09th St,Unapproved or unmaintained equipment or utensils,1,2,3,3,2019,8,29
87.0,China Fun Express,211 Kearny St,High risk food holding temperature,3,3,3,3,2019,8,29
92.0,BOULEVARD,1 MISSION St,Improper or defective plumbing,1,10,3,3,2019,8,29
96.0,Credo Restaurant,360 Pine St,Inadequately cleaned or sanitized food contact surfaces,2,3,1,3,2019,8,29
87.0,North Beach Pizza,1462 Grant Ave,High risk food holding temperature,3,3,3,3,2019,8,29
94.0,CAKE GALLERY,290 09th St,Low risk vermin infestation,1,2,3,3,2019,8,29
77.0,Subway Sandwiches,215 Fremont St,Improper or defective plumbing,1,10,6,3,2019,8,29
96.0,Calabria Bros.,4763 MISSION St,Improper food labeling or menu misrepresentation,1,1,2,3,2019,8,29
77.0,Subway Sandwiches,215 Fremont St,Inadequate food safety knowledge or lack of certified food safety manager,2,10,6,3,2019,8,29
96.0,Saru,3856 24th St,Inadequately cleaned or sanitized food contact surfaces,2,5,1,3,2019,8,29
77.0,Subway Sandwiches,215 Fremont St,Inadequate and inaccessible handwashing facilities,2,10,6,3,2019,8,29
94.0,Deli Board,1058 Folsom St,Food safety certificate or food handler card not available,1,10,3,3,2019,8,29
94.0,Deli Board,1058 Folsom St,Inadequate dressing rooms or improper storage of personal items,1,10,3,3,2019,8,29
77.0,Subway Sandwiches,215 Fremont St,Moderate risk vermin infestation,2,10,6,3,2019,8,29
94.0,Deli Board,1058 Folsom St,Wiping cloths not clean or properly stored or inadequate sanitizer,1,10,3,3,2019,8,29
77.0,Subway Sandwiches,215 Fremont St,Wiping cloths not clean or properly stored or inadequate sanitizer,1,10,6,3,2019,8,29
96.0,Calabria Bros.,4763 MISSION St,Improper storage of equipment utensils or linens,1,1,2,3,2019,8,29
77.0,Subway Sandwiches,215 Fremont St,High risk food holding temperature,3,10,6,3,2019,8,29
88.0,Whole Foods Market,399 04th St,Inadequately cleaned or sanitized food contact surfaces,2,10,5,3,2019,8,30
98.0,Jack In the Box #558,4649 GEARY Blvd,Inadequate or unsanitary refuse containers or area or no garbage service,1,4,1,3,2019,8,30
88.0,Whole Foods Market,399 04th St,Unapproved or unmaintained equipment or utensils,1,10,5,3,2019,8,30
92.0,"Good Life Grocery, The",448 CORTLAND Ave,Inadequate and inaccessible handwashing facilities,2,2,3,3,2019,8,30
94.0,Jackson Place Cafe - Kiosk,633 Battery St,Wiping cloths not clean or properly stored or inadequate sanitizer,1,3,4,3,2019,8,30
94.0,Jackson Place Cafe - Commissary,633 Battery St,Inadequately cleaned or sanitized food contact surfaces,2,3,4,3,2019,8,30
88.0,House of Bagels,5030 Geary Blvd,Other low risk violation,1,4,4,3,2019,8,30
88.0,House of Bagels,5030 Geary Blvd,Inadequate warewashing facilities or equipment,1,4,4,3,2019,8,30
88.0,House of Bagels,5030 Geary Blvd,Inadequate and inaccessible handwashing facilities,2,4,4,3,2019,8,30
88.0,Whole Foods Market,399 04th St,Unclean or degraded floors walls or ceilings,1,10,5,3,2019,8,30
94.0,Jackson Place Cafe - Commissary,633 Battery St,Unapproved or unmaintained equipment or utensils,1,3,4,3,2019,8,30
92.0,"Good Life Grocery, The",448 CORTLAND Ave,Wiping cloths not clean or properly stored or inadequate sanitizer,1,2,3,3,2019,8,30
88.0,House of Bagels,5030 Geary Blvd,Inadequately cleaned or sanitized food contact surfaces,2,4,4,3,2019,8,30
88.0,Whole Foods Market,399 04th St,Moderate risk food holding temperature,2,10,5,3,2019,8,30
94.0,Jackson Place Cafe - Kiosk,633 Battery St,Inadequate and inaccessible handwashing facilities,2,3,4,3,2019,8,30
92.0,"Good Life Grocery, The",448 CORTLAND Ave,Improper food storage,1,2,3,3,2019,8,30
82.0,Shanghai Dumpling King 2,696 Monterey Blvd,Improper thawing methods,2,8,6,3,2019,8,30
82.0,Shanghai Dumpling King 2,696 Monterey Blvd,Foods not protected from contamination,2,8,6,3,2019,8,30
82.0,Shanghai Dumpling King 2,696 Monterey Blvd,Food safety certificate or food handler card not available,1,8,6,3,2019,8,30
82.0,Shanghai Dumpling King 2,696 Monterey Blvd,Unapproved or unmaintained equipment or utensils,1,8,6,3,2019,8,30
82.0,Shanghai Dumpling King 2,696 Monterey Blvd,Unclean or degraded floors walls or ceilings,1,8,6,3,2019,8,30
82.0,Shanghai Dumpling King 2,696 Monterey Blvd,Moderate risk food holding temperature,2,8,6,3,2019,8,30
88.0,HILLCREST ELEMENTARY SCHOOL,810 SILVER Ave,Inadequate and inaccessible handwashing facilities,2,2,3,3,2019,9,3
87.0,The Plant Cafe Organic,101 California St,Food safety certificate or food handler card not available,1,3,4,3,2019,9,3
80.0,Dol-Ho Restaurant,808 Pacific Ave,High risk food holding temperature,3,3,4,3,2019,9,3
94.0,CORNERSTONES ACADEMY,801 SILVER Ave,Inadequately cleaned or sanitized food contact surfaces,2,2,2,3,2019,9,3
83.0,CINCO DE MAYO TAQUERIA & GROCERY,2426 SAN BRUNO Ave,Unapproved or unmaintained equipment or utensils,1,2,5,3,2019,9,3
90.0,STEWART'S MARKET,2498 SUTTER St,Unapproved or unmaintained equipment or utensils,1,6,4,3,2019,9,3
80.0,Dol-Ho Restaurant,808 Pacific Ave,Unclean or unsanitary food contact surfaces,3,3,4,3,2019,9,3
92.0,NOE BAGEL,3933 24th St,Improper food labeling or menu misrepresentation,1,5,3,3,2019,9,3
88.0,HILLCREST ELEMENTARY SCHOOL,810 SILVER Ave,Moderate risk vermin infestation,2,2,3,3,2019,9,3
90.0,STEWART'S MARKET,2498 SUTTER St,Moderate risk food holding temperature,2,6,4,3,2019,9,3
83.0,CINCO DE MAYO TAQUERIA & GROCERY,2426 SAN BRUNO Ave,Unclean or degraded floors walls or ceilings,1,2,5,3,2019,9,3
83.0,CINCO DE MAYO TAQUERIA & GROCERY,2426 SAN BRUNO Ave,Inadequate food safety knowledge or lack of certified food safety manager,2,2,5,3,2019,9,3
87.0,The Plant Cafe Organic,101 California St,High risk food holding temperature,3,3,4,3,2019,9,3
80.0,Dol-Ho Restaurant,808 Pacific Ave,Unapproved or unmaintained equipment or utensils,1,3,4,3,2019,9,3
88.0,HILLCREST ELEMENTARY SCHOOL,810 SILVER Ave,Moderate risk food holding temperature,2,2,3,3,2019,9,3
92.0,NOE BAGEL,3933 24th St,Inadequately cleaned or sanitized food contact surfaces,2,5,3,3,2019,9,3
94.0,CORNERSTONES ACADEMY,801 SILVER Ave,Unclean or degraded floors walls or ceilings,1,2,2,3,2019,9,3
83.0,CINCO DE MAYO TAQUERIA & GROCERY,2426 SAN BRUNO Ave,High risk food holding temperature,3,2,5,3,2019,9,3
90.0,STEWART'S MARKET,2498 SUTTER St,Food safety certificate or food handler card not available,1,6,4,3,2019,9,3
87.0,The Plant Cafe Organic,101 California St,Inadequate ventilation or lighting,1,3,4,3,2019,9,3
87.0,The Plant Cafe Organic,101 California St,No thermometers or uncalibrated thermometers,1,3,4,3,2019,9,3
80.0,Dol-Ho Restaurant,808 Pacific Ave,Moderate risk vermin infestation,2,3,4,3,2019,9,3
92.0,NOE BAGEL,3933 24th St,Food safety certificate or food handler card not available,1,5,3,3,2019,9,3
90.0,STEWART'S MARKET,2498 SUTTER St,Low risk vermin infestation,1,6,4,3,2019,9,3
83.0,CINCO DE MAYO TAQUERIA & GROCERY,2426 SAN BRUNO Ave,Low risk vermin infestation,1,2,5,3,2019,9,3
78.0,Manna,845 Irving St,Unclean hands or improper use of gloves,3,11,4,3,2019,9,3
87.0,Godzila Sushi,1800 DIVISADERO St,Inadequate and inaccessible handwashing facilities,2,6,3,3,2019,9,3
87.0,Godzila Sushi,1800 DIVISADERO St,Unapproved or unmaintained equipment or utensils,1,6,3,3,2019,9,3
78.0,Manna,845 Irving St,Improper cooling methods,3,11,4,3,2019,9,3
87.0,Godzila Sushi,1800 DIVISADERO St,High risk vermin infestation,3,6,3,3,2019,9,3
78.0,Manna,845 Irving St,Improper thawing methods,2,11,4,3,2019,9,3
78.0,Manna,845 Irving St,Foods not protected from contamination,2,11,4,3,2019,9,3
83.0,SFDH - Scala's Bistro Restaurant,450 Powell St 1st Floor,Improper cooling methods,3,3,4,3,2019,9,4
86.0,Zantes Pizza,3489 MISSION St,Unclean nonfood contact surfaces,1,2,5,3,2019,9,4
86.0,Zantes Pizza,3489 MISSION St,Improper food storage,1,2,5,3,2019,9,4
77.0,SUPERIOR PALACE SEAFOOD REST.,3546 BALBOA St,Inadequate and inaccessible handwashing facilities,2,4,6,3,2019,9,4
83.0,SFDH - Scala's Bistro Restaurant,450 Powell St 1st Floor,Unapproved or unmaintained equipment or utensils,1,3,4,3,2019,9,4
79.0,Casa Mexicana Restaurant,3917 24th St,Inadequately cleaned or sanitized food contact surfaces,2,5,5,3,2019,9,4
90.0,Le Regency,18 California St,Unapproved or unmaintained equipment or utensils,1,3,4,3,2019,9,4
86.0,Zantes Pizza,3489 MISSION St,Low risk vermin infestation,1,2,5,3,2019,9,4
90.0,Le Regency,18 California St,Unclean or degraded floors walls or ceilings,1,3,4,3,2019,9,4
90.0,Beach Street Grill,380 Beach St,Improper storage of equipment utensils or linens,1,3,4,3,2019,9,4
79.0,Casa Mexicana Restaurant,3917 24th St,Improper cooling methods,3,5,5,3,2019,9,4
77.0,SUPERIOR PALACE SEAFOOD REST.,3546 BALBOA St,Noncompliance with shell fish tags or display,2,4,6,3,2019,9,4
90.0,TED'S MARKET,1530 HOWARD St,Moderate risk food holding temperature,2,10,3,3,2019,9,4
96.0,WAYO,1407 VAN NESS Ave,Unclean nonfood contact surfaces,1,6,2,3,2019,9,4
79.0,Casa Mexicana Restaurant,3917 24th St,Foods not protected from contamination,2,5,5,3,2019,9,4
94.0,24TH STREET CHEESE COMPANY,3893 24th St,Noncompliance with HAACP plan or variance,2,5,2,3,2019,9,4
90.0,Beach Street Grill,380 Beach St,Unclean nonfood contact surfaces,1,3,4,3,2019,9,4
90.0,Beach Street Grill,380 Beach St,Wiping cloths not clean or properly stored or inadequate sanitizer,1,3,4,3,2019,9,4
94.0,SFDH - Banquet Main Kitchen,450 Powell St 2nd Floor,Unapproved or unmaintained equipment or utensils,1,3,2,3,2019,9,4
90.0,TED'S MARKET,1530 HOWARD St,Unclean or degraded floors walls or ceilings,1,10,3,3,2019,9,4
86.0,Zantes Pizza,3489 MISSION St,Moderate risk food holding temperature,2,2,5,3,2019,9,4
79.0,Casa Mexicana Restaurant,3917 24th St,Unclean or degraded floors walls or ceilings,1,5,5,3,2019,9,4
90.0,Le Regency,18 California St,Improper storage of equipment utensils or linens,1,3,4,3,2019,9,4
83.0,SFDH - Scala's Bistro Restaurant,450 Powell St 1st Floor,Inadequate and inaccessible handwashing facilities,2,3,4,3,2019,9,4
90.0,TED'S MARKET,1530 HOWARD St,Inadequately cleaned or sanitized food contact surfaces,2,10,3,3,2019,9,4
77.0,SUPERIOR PALACE SEAFOOD REST.,3546 BALBOA St,Unapproved or unmaintained equipment or utensils,1,4,6,3,2019,9,4
96.0,WAYO,1407 VAN NESS Ave,Low risk vermin infestation,1,6,2,3,2019,9,4
77.0,SUPERIOR PALACE SEAFOOD REST.,3546 BALBOA St,Foods not protected from contamination,2,4,6,3,2019,9,4
86.0,Zantes Pizza,3489 MISSION St,Inadequately cleaned or sanitized food contact surfaces,2,2,5,3,2019,9,4
90.0,Beach Street Grill,380 Beach St,Moderate risk food holding temperature,2,3,4,3,2019,9,4
94.0,24TH STREET CHEESE COMPANY,3893 24th St,Wiping cloths not clean or properly stored or inadequate sanitizer,1,5,2,3,2019,9,4
94.0,SFDH - Banquet Main Kitchen,450 Powell St 2nd Floor,Foods not protected from contamination,2,3,2,3,2019,9,4
96.0,MALCOLM X ELEMENTARY SCHOOL,350 Harbor Rd,Inadequately cleaned or sanitized food contact surfaces,2,9,1,3,2019,9,4
77.0,SUPERIOR PALACE SEAFOOD REST.,3546 BALBOA St,High risk vermin infestation,3,4,6,3,2019,9,4
83.0,SFDH - Scala's Bistro Restaurant,450 Powell St 1st Floor,Noncompliance with HAACP plan or variance,2,3,4,3,2019,9,4
90.0,Le Regency,18 California St,Inadequately cleaned or sanitized food contact surfaces,2,3,4,3,2019,9,4
77.0,SUPERIOR PALACE SEAFOOD REST.,3546 BALBOA St,Unclean or degraded floors walls or ceilings,1,4,6,3,2019,9,4
79.0,Casa Mexicana Restaurant,3917 24th St,Moderate risk food holding temperature,2,5,5,3,2019,9,4
83.0,Cassava,3519 Balboa St,Improper food storage,1,4,4,3,2019,9,4
83.0,Cassava,3519 Balboa St,Noncompliance with HAACP plan or variance,2,4,4,3,2019,9,4
83.0,Cassava,3519 Balboa St,Inadequate and inaccessible handwashing facilities,2,4,4,3,2019,9,4
83.0,Cassava,3519 Balboa St,Unclean or unsanitary food contact surfaces,3,4,4,3,2019,9,4
94.0,BAYVIEE HUNTER Pt. ADULT DAY HE,1250 LA SALLE,Unapproved or unmaintained equipment or utensils,1,9,2,3,2019,9,5
74.0,Grumpy's American Pub,125 Vallejo St,Inadequately cleaned or sanitized food contact surfaces,2,3,6,3,2019,9,5
82.0,Battery Street Coffee Roastery,950 Battery St,Inadequately cleaned or sanitized food contact surfaces,2,3,5,3,2019,9,5
74.0,Grumpy's American Pub,125 Vallejo St,Foods not protected from contamination,2,3,6,3,2019,9,5
90.0,The Keystone,68 04th St,Inadequately cleaned or sanitized food contact surfaces,2,10,3,3,2019,9,5
74.0,Grumpy's American Pub,125 Vallejo St,Inadequate ventilation or lighting,1,3,6,3,2019,9,5
90.0,GOLD MIRROR ITALIAN RESTAURANT,800 TARAVAL,Inadequately cleaned or sanitized food contact surfaces,2,8,3,3,2019,9,5
82.0,Battery Street Coffee Roastery,950 Battery St,Inadequate and inaccessible handwashing facilities,2,3,5,3,2019,9,5
94.0,BAYVIEE HUNTER Pt. ADULT DAY HE,1250 LA SALLE,Foods not protected from contamination,2,9,2,3,2019,9,5
90.0,The Keystone,68 04th St,Noncompliance with HAACP plan or variance,2,10,3,3,2019,9,5
82.0,Battery Street Coffee Roastery,950 Battery St,Foods not protected from contamination,2,3,5,3,2019,9,5
74.0,Grumpy's American Pub,125 Vallejo St,Sewage or wastewater contamination,3,3,6,3,2019,9,5
90.0,GOLD MIRROR ITALIAN RESTAURANT,800 TARAVAL,Foods not protected from contamination,2,8,3,3,2019,9,5
98.0,Peet's Coffee & Tea,692 Mission St,Unclean or degraded floors walls or ceilings,1,10,1,3,2019,9,5
90.0,The Keystone,68 04th St,Low risk vermin infestation,1,10,3,3,2019,9,5
82.0,Battery Street Coffee Roastery,950 Battery St,Unapproved or unmaintained equipment or utensils,1,3,5,3,2019,9,5
74.0,Grumpy's American Pub,125 Vallejo St,Improper storage use or identification of toxic substances,1,3,6,3,2019,9,5
90.0,GOLD MIRROR ITALIAN RESTAURANT,800 TARAVAL,Low risk vermin infestation,1,8,3,3,2019,9,5
74.0,Grumpy's American Pub,125 Vallejo St,High risk vermin infestation,3,3,6,3,2019,9,5
82.0,Battery Street Coffee Roastery,950 Battery St,Moderate risk food holding temperature,2,3,5,3,2019,9,5
92.0,The Creamery,685 04th St,Moderate risk food holding temperature,2,10,3,3,2019,9,5
88.0,The Iron Cactus,683 04th St,Inadequately cleaned or sanitized food contact surfaces,2,10,4,3,2019,9,5
88.0,The Iron Cactus,683 04th St,Food safety certificate or food handler card not available,1,10,4,3,2019,9,5
88.0,The Iron Cactus,683 04th St,Moderate risk food holding temperature,2,10,4,3,2019,9,5
92.0,The Creamery,685 04th St,Food safety certificate or food handler card not available,1,10,3,3,2019,9,5
93.0,Mi Tierra Market,2023 MISSION St,High risk food holding temperature,3,2,1,3,2019,9,5
92.0,The Creamery,685 04th St,Low risk vermin infestation,1,10,3,3,2019,9,5
88.0,The Iron Cactus,683 04th St,Inadequate dressing rooms or improper storage of personal items,1,10,4,3,2019,9,5
100.0,K's Kitchen,757 Monterey Blvd,NA,0,8,1,3,2019,9,5
90.0,Piperade,1015 Battery St,Inadequate sewage or wastewater disposal,2,3,3,3,2019,9,6
90.0,MR. PICKLE'S SANDWICH SHOP,3380 20th St,Moderate risk food holding temperature,2,2,3,3,2019,9,6
90.0,Piperade,1015 Battery St,Insufficient hot water or running water,2,3,3,3,2019,9,6
93.0,Gordon J Lau Elementary School,950 Clay St,High risk food holding temperature,3,3,1,3,2019,9,6
90.0,MR. PICKLE'S SANDWICH SHOP,3380 20th St,Inadequate food safety knowledge or lack of certified food safety manager,2,2,3,3,2019,9,6
89.0,Nordstrom Espresso Bar,865 Market Street,Inadequately cleaned or sanitized food contact surfaces,2,10,2,3,2019,9,6
92.0,SAFEWAY #2646,735 07th Ave,Food safety certificate or food handler card not available,1,4,3,3,2019,9,6
89.0,Nordstrom Espresso Bar,865 Market Street,Unclean hands or improper use of gloves,3,10,2,3,2019,9,6
92.0,SAFEWAY #2646,735 07th Ave,Unapproved or unmaintained equipment or utensils,1,4,3,3,2019,9,6
94.0,19th Ave Shell,1200 19th Ave,Moderate risk food holding temperature,2,7,2,3,2019,9,6
90.0,Piperade,1015 Battery St,Wiping cloths not clean or properly stored or inadequate sanitizer,1,3,3,3,2019,9,6
94.0,19th Ave Shell,1200 19th Ave,Wiping cloths not clean or properly stored or inadequate sanitizer,1,7,2,3,2019,9,6
92.0,SAFEWAY #2646,735 07th Ave,Inadequately cleaned or sanitized food contact surfaces,2,4,3,3,2019,9,6
90.0,MR. PICKLE'S SANDWICH SHOP,3380 20th St,Unclean or degraded floors walls or ceilings,1,2,3,3,2019,9,6
100.0,Bay Monarch,Pier 41,NA,0,3,6,3,2019,9,6
100.0,CARVER ELEMENTARY SCHOOL,1360 OAKDALE Ave,NA,0,9,1,3,2019,9,6
100.0,Oski,Pier 41,NA,0,3,6,3,2019,9,6
100.0,Old Blue,Pier 41,NA,0,3,6,3,2019,9,6
100.0,Golden Bear,Pier 41,NA,0,3,6,3,2019,9,6
100.0,Harbor Emperor,377,NA,0,3,1,3,2019,9,6
100.0,CHAVEZ ELEMENTARY SCHOOL,825 SHOTWELL St,NA,0,2,1,3,2019,9,6
100.0,Intintoli,Pier 41,NA,0,3,6,3,2019,9,6
100.0,MOSCONE ELEMENTARY SCHOOL,2576 HARRISON St,NA,0,2,1,3,2019,9,6
100.0,Royal Star,Pier 41,NA,0,3,6,3,2019,9,6
75.0,Seal Rock Inn Restaurant,545 Point Lobos Ave,Improper cooling methods,3,4,6,3,2019,9,9
92.0,InterContinental San Francisco Employee Cafeteria,888 Howard St 2nd Floor,Improper storage of equipment utensils or linens,1,10,3,3,2019,9,9
80.0,InterContinental San Francisco 3rd Fl. Banquet Kitchen,888 Howard St 3rd Floor,Inadequate dressing rooms or improper storage of personal items,1,10,4,3,2019,9,9
98.0,IRVING PIZZA,1825 IRVING St,Unclean or degraded floors walls or ceilings,1,7,1,3,2019,9,9
80.0,SERRANO'S PIZZA II,3274 21st St,Inadequately cleaned or sanitized food contact surfaces,2,2,6,3,2019,9,9
80.0,SERRANO'S PIZZA II,3274 21st St,Insufficient hot water or running water,2,2,6,3,2019,9,9
92.0,InterContinental San Francisco Club Lounge,888 Howard St 6th Floor,Moderate risk food holding temperature,2,10,2,3,2019,9,9
88.0,Luce Restaurant &  Bar,888 Howard St 1st Floor,Moderate risk food holding temperature,2,10,3,3,2019,9,9
82.0,Universal Bakery Inc.,3458 MISSION St,Inadequate and inaccessible handwashing facilities,2,2,3,3,2019,9,9
98.0,Vino Rosso,629 Cortland Ave,Unapproved or unmaintained equipment or utensils,1,2,1,3,2019,9,9
88.0,Underdogs Sports Bar & Grill,1824 Irving St,Inadequate and inaccessible handwashing facilities,2,7,4,3,2019,9,9
81.0,Pier 23 Cafe Inc,Pier 23,Moderate risk food holding temperature,2,3,4,3,2019,9,9
98.0,Handy Delicatessen,1815 IRVING St,Low risk vermin infestation,1,7,1,3,2019,9,9
98.0,Zaida T. Rodriguez (ZTR) Annex Child Development Center,421  BARTLETT St,Food safety certificate or food handler card not available,1,2,1,3,2019,9,9
75.0,Seal Rock Inn Restaurant,545 Point Lobos Ave,Unclean or degraded floors walls or ceilings,1,4,6,3,2019,9,9
81.0,Pier 23 Cafe Inc,Pier 23,Inadequately cleaned or sanitized food contact surfaces,2,3,4,3,2019,9,9
88.0,Luce Restaurant &  Bar,888 Howard St 1st Floor,Foods not protected from contamination,2,10,3,3,2019,9,9
80.0,SERRANO'S PIZZA II,3274 21st St,Unapproved or unmaintained equipment or utensils,1,2,6,3,2019,9,9
75.0,Seal Rock Inn Restaurant,545 Point Lobos Ave,Inadequate and inaccessible handwashing facilities,2,4,6,3,2019,9,9
81.0,Pier 23 Cafe Inc,Pier 23,Improper cooling methods,3,3,4,3,2019,9,9
80.0,InterContinental San Francisco 3rd Fl. Banquet Kitchen,888 Howard St 3rd Floor,Moderate risk food holding temperature,2,10,4,3,2019,9,9
82.0,Universal Bakery Inc.,3458 MISSION St,High risk food holding temperature,3,2,3,3,2019,9,9
80.0,SERRANO'S PIZZA II,3274 21st St,Low risk vermin infestation,1,2,6,3,2019,9,9
92.0,InterContinental San Francisco Employee Cafeteria,888 Howard St 2nd Floor,Unclean nonfood contact surfaces,1,10,3,3,2019,9,9
88.0,Underdogs Sports Bar & Grill,1824 Irving St,Foods not protected from contamination,2,7,4,3,2019,9,9
88.0,Luce Restaurant &  Bar,888 Howard St 1st Floor,Inadequate and inaccessible handwashing facilities,2,10,3,3,2019,9,9
75.0,Seal Rock Inn Restaurant,545 Point Lobos Ave,Inadequate food safety knowledge or lack of certified food safety manager,2,4,6,3,2019,9,9
80.0,SERRANO'S PIZZA II,3274 21st St,Foods not protected from contamination,2,2,6,3,2019,9,9
75.0,Seal Rock Inn Restaurant,545 Point Lobos Ave,Moderate risk food holding temperature,2,4,6,3,2019,9,9
81.0,Pier 23 Cafe Inc,Pier 23,Noncompliance with HAACP plan or variance,2,3,4,3,2019,9,9
80.0,InterContinental San Francisco 3rd Fl. Banquet Kitchen,888 Howard St 3rd Floor,Unclean or unsanitary food contact surfaces,3,10,4,3,2019,9,9
80.0,SERRANO'S PIZZA II,3274 21st St,Moderate risk food holding temperature,2,2,6,3,2019,9,9
98.0,Zaida T. Rodriguez (ZTR) Child Development Center,2950  Mission St,Unapproved or unmaintained equipment or utensils,1,2,1,3,2019,9,9
88.0,Underdogs Sports Bar & Grill,1824 Irving St,Wiping cloths not clean or properly stored or inadequate sanitizer,1,7,4,3,2019,9,9
92.0,InterContinental San Francisco Employee Cafeteria,888 Howard St 2nd Floor,Moderate risk food holding temperature,2,10,3,3,2019,9,9
75.0,Seal Rock Inn Restaurant,545 Point Lobos Ave,Moderate risk vermin infestation,2,4,6,3,2019,9,9
92.0,InterContinental San Francisco Club Lounge,888 Howard St 6th Floor,Foods not protected from contamination,2,10,2,3,2019,9,9
80.0,InterContinental San Francisco 3rd Fl. Banquet Kitchen,888 Howard St 3rd Floor,Improper cooling methods,3,10,4,3,2019,9,9
82.0,Universal Bakery Inc.,3458 MISSION St,High risk vermin infestation,3,2,3,3,2019,9,9
88.0,Underdogs Sports Bar & Grill,1824 Irving St,Unclean or degraded floors walls or ceilings,1,7,4,3,2019,9,9
100.0,JUNIPERO SERRA ELEMENTARY SCHOOL,625 HOLLY PARK Cir,NA,0,2,1,3,2019,9,9
100.0,InterContinental San Francisco 4th Fl. Kitchen,888 Howard St 4th Floor,NA,0,10,1,3,2019,9,9
100.0,ARGONNE ALTERNATIVE ELEMENTARY SCHO,680 18th Ave,NA,0,4,1,3,2019,9,9
92.0,Jasmine Rae Bakery,1890 Bryant St #309,Inadequately cleaned or sanitized food contact surfaces,2,2,2,3,2019,9,10
88.0,Cherry Blossom Bakery,844 Clement St,Low risk vermin infestation,1,4,4,3,2019,9,10
96.0,Roxanne Cafe,570 Powell St,Moderate risk food holding temperature,2,3,1,3,2019,9,10
90.0,SUPER MIRA,1790 SUTTER St,Unclean nonfood contact surfaces,1,11,4,3,2019,9,10
90.0,Work of Art Catering,1226 FOLSOM St,Unapproved or unmaintained equipment or utensils,1,10,3,3,2019,9,10
92.0,Bow Hon Restaurant,850 Grant Ave,Unclean nonfood contact surfaces,1,3,3,3,2019,9,10
98.0,STARBUCKS COFFEE CO,1231 MARKET St,Unclean or degraded floors walls or ceilings,1,10,1,3,2019,9,10
83.0,Dong Baek Korean Restaurant,631 O'Farrell St,Unclean nonfood contact surfaces,1,10,4,3,2019,9,10
91.0,Buena Vista Cafe,2765 Hyde St,High risk food holding temperature,3,6,2,3,2019,9,10
67.0,MEXICO AU PARC,24 SOUTH PARK STREET,Improper cooling methods,3,10,7,3,2019,9,10
67.0,MEXICO AU PARC,24 SOUTH PARK STREET,Inadequate and inaccessible handwashing facilities,2,10,7,3,2019,9,10
89.0,Zero Zero,826 FOLSOM St,Inadequately cleaned or sanitized food contact surfaces,2,10,2,3,2019,9,10
85.0,TAQUERIA EL BUEN SABOR,699 VALENCIA St,Moderate risk vermin infestation,2,2,4,3,2019,9,10
87.0,Lori's Diner,500 Sutter St,High risk food holding temperature,3,3,3,3,2019,9,10
96.0,Lee's Deli,222 Front St,Inadequately cleaned or sanitized food contact surfaces,2,3,1,3,2019,9,10
90.0,SUPER MIRA,1790 SUTTER St,Wiping cloths not clean or properly stored or inadequate sanitizer,1,11,4,3,2019,9,10
86.0,Umi,1328 18th St,Foods not protected from contamination,2,9,8,3,2019,9,10
86.0,Umi,1328 18th St,Foods not protected from contamination,2,9,8,3,2019,9,10
88.0,Cherry Blossom Bakery,844 Clement St,Moderate risk food holding temperature,2,4,4,3,2019,9,10
67.0,MEXICO AU PARC,24 SOUTH PARK STREET,Inadequate food safety knowledge or lack of certified food safety manager,2,10,7,3,2019,9,10
83.0,Dong Baek Korean Restaurant,631 O'Farrell St,Unclean or unsanitary food contact surfaces,3,10,4,3,2019,9,10
85.0,TAQUERIA EL BUEN SABOR,699 VALENCIA St,Improper cooling methods,3,2,4,3,2019,9,10
67.0,MEXICO AU PARC,24 SOUTH PARK STREET,Wiping cloths not clean or properly stored or inadequate sanitizer,1,10,7,3,2019,9,10
86.0,Umi,1328 18th St,Food safety certificate or food handler card not available,1,9,8,3,2019,9,10
86.0,Umi,1328 18th St,Food safety certificate or food handler card not available,1,9,8,3,2019,9,10
91.0,Buena Vista Cafe,2765 Hyde St,Low risk vermin infestation,1,6,2,3,2019,9,10
85.0,TAQUERIA EL BUEN SABOR,699 VALENCIA St,Unapproved or unmaintained equipment or utensils,1,2,4,3,2019,9,10
67.0,MEXICO AU PARC,24 SOUTH PARK STREET,Unclean or degraded floors walls or ceilings,1,10,7,3,2019,9,10
88.0,Cherry Blossom Bakery,844 Clement St,Unapproved or unmaintained equipment or utensils,1,4,4,3,2019,9,10
90.0,Work of Art Catering,1226 FOLSOM St,Noncompliance with HAACP plan or variance,2,10,3,3,2019,9,10
92.0,Bow Hon Restaurant,850 Grant Ave,Low risk vermin infestation,1,3,3,3,2019,9,10
86.0,Umi,1328 18th St,Moderate risk food holding temperature,2,9,8,3,2019,9,10
86.0,Umi,1328 18th St,Moderate risk food holding temperature,2,9,8,3,2019,9,10
83.0,Dong Baek Korean Restaurant,631 O'Farrell St,Insufficient hot water or running water,2,10,4,3,2019,9,10
87.0,Lori's Diner,500 Sutter St,Unclean nonfood contact surfaces,1,3,3,3,2019,9,10
90.0,SUPER MIRA,1790 SUTTER St,Unapproved or unmaintained equipment or utensils,1,11,4,3,2019,9,10
88.0,Cherry Blossom Bakery,844 Clement St,Inadequately cleaned or sanitized food contact surfaces,2,4,4,3,2019,9,10
96.0,POTRERO TERRACE MARKET,990 WISCONSIN St,Foods not protected from contamination,2,9,1,3,2019,9,10
90.0,SUPER MIRA,1790 SUTTER St,Improper thawing methods,2,11,4,3,2019,9,10
92.0,Bow Hon Restaurant,850 Grant Ave,Foods not protected from contamination,2,3,3,3,2019,9,10
86.0,Umi,1328 18th St,Consumer advisory not provided for raw or undercooked foods,2,9,8,3,2019,9,10
86.0,Umi,1328 18th St,Consumer advisory not provided for raw or undercooked foods,2,9,8,3,2019,9,10
67.0,MEXICO AU PARC,24 SOUTH PARK STREET,High risk food holding temperature,3,10,7,3,2019,9,10
90.0,Work of Art Catering,1226 FOLSOM St,Moderate risk vermin infestation,2,10,3,3,2019,9,10
92.0,Jasmine Rae Bakery,1890 Bryant St #309,Insufficient hot water or running water,2,2,2,3,2019,9,10
89.0,Zero Zero,826 FOLSOM St,High risk food holding temperature,3,10,2,3,2019,9,10
83.0,Dong Baek Korean Restaurant,631 O'Farrell St,Moderate risk food holding temperature,2,10,4,3,2019,9,10
87.0,Lori's Diner,500 Sutter St,Inadequately cleaned or sanitized food contact surfaces,2,3,3,3,2019,9,10
67.0,MEXICO AU PARC,24 SOUTH PARK STREET,High risk vermin infestation,3,10,7,3,2019,9,10
85.0,TAQUERIA EL BUEN SABOR,699 VALENCIA St,Inadequate dressing rooms or improper storage of personal items,1,2,4,3,2019,9,10
94.0,Farley's,1315 18th St,Moderate risk food holding temperature,2,11,2,3,2019,9,10
85.0,Red House Bakery,2818 San Bruno Ave,Improper food storage,1,2,4,3,2019,9,10
87.0,Grant Place Restaurant,737 Washington St,Foods not protected from contamination,2,3,3,3,2019,9,10
85.0,Red House Bakery,2818 San Bruno Ave,Unapproved or unmaintained equipment or utensils,1,2,4,3,2019,9,10
87.0,Grant Place Restaurant,737 Washington St,Unclean or degraded floors walls or ceilings,1,3,3,3,2019,9,10
85.0,Red House Bakery,2818 San Bruno Ave,Inadequately cleaned or sanitized food contact surfaces,2,2,4,3,2019,9,10
87.0,Grant Place Restaurant,737 Washington St,High risk food holding temperature,3,3,3,3,2019,9,10
94.0,Farley's,1315 18th St,Unclean or degraded floors walls or ceilings,1,11,2,3,2019,9,10
85.0,Red House Bakery,2818 San Bruno Ave,High risk food holding temperature,3,2,4,3,2019,9,10
100.0,MANN MIDDLE SCHOOL,3351 23rd St,NA,0,2,1,3,2019,9,10
100.0,FRANK MCCOPPIN ELEMENTARY SCHOOL,651 06th Ave,NA,0,4,1,3,2019,9,10
92.0,El Beach Burrito,3914 Judah St,Improper storage of equipment utensils or linens,1,7,4,3,2019,9,11
94.0,Victor's Pizza,1411 Polk St,Low risk vermin infestation,1,3,2,3,2019,9,11
85.0,Pan Lido Salvadoreno,3147 22nd St,Low risk vermin infestation,1,2,4,3,2019,9,11
90.0,Judahlicious Juice,3906 Judah st,Unclean or degraded floors walls or ceilings,1,7,3,3,2019,9,11
94.0,CONVENIENCE DELI & GROCERY,1201 LAGUNA St,Food safety certificate or food handler card not available,1,11,2,3,2019,9,11
87.0,Calzone's,430 Columbus Ave,Improper storage of equipment utensils or linens,1,3,3,3,2019,9,11
85.0,Pan Lido Salvadoreno,3147 22nd St,Unclean or unsanitary food contact surfaces,3,2,4,3,2019,9,11
82.0,LITTLE BAOBAB,3388 19th St,Inadequate and inaccessible handwashing facilities,2,2,5,3,2019,9,11
92.0,El Beach Burrito,3914 Judah St,Food safety certificate or food handler card not available,1,7,4,3,2019,9,11
98.0,Cornerstone Academy,501 Cambridge St,Permit license or inspection report not posted,1,2,1,3,2019,9,11
94.0,ST. ANTHONY'S ELEMENTARY,299 Precita Ave,Moderate risk food holding temperature,2,2,2,3,2019,9,11
85.0,Pan Lido Salvadoreno,3147 22nd St,Employee eating or smoking,2,2,4,3,2019,9,11
94.0,CONVENIENCE DELI & GROCERY,1201 LAGUNA St,Foods not protected from contamination,2,11,2,3,2019,9,11
87.0,Calzone's,430 Columbus Ave,Inadequately cleaned or sanitized food contact surfaces,2,3,3,3,2019,9,11
82.0,LITTLE BAOBAB,3388 19th St,Unapproved or unmaintained equipment or utensils,1,2,5,3,2019,9,11
90.0,Judahlicious Juice,3906 Judah st,Employee eating or smoking,2,7,3,3,2019,9,11
98.0,"SAN FRANCISCO SCHOOL, THE",300 GAVEN St,Improper or defective plumbing,1,2,1,3,2019,9,11
94.0,ST. ANTHONY'S ELEMENTARY,299 Precita Ave,Food safety certificate or food handler card not available,1,2,2,3,2019,9,11
92.0,El Beach Burrito,3914 Judah St,Unclean or degraded floors walls or ceilings,1,7,4,3,2019,9,11
87.0,Calzone's,430 Columbus Ave,High risk food holding temperature,3,3,3,3,2019,9,11
82.0,LITTLE BAOBAB,3388 19th St,Insufficient hot water or running water,2,2,5,3,2019,9,11
90.0,Judahlicious Juice,3906 Judah st,Moderate risk vermin infestation,2,7,3,3,2019,9,11
82.0,LITTLE BAOBAB,3388 19th St,Inadequately cleaned or sanitized food contact surfaces,2,2,5,3,2019,9,11
85.0,Pan Lido Salvadoreno,3147 22nd St,Unclean nonfood contact surfaces,1,2,4,3,2019,9,11
92.0,El Beach Burrito,3914 Judah St,Permit license or inspection report not posted,1,7,4,3,2019,9,11
94.0,Victor's Pizza,1411 Polk St,Moderate risk food holding temperature,2,3,2,3,2019,9,11
96.0,HAMANO SUSHI,1332 CASTRO St,Inadequately cleaned or sanitized food contact surfaces,2,5,1,3,2019,9,11
82.0,LITTLE BAOBAB,3388 19th St,Moderate risk vermin infestation,2,2,5,3,2019,9,11
71.0,Green Island Restaurant,4012 Geary Blvd,High risk food holding temperature,3,4,5,3,2019,9,11
71.0,Green Island Restaurant,4012 Geary Blvd,Inadequate and inaccessible handwashing facilities,2,4,5,3,2019,9,11
88.0,Tupelo,1337 Grant Ave,Insufficient hot water or running water,2,3,3,3,2019,9,11
71.0,Green Island Restaurant,4012 Geary Blvd,Unclean or unsanitary food contact surfaces,3,4,5,3,2019,9,11
71.0,Green Island Restaurant,4012 Geary Blvd,Unclean or degraded floors walls or ceilings,1,4,5,3,2019,9,11
71.0,Green Island Restaurant,4012 Geary Blvd,High risk vermin infestation,3,4,5,3,2019,9,11
88.0,Tupelo,1337 Grant Ave,Improper thawing methods,2,3,3,3,2019,9,11
88.0,Tupelo,1337 Grant Ave,Inadequately cleaned or sanitized food contact surfaces,2,3,3,3,2019,9,11
100.0,O'CONNELL HIGH SCHOOL,2355 FOLSOM St,NA,0,2,1,3,2019,9,11
100.0,CARMICHAEL ELEMENTARY SCHOOL,55 SHERMAN St,NA,0,10,1,3,2019,9,11
100.0,FILIPINO ED. CTR ELEMENTARY SCHOOL,824 HARRISON St,NA,0,10,1,3,2019,9,11
100.0,Whole Foods Market,1150 Ocean Ave,NA,0,8,1,3,2019,9,11
100.0,NOE VALLEY BAKERY & BREAD CO.,4073 24th St,NA,0,5,1,3,2019,9,11
98.0,BURTON HIGH SCHOOL,400 MANSELL St,Unapproved or unmaintained equipment or utensils,1,2,1,3,2019,9,12
74.0,The Waterfront Restaurant,Pier 7 Embarcadero,Improper cooling methods,3,3,5,3,2019,9,12
88.0,Golden Gate Indian Cuisine & Pizza,1388 C 46th Ave,Inadequate and inaccessible handwashing facilities,2,7,4,3,2019,9,12
88.0,Golden Gate Indian Cuisine & Pizza,1388 C 46th Ave,Unapproved or unmaintained equipment or utensils,1,7,4,3,2019,9,12
74.0,The Waterfront Restaurant,Pier 7 Embarcadero,Inadequately cleaned or sanitized food contact surfaces,2,3,5,3,2019,9,12
94.0,Mike Market,2200 SILVER Ave,Moderate risk vermin infestation,2,9,2,3,2019,9,12
74.0,Hawaiian Drive Inn,2600 San Bruno Ave,Unclean nonfood contact surfaces,1,2,6,3,2019,9,12
98.0,VALENCIA GROCERY,1300 VALENCIA St,No plan review or Building Permit,1,5,1,3,2019,9,12
74.0,Hawaiian Drive Inn,2600 San Bruno Ave,Moderate risk food holding temperature,2,2,6,3,2019,9,12
88.0,Golden Gate Indian Cuisine & Pizza,1388 C 46th Ave,Foods not protected from contamination,2,7,4,3,2019,9,12
98.0,Marshall Elementary School,1575 15th St,Unapproved or unmaintained equipment or utensils,1,2,1,3,2019,9,12
93.0,DREW ELEMENTARY SCHOOL,50 POMONA Ave,High risk food holding temperature,3,9,1,3,2019,9,12
74.0,Hawaiian Drive Inn,2600 San Bruno Ave,Unclean or degraded floors walls or ceilings,1,2,6,3,2019,9,12
74.0,Hawaiian Drive Inn,2600 San Bruno Ave,Improper thawing methods,2,2,6,3,2019,9,12
88.0,Golden Gate Indian Cuisine & Pizza,1388 C 46th Ave,Unclean or degraded floors walls or ceilings,1,7,4,3,2019,9,12
86.0,Fatted Calf SF,320 Fell St,High risk food holding temperature,3,11,2,3,2019,9,12
74.0,Hawaiian Drive Inn,2600 San Bruno Ave,Unclean or unsanitary food contact surfaces,3,2,6,3,2019,9,12
74.0,The Waterfront Restaurant,Pier 7 Embarcadero,High risk food holding temperature,3,3,5,3,2019,9,12
74.0,The Waterfront Restaurant,Pier 7 Embarcadero,Improper thawing methods,2,3,5,3,2019,9,12
96.0,GRATTAN ELEMENTARY SCHOOL,165 GRATTAN St,Inadequate food safety knowledge or lack of certified food safety manager,2,11,1,3,2019,9,12
74.0,Hawaiian Drive Inn,2600 San Bruno Ave,Unclean hands or improper use of gloves,3,2,6,3,2019,9,12
74.0,The Waterfront Restaurant,Pier 7 Embarcadero,Insufficient hot water or running water,2,3,5,3,2019,9,12
86.0,Fatted Calf SF,320 Fell St,Unclean or unsanitary food contact surfaces,3,11,2,3,2019,9,12
96.0,17th & Noe Market,3900 17th St,Foods not protected from contamination,2,5,1,3,2019,9,12
96.0,Salvation Army Cen. Corps / Sr. Act. Ctr,360 04th St,Moderate risk food holding temperature,2,10,1,3,2019,9,12
94.0,Mike Market,2200 SILVER Ave,Unapproved or unmaintained equipment or utensils,1,9,2,3,2019,9,12
96.0,Chipotle Mexican Grill,1523 SLOAT Blvd,Unapproved or unmaintained equipment or utensils,1,8,2,3,2019,9,12
96.0,Chipotle Mexican Grill,1523 SLOAT Blvd,Unclean or degraded floors walls or ceilings,1,8,2,3,2019,9,12
100.0,Mendelsohn House,737 FOLSOM St,NA,0,10,1,3,2019,9,12
100.0,Mission Neighborhood Centers,362 Capp St,NA,0,2,1,3,2019,9,12
100.0,MARTIN L. KING MIDDLE SCHOOL,350 GIRARD St,NA,0,2,1,3,2019,9,12
98.0,Gabby's Market & Deli,201 Harrison St C,Improper food storage,1,10,1,3,2019,9,13
90.0,Golden Donuts,5401 GEARY Blvd,Inadequately cleaned or sanitized food contact surfaces,2,4,4,3,2019,9,13
88.0,San Francisco Rescue Mission Cafe,226 Jones St,Improper thawing methods,2,10,3,3,2019,9,13
88.0,San Francisco Rescue Mission Cafe,226 Jones St,Inadequately cleaned or sanitized food contact surfaces,2,10,3,3,2019,9,13
90.0,Golden Donuts,5401 GEARY Blvd,Inadequate ventilation or lighting,1,4,4,3,2019,9,13
96.0,EPIPHANY ELEMENTARY,600 Italy Ave,Food safety certificate or food handler card not available,1,1,2,3,2019,9,13
98.0,Everett Middle School,450 Church St,Unapproved or unmaintained equipment or utensils,1,5,1,3,2019,9,13
90.0,Golden Donuts,5401 GEARY Blvd,Unclean nonfood contact surfaces,1,4,4,3,2019,9,13
88.0,San Francisco Rescue Mission Cafe,226 Jones St,Moderate risk vermin infestation,2,10,3,3,2019,9,13
96.0,EPIPHANY ELEMENTARY,600 Italy Ave,Permit license or inspection report not posted,1,1,2,3,2019,9,13
96.0,CLEVELAND ELEMENTARY SCHOOL,455 ATHENS St,Inadequate and inaccessible handwashing facilities,2,1,1,3,2019,9,13
90.0,Golden Donuts,5401 GEARY Blvd,Improper food storage,1,4,4,3,2019,9,13
98.0,Rosa Parks Elementary School,1501 O'Farrell St,Wiping cloths not clean or properly stored or inadequate sanitizer,1,11,1,3,2019,9,13
100.0,Red and White Fleet - Harbor Queen,Pier 43 1/2,NA,0,3,3,3,2019,9,13
100.0,"Heritage, The",3400 LAGUNA St,NA,0,6,1,3,2019,9,13
100.0,Red and White Fleet - Royal Prince,Pier 43 1/2,NA,0,3,3,3,2019,9,13
88.0,Honey Honey Cafe,599 Post St,Wiping cloths not clean or properly stored or inadequate sanitizer,1,3,4,3,2019,9,16
85.0,Cesario,601 Sutter St,Inadequately cleaned or sanitized food contact surfaces,2,3,3,3,2019,9,16
88.0,Anchor & Hope,83 Minna St,Noncompliance with shell fish tags or display,2,10,3,3,2019,9,16
85.0,MANORA'S THAI CUISINE,1600 FOLSOM St,Unclean or degraded floors walls or ceilings,1,10,4,3,2019,9,16
89.0,Manhattan Hub Inc,343 Sansome St Suite 140,Insufficient hot water or running water,2,3,2,3,2019,9,16
94.0,"GOLD CLUB, THE",650 HOWARD St,Unclean or degraded floors walls or ceilings,1,10,2,3,2019,9,16
88.0,Honey Honey Cafe,599 Post St,Inadequate and inaccessible handwashing facilities,2,3,4,3,2019,9,16
98.0,SAN FRANCISCO COMMUNITY ELEM.SCHOOL,125 EXCELSIOR Ave,Unapproved or unmaintained equipment or utensils,1,1,1,3,2019,9,16
85.0,Cesario,601 Sutter St,Improper cooling methods,3,3,3,3,2019,9,16
85.0,MANORA'S THAI CUISINE,1600 FOLSOM St,High risk food holding temperature,3,10,4,3,2019,9,16
94.0,Downtown High School,693 VERMONT St,Unapproved or unmaintained equipment or utensils,1,9,2,3,2019,9,16
94.0,"GOLD CLUB, THE",650 HOWARD St,Moderate risk food holding temperature,2,10,2,3,2019,9,16
88.0,Honey Honey Cafe,599 Post St,Unclean nonfood contact surfaces,1,3,4,3,2019,9,16
85.0,MANORA'S THAI CUISINE,1600 FOLSOM St,Inadequate dressing rooms or improper storage of personal items,1,10,4,3,2019,9,16
94.0,Downtown High School,693 VERMONT St,Insufficient hot water or running water,2,9,2,3,2019,9,16
88.0,Anchor & Hope,83 Minna St,Moderate risk food holding temperature,2,10,3,3,2019,9,16
85.0,Cesario,601 Sutter St,Moderate risk food holding temperature,2,3,3,3,2019,9,16
96.0,KING ELEMENTARY SCHOOL,1215 CAROLINA St,Inadequate and inaccessible handwashing facilities,2,9,1,3,2019,9,16
88.0,Anchor & Hope,83 Minna St,Inadequately cleaned or sanitized food contact surfaces,2,10,3,3,2019,9,16
85.0,MANORA'S THAI CUISINE,1600 FOLSOM St,Inadequately cleaned or sanitized food contact surfaces,2,10,4,3,2019,9,16
88.0,Honey Honey Cafe,599 Post St,Moderate risk food holding temperature,2,3,4,3,2019,9,16
89.0,Manhattan Hub Inc,343 Sansome St Suite 140,High risk food holding temperature,3,3,2,3,2019,9,16
76.0,Good Orchard Bakery,4675 Mission St,High risk food holding temperature,3,1,5,3,2019,9,16
90.0,Washington Cafe,826 Washington St,Moderate risk vermin infestation,2,3,4,3,2019,9,16
76.0,Good Orchard Bakery,4675 Mission St,Unclean hands or improper use of gloves,3,1,5,3,2019,9,16
90.0,Washington Cafe,826 Washington St,Improper or defective plumbing,1,3,4,3,2019,9,16
76.0,Good Orchard Bakery,4675 Mission St,Inadequately cleaned or sanitized food contact surfaces,2,1,5,3,2019,9,16
87.0,Super Duper,721 MARKET St,High risk food holding temperature,3,10,3,3,2019,9,16
76.0,Good Orchard Bakery,4675 Mission St,Unapproved or unmaintained equipment or utensils,1,1,5,3,2019,9,16
87.0,Super Duper,721 MARKET St,Unclean or degraded floors walls or ceilings,1,10,3,3,2019,9,16
90.0,Washington Cafe,826 Washington St,Inadequate ventilation or lighting,1,3,4,3,2019,9,16
90.0,Washington Cafe,826 Washington St,Unapproved or unmaintained equipment or utensils,1,3,4,3,2019,9,16
87.0,Super Duper,721 MARKET St,Inadequately cleaned or sanitized food contact surfaces,2,10,3,3,2019,9,16
76.0,Good Orchard Bakery,4675 Mission St,Moderate risk vermin infestation,2,1,5,3,2019,9,16
100.0,ST. JOHN'S SNACK BAR,925 CHENERY St,NA,0,5,1,3,2019,9,16
100.0,June Jordan,325 La Grande Ave,NA,0,1,1,3,2019,9,16
100.0,ALVARADO ELEMENTARY SCHOOL,625  DOUGLASS St,NA,0,5,1,3,2019,9,16
100.0,WEBSTER ELEMENTARY SCHOOL,465 MISSOURI St,NA,0,9,1,3,2019,9,16
100.0,Presidio Middle School,450 30th Ave,NA,0,4,1,3,2019,9,16
100.0,MONROE ELEMENTARY SCHOOL,260 MADRID St,NA,0,1,1,3,2019,9,16
100.0,LICK MIDDLE SCHOOL,1220 Noe St,NA,0,5,1,3,2019,9,16
94.0,Swan Oyster Depot,1517 Polk St,Noncompliance with shell fish tags or display,2,3,2,3,2019,9,17
96.0,MOULIN ROUGE,887 GEARY St,Wiping cloths not clean or properly stored or inadequate sanitizer,1,10,2,3,2019,9,17
85.0,Cioppino's,400 Jefferson St,Inadequate and inaccessible handwashing facilities,2,6,3,3,2019,9,17
85.0,Cioppino's,400 Jefferson St,Moderate risk vermin infestation,2,6,3,3,2019,9,17
83.0,Yamo Restaurant,3406 18th St,Permit license or inspection report not posted,1,2,4,3,2019,9,17
89.0,Kokoro Assisted Living,1881 Bush Street,Improper storage of equipment utensils or linens,1,11,3,3,2019,9,17
83.0,Yamo Restaurant,3406 18th St,High risk food holding temperature,3,2,4,3,2019,9,17
93.0,LONGFELLOW ELEMENTARY SCHOOL,755 MORSE St,No hot water or running water,3,1,1,3,2019,9,17
89.0,Kokoro Assisted Living,1881 Bush Street,Unclean or degraded floors walls or ceilings,1,11,3,3,2019,9,17
92.0,MAD DOG IN THE FOG,530 HAIGHT St,Moderate risk vermin infestation,2,11,2,3,2019,9,17
92.0,A La Turca,869 Geary St,Wiping cloths not clean or properly stored or inadequate sanitizer,1,10,4,3,2019,9,17
83.0,Yamo Restaurant,3406 18th St,Inadequately cleaned or sanitized food contact surfaces,2,2,4,3,2019,9,17
85.0,Cioppino's,400 Jefferson St,Improper cooling methods,3,6,3,3,2019,9,17
92.0,A La Turca,869 Geary St,Unapproved or unmaintained equipment or utensils,1,10,4,3,2019,9,17
92.0,MAD DOG IN THE FOG,530 HAIGHT St,Foods not protected from contamination,2,11,2,3,2019,9,17
96.0,Mymy,1500 California St,Foods not protected from contamination,2,3,1,3,2019,9,17
94.0,Swan Oyster Depot,1517 Polk St,Food safety certificate or food handler card not available,1,3,2,3,2019,9,17
92.0,A La Turca,869 Geary St,Low risk vermin infestation,1,10,4,3,2019,9,17
92.0,A La Turca,869 Geary St,Improper food storage,1,10,4,3,2019,9,17
83.0,Yamo Restaurant,3406 18th St,Inadequate food safety knowledge or lack of certified food safety manager,2,2,4,3,2019,9,17
89.0,Kokoro Assisted Living,1881 Bush Street,Unclean or unsanitary food contact surfaces,3,11,3,3,2019,9,17
96.0,MOULIN ROUGE,887 GEARY St,Unapproved or unmaintained equipment or utensils,1,10,2,3,2019,9,17
86.0,Capurro's,498 Jefferson St,Inadequate and inaccessible handwashing facilities,2,6,4,3,2019,9,17
86.0,Capurro's,498 Jefferson St,Inadequately cleaned or sanitized food contact surfaces,2,6,4,3,2019,9,17
86.0,Capurro's,498 Jefferson St,Low risk vermin infestation,1,6,4,3,2019,9,17
96.0,The Roxie Theater,3117 16th St,Moderate risk vermin infestation,2,5,1,3,2019,9,17
86.0,Capurro's,498 Jefferson St,Moderate risk food holding temperature,2,6,4,3,2019,9,17
100.0,MISSION HIGH SCHOOL,3750 18th St,NA,0,5,1,3,2019,9,17
100.0,SF CHRISTIAN DAY SCHOOL,25 WHITTIER St,NA,0,1,1,3,2019,9,17
100.0,PAN-O-RAMA,500 FLORIDA St,NA,0,2,1,3,2019,9,17
98.0,CLAIRE LILIENTHAL SCHOOL-MADISON CA,3950 SACRAMENTO St,Unapproved or unmaintained equipment or utensils,1,6,1,3,2019,9,18
92.0,ARIAKE,5041 Geary Blvd,Unapproved or unmaintained equipment or utensils,1,4,3,3,2019,9,18
72.0,CAFE LA TAZA,2475A MISSION,Moderate risk vermin infestation,2,2,7,3,2019,9,18
87.0,SEA BREEZE CAFE,3940 JUDAH St,Improper or defective plumbing,1,7,4,3,2019,9,18
85.0,Fresca Restaurant,3945 24th St,Unclean or degraded floors walls or ceilings,1,5,4,3,2019,9,18
96.0,OTHER AVENUES FOOD STORE,3930 JUDAH St,Low risk vermin infestation,1,7,2,3,2019,9,18
85.0,Fresca Restaurant,3945 24th St,Wiping cloths not clean or properly stored or inadequate sanitizer,1,5,4,3,2019,9,18
92.0,ARIAKE,5041 Geary Blvd,Moderate risk food holding temperature,2,4,3,3,2019,9,18
72.0,CAFE LA TAZA,2475A MISSION,Unclean or degraded floors walls or ceilings,1,2,7,3,2019,9,18
90.0,Mollie Stone's Tower Market,635 Portola Drive,Unapproved or unmaintained equipment or utensils,1,8,4,3,2019,9,18
94.0,Gordo Taqueria #1,2252 Clement St,Inadequately cleaned or sanitized food contact surfaces,2,4,2,3,2019,9,18
93.0,Subway Sandwiches,1199 Sutter St,No hot water or running water,3,3,1,3,2019,9,18
96.0,OTHER AVENUES FOOD STORE,3930 JUDAH St,Improper food storage,1,7,2,3,2019,9,18
87.0,Domo,511 Laguna St,Improper thawing methods,2,11,3,3,2019,9,18
90.0,Mollie Stone's Tower Market,635 Portola Drive,Moderate risk food holding temperature,2,8,4,3,2019,9,18
72.0,CAFE LA TAZA,2475A MISSION,Unclean or unsanitary food contact surfaces,3,2,7,3,2019,9,18
92.0,ARIAKE,5041 Geary Blvd,Wiping cloths not clean or properly stored or inadequate sanitizer,1,4,3,3,2019,9,18
90.0,Mollie Stone's Tower Market,635 Portola Drive,Unclean or degraded floors walls or ceilings,1,8,4,3,2019,9,18
85.0,Fresca Restaurant,3945 24th St,Moderate risk vermin infestation,2,5,4,3,2019,9,18
94.0,Gordo Taqueria #1,2252 Clement St,Unapproved or unmaintained equipment or utensils,1,4,2,3,2019,9,18
72.0,CAFE LA TAZA,2475A MISSION,High risk food holding temperature,3,2,7,3,2019,9,18
87.0,SEA BREEZE CAFE,3940 JUDAH St,Food safety certificate or food handler card not available,1,7,4,3,2019,9,18
87.0,Domo,511 Laguna St,Improper food storage,1,11,3,3,2019,9,18
87.0,SEA BREEZE CAFE,3940 JUDAH St,High risk vermin infestation,3,7,4,3,2019,9,18
72.0,CAFE LA TAZA,2475A MISSION,Unapproved or unmaintained equipment or utensils,1,2,7,3,2019,9,18
90.0,Mollie Stone's Tower Market,635 Portola Drive,Unclean nonfood contact surfaces,1,8,4,3,2019,9,18
85.0,Fresca Restaurant,3945 24th St,Improper cooling methods,3,5,4,3,2019,9,18
87.0,SEA BREEZE CAFE,3940 JUDAH St,Unclean or degraded floors walls or ceilings,1,7,4,3,2019,9,18
72.0,CAFE LA TAZA,2475A MISSION,Improper food storage,1,2,7,3,2019,9,18
87.0,Domo,511 Laguna St,Unclean hands or improper use of gloves,3,11,3,3,2019,9,18
72.0,CAFE LA TAZA,2475A MISSION,Inadequate and inaccessible handwashing facilities,2,2,7,3,2019,9,18
100.0,BALBOA HIGH SCHOOL,1000 CAYUGA Ave,NA,0,1,1,3,2019,9,18
100.0,APTOS MIDDLE SCHOOL,105 APTOS Ave,NA,0,8,1,3,2019,9,18
100.0,AFC SUSHI at Mollie Stone's #10,635 Portola Dr,NA,0,8,1,3,2019,9,18
100.0,Bernal Heights Neighborhood Center,4468 Mission St,NA,0,1,1,3,2019,9,18
78.0,NEW WING HING SEAFOOD MARKET,2222 CLEMENT St,Inadequate and inaccessible handwashing facilities,2,4,4,3,2019,9,19
94.0,Woodhouse Fish Company,2073 MARKET St,Wiping cloths not clean or properly stored or inadequate sanitizer,1,5,2,3,2019,9,19
78.0,NEW WING HING SEAFOOD MARKET,2222 CLEMENT St,Improper thawing methods,2,4,4,3,2019,9,19
87.0,KING'S BAKERY,2846 MISSION St,Unclean or unsanitary food contact surfaces,3,2,3,3,2019,9,19
87.0,LAS TINAJAS,2338 MISSION St,High risk food holding temperature,3,2,3,3,2019,9,19
78.0,NEW WING HING SEAFOOD MARKET,2222 CLEMENT St,Other high risk violation,3,4,4,3,2019,9,19
94.0,Woodhouse Fish Company,2073 MARKET St,Inadequate and inaccessible handwashing facilities,2,5,2,3,2019,9,19
87.0,LAS TINAJAS,2338 MISSION St,Improper storage of equipment utensils or linens,1,2,3,3,2019,9,19
90.0,Pasquales,2640 Sloat Blvd,Moderate risk vermin infestation,2,7,3,3,2019,9,19
87.0,KING'S BAKERY,2846 MISSION St,Unclean nonfood contact surfaces,1,2,3,3,2019,9,19
87.0,LAS TINAJAS,2338 MISSION St,Inadequate food safety knowledge or lack of certified food safety manager,2,2,3,3,2019,9,19
87.0,KING'S BAKERY,2846 MISSION St,Moderate risk vermin infestation,2,2,3,3,2019,9,19
90.0,Pasquales,2640 Sloat Blvd,Moderate risk food holding temperature,2,7,3,3,2019,9,19
90.0,Pasquales,2640 Sloat Blvd,Improper storage of equipment utensils or linens,1,7,3,3,2019,9,19
78.0,NEW WING HING SEAFOOD MARKET,2222 CLEMENT St,Unclean or unsanitary food contact surfaces,3,4,4,3,2019,9,19
98.0,Eggette Cafe,3136 Noriega St,Unclean or degraded floors walls or ceilings,1,7,1,3,2019,9,20
85.0,Pagan Restaurant,3199 CLEMENT St,Unclean hands or improper use of gloves,3,4,3,3,2019,9,20
89.0,DENMAN MIDDLE SCHOOL,241 ONEIDA St,Moderate risk food holding temperature,2,1,2,3,2019,9,20
86.0,Oceanview Market and Deli,7501 GEARY Blvd,Moderate risk vermin infestation,2,4,4,3,2019,9,20
96.0,Polly Ann Ice Cream,3138 Noriega St.,Unclean or degraded floors walls or ceilings,1,7,2,3,2019,9,20
96.0,Polly Ann Ice Cream,3138 Noriega St.,Improper storage use or identification of toxic substances,1,7,2,3,2019,9,20
86.0,Oceanview Market and Deli,7501 GEARY Blvd,Insufficient hot water or running water,2,4,4,3,2019,9,20
85.0,Pagan Restaurant,3199 CLEMENT St,Improper thawing methods,2,4,3,3,2019,9,20
96.0,Bryant Elementary School,2641 25th St,Inadequate and inaccessible handwashing facilities,2,9,1,3,2019,9,20
89.0,DENMAN MIDDLE SCHOOL,241 ONEIDA St,High risk vermin infestation,3,1,2,3,2019,9,20
85.0,Pagan Restaurant,3199 CLEMENT St,Moderate risk vermin infestation,2,4,3,3,2019,9,20
86.0,Oceanview Market and Deli,7501 GEARY Blvd,Moderate risk food holding temperature,2,4,4,3,2019,9,20
98.0,Mother Goose School,334 28th Ave,Low risk vermin infestation,1,4,1,3,2019,9,20
86.0,Oceanview Market and Deli,7501 GEARY Blvd,Improper storage use or identification of toxic substances,1,4,4,3,2019,9,20
93.0,Katherine Delmar Burke School,7070 California St,Improper cooling methods,3,6,1,3,2019,9,20
100.0,BRET HARTE CHILDREN'S CENTER,950 HOLLISTER Ave,NA,0,9,1,3,2019,9,20
100.0,HARTE ELEMENTARY SCHOOL,1035 GILMAN Ave,NA,0,9,1,3,2019,9,20
100.0,ST PETER'S PARISH SCHOOL,1266 FLORIDA St,NA,0,2,1,3,2019,9,20
92.0,FREDS LIQUOR & DELI,151 06th St,Moderate risk food holding temperature,2,10,2,3,2019,9,23
87.0,Tony's Pizza,1570 Stockton St,High risk food holding temperature,3,3,3,3,2019,9,23
88.0,LUCKY PORK MARKET,2659 MISSION St,Moderate risk food holding temperature,2,2,4,3,2019,9,23
98.0,Xanath Ice Cream,951 Valencia St,Wiping cloths not clean or properly stored or inadequate sanitizer,1,2,1,3,2019,9,23
82.0,Shanghai House,3641 BALBOA ST,Foods not protected from contamination,2,4,6,3,2019,9,23
98.0,Sanchez School,325 Sanchez St,Low risk vermin infestation,1,5,1,3,2019,9,23
73.0,Loving Hut Vegan Cuisine,845 Market St FE12,Unapproved or unmaintained equipment or utensils,1,10,5,3,2019,9,23
82.0,Shanghai House,3641 BALBOA ST,Moderate risk vermin infestation,2,4,6,3,2019,9,23
88.0,LUCKY PORK MARKET,2659 MISSION St,Low risk vermin infestation,1,2,4,3,2019,9,23
92.0,FREDS LIQUOR & DELI,151 06th St,Insufficient hot water or running water,2,10,2,3,2019,9,23
82.0,Shanghai House,3641 BALBOA ST,Unclean or degraded floors walls or ceilings,1,4,6,3,2019,9,23
73.0,Loving Hut Vegan Cuisine,845 Market St FE12,Foods not protected from contamination,2,10,5,3,2019,9,23
73.0,Loving Hut Vegan Cuisine,845 Market St FE12,Unclean or unsanitary food contact surfaces,3,10,5,3,2019,9,23
88.0,LUCKY PORK MARKET,2659 MISSION St,Inadequately cleaned or sanitized food contact surfaces,2,2,4,3,2019,9,23
73.0,Loving Hut Vegan Cuisine,845 Market St FE12,High risk food holding temperature,3,10,5,3,2019,9,23
93.0,Slice House by Tony Gemignani,1556 Stockton St,High risk food holding temperature,3,3,1,3,2019,9,23
82.0,Shanghai House,3641 BALBOA ST,Unapproved or unmaintained equipment or utensils,1,4,6,3,2019,9,23
87.0,Tony's Pizza,1570 Stockton St,Low risk vermin infestation,1,3,3,3,2019,9,23
86.0,Kasa Indian Eatery,4001 18th St,Moderate risk food holding temperature,2,5,4,3,2019,9,23
86.0,Kasa Indian Eatery,4001 18th St,Insufficient hot water or running water,2,5,4,3,2019,9,23
88.0,LUCKY PORK MARKET,2659 MISSION St,Unclean nonfood contact surfaces,1,2,4,3,2019,9,23
87.0,Tony's Pizza,1570 Stockton St,Inadequately cleaned or sanitized food contact surfaces,2,3,3,3,2019,9,23
73.0,Loving Hut Vegan Cuisine,845 Market St FE12,High risk vermin infestation,3,10,5,3,2019,9,23
82.0,Shanghai House,3641 BALBOA ST,Wiping cloths not clean or properly stored or inadequate sanitizer,1,4,6,3,2019,9,23
92.0,CINDERELLA BAKERY & CAFE,0436 BALBOA St,Moderate risk food holding temperature,2,4,2,3,2019,9,23
86.0,Kasa Indian Eatery,4001 18th St,Low risk vermin infestation,1,5,4,3,2019,9,23
82.0,Shanghai House,3641 BALBOA ST,Moderate risk food holding temperature,2,4,6,3,2019,9,23
86.0,Kasa Indian Eatery,4001 18th St,Inadequately cleaned or sanitized food contact surfaces,2,5,4,3,2019,9,23
92.0,CINDERELLA BAKERY & CAFE,0436 BALBOA St,Inadequately cleaned or sanitized food contact surfaces,2,4,2,3,2019,9,23
90.0,Chipotle Mexican Grill #1702,865 Market St Space #C10,Foods not protected from contamination,2,10,3,3,2019,9,23
82.0,Lahore Karahi,612 O'Farrell St,Food safety certificate or food handler card not available,1,10,4,3,2019,9,23
88.0,Momma's Kitchen,121 09th St,Unapproved or unmaintained equipment or utensils,1,10,4,3,2019,9,23
92.0,Caffe Central,845 Market St,Inadequate procedures or records for time as a public health control,2,10,2,3,2019,9,23
88.0,Momma's Kitchen,121 09th St,Inadequately cleaned or sanitized food contact surfaces,2,10,4,3,2019,9,23
82.0,Lahore Karahi,612 O'Farrell St,Unapproved or unmaintained equipment or utensils,1,10,4,3,2019,9,23
90.0,Chipotle Mexican Grill #1702,865 Market St Space #C10,Low risk vermin infestation,1,10,3,3,2019,9,23
88.0,Momma's Kitchen,121 09th St,Moderate risk food holding temperature,2,10,4,3,2019,9,23
82.0,Lahore Karahi,612 O'Farrell St,High risk vermin infestation,3,10,4,3,2019,9,23
90.0,Chipotle Mexican Grill #1702,865 Market St Space #C10,Moderate risk food holding temperature,2,10,3,3,2019,9,23
88.0,Momma's Kitchen,121 09th St,Unclean or degraded floors walls or ceilings,1,10,4,3,2019,9,23
92.0,Caffe Central,845 Market St,Moderate risk food holding temperature,2,10,2,3,2019,9,23
82.0,Lahore Karahi,612 O'Farrell St,High risk food holding temperature,3,10,4,3,2019,9,23
100.0,GLEN PARK ELEMENTARY SCHOOL,151 LIPPARD Ave,NA,0,5,1,3,2019,9,23
100.0,LICK-WILMERDING HIGH SCHOOL,755 OCEAN Ave,NA,0,8,1,3,2019,9,23
100.0,FAIRMOUNT ELEMENTARY SCHOOL,65 CHENERY St,NA,0,5,1,3,2019,9,23
77.0,ZUSHI-PUZZLE,1910 LOMBARD St,Inadequately cleaned or sanitized food contact surfaces,2,6,6,3,2019,9,24
88.0,Thai House Express On Castro,599 Castro,Food safety certificate or food handler card not available,1,5,4,3,2019,9,24
82.0,Gary Danko,800 North Point St,High risk food holding temperature,3,6,3,3,2019,9,24
78.0,NORTH BEACH PIZZA,3054 TARAVAL St,Unclean or degraded floors walls or ceilings,1,7,7,3,2019,9,24
78.0,NORTH BEACH PIZZA,3054 TARAVAL St,Foods not protected from contamination,2,7,7,3,2019,9,24
92.0,Sweet Passion Bakery,3020 TARAVAL St,Improper storage use or identification of toxic substances,1,7,4,3,2019,9,24
88.0,Thai House Express On Castro,599 Castro,Wiping cloths not clean or properly stored or inadequate sanitizer,1,5,4,3,2019,9,24
90.0,VANIDA THAI KITCHEN,3050 TARAVAL St,Inadequately cleaned or sanitized food contact surfaces,2,7,3,3,2019,9,24
78.0,NORTH BEACH PIZZA,3054 TARAVAL St,Moderate risk food holding temperature,2,7,7,3,2019,9,24
96.0,Galileo High School,1150 Francisco St,Moderate risk food holding temperature,2,6,1,3,2019,9,24
77.0,ZUSHI-PUZZLE,1910 LOMBARD St,Inadequate and inaccessible handwashing facilities,2,6,6,3,2019,9,24
96.0,Mission Minis,3168 22nd St,Inadequate food safety knowledge or lack of certified food safety manager,2,2,1,3,2019,9,24
92.0,Sweet Passion Bakery,3020 TARAVAL St,Permit license or inspection report not posted,1,7,4,3,2019,9,24
88.0,Thai House Express On Castro,599 Castro,Foods not protected from contamination,2,5,4,3,2019,9,24
77.0,ZUSHI-PUZZLE,1910 LOMBARD St,Unapproved or unmaintained equipment or utensils,1,6,6,3,2019,9,24
77.0,ZUSHI-PUZZLE,1910 LOMBARD St,Improper storage of equipment utensils or linens,1,6,6,3,2019,9,24
90.0,VANIDA THAI KITCHEN,3050 TARAVAL St,Foods not protected from contamination,2,7,3,3,2019,9,24
78.0,NORTH BEACH PIZZA,3054 TARAVAL St,Improper or defective plumbing,1,7,7,3,2019,9,24
96.0,Il Pollaio,555 Columbus Ave,Unclean or degraded floors walls or ceilings,1,3,2,3,2019,9,24
78.0,NORTH BEACH PIZZA,3054 TARAVAL St,Inadequate and inaccessible handwashing facilities,2,7,7,3,2019,9,24
92.0,Sweet Passion Bakery,3020 TARAVAL St,Unclean or degraded floors walls or ceilings,1,7,4,3,2019,9,24
90.0,VANIDA THAI KITCHEN,3050 TARAVAL St,Unclean or degraded floors walls or ceilings,1,7,3,3,2019,9,24
77.0,ZUSHI-PUZZLE,1910 LOMBARD St,Improper thawing methods,2,6,6,3,2019,9,24
77.0,ZUSHI-PUZZLE,1910 LOMBARD St,High risk vermin infestation,3,6,6,3,2019,9,24
82.0,Gary Danko,800 North Point St,High risk vermin infestation,3,6,3,3,2019,9,24
88.0,Thai House Express On Castro,599 Castro,Moderate risk vermin infestation,2,5,4,3,2019,9,24
92.0,Sweet Passion Bakery,3020 TARAVAL St,Food safety certificate or food handler card not available,1,7,4,3,2019,9,24
78.0,NORTH BEACH PIZZA,3054 TARAVAL St,Improper thawing methods,2,7,7,3,2019,9,24
82.0,Gary Danko,800 North Point St,Noncompliance with HAACP plan or variance,2,6,3,3,2019,9,24
98.0,FLYNN ELEMENTARY SCHOOL,3125 CESAR CHAVEZ St,Wiping cloths not clean or properly stored or inadequate sanitizer,1,2,1,3,2019,9,24
96.0,Il Pollaio,555 Columbus Ave,Unapproved or unmaintained equipment or utensils,1,3,2,3,2019,9,24
78.0,NORTH BEACH PIZZA,3054 TARAVAL St,Wiping cloths not clean or properly stored or inadequate sanitizer,1,7,7,3,2019,9,24
89.0,Pacific Street Fish Market,1199 Stockton St #E,Inadequate and inaccessible handwashing facilities,2,3,2,3,2019,9,24
89.0,Pacific Street Fish Market,1199 Stockton St #E,Unclean or unsanitary food contact surfaces,3,3,2,3,2019,9,24
100.0,Oakes Children's Center,1550 Treat Ave.,NA,0,2,1,3,2019,9,24
78.0,Roadhouse Cafe,5191 03rd St,High risk food holding temperature,3,9,5,3,2019,9,25
93.0,HARVEY MILK ELEMENTARY SCHOOL,4235 19th St,No hot water or running water,3,5,1,3,2019,9,25
96.0,LA COCINA,2948 FOLSOM STREET,Moderate risk vermin infestation,2,2,1,3,2019,9,25
92.0,MARTIN DE PORRES HOUSE OF HOSP,225 Potrero Ave,Employee eating or smoking,2,9,2,3,2019,9,25
78.0,Roadhouse Cafe,5191 03rd St,Unclean hands or improper use of gloves,3,9,5,3,2019,9,25
94.0,MARINA MIDDLE SCHOOL,3500 FILLMORE St,Inadequate ventilation or lighting,1,6,3,3,2019,9,25
90.0,ANGELINA'S DELI-CAFE & CATERING,6000 CALIFORNIA St,Unapproved or unmaintained equipment or utensils,1,4,3,3,2019,9,25
78.0,Roadhouse Cafe,5191 03rd St,Unclean or degraded floors walls or ceilings,1,9,5,3,2019,9,25
78.0,Roadhouse Cafe,5191 03rd St,Inadequately cleaned or sanitized food contact surfaces,2,9,5,3,2019,9,25
90.0,ANGELINA'S DELI-CAFE & CATERING,6000 CALIFORNIA St,Inadequately cleaned or sanitized food contact surfaces,2,4,3,3,2019,9,25
78.0,Roadhouse Cafe,5191 03rd St,Unapproved or unmaintained equipment or utensils,1,9,5,3,2019,9,25
94.0,MARINA MIDDLE SCHOOL,3500 FILLMORE St,Low risk vermin infestation,1,6,3,3,2019,9,25
92.0,MARTIN DE PORRES HOUSE OF HOSP,225 Potrero Ave,Moderate risk food holding temperature,2,9,2,3,2019,9,25
98.0,STARBUCKS COFFEE #531,2132 CHESTNUT St,Improper storage of equipment utensils or linens,1,6,1,3,2019,9,25
94.0,MARINA MIDDLE SCHOOL,3500 FILLMORE St,Unapproved or unmaintained equipment or utensils,1,6,3,3,2019,9,25
90.0,ANGELINA'S DELI-CAFE & CATERING,6000 CALIFORNIA St,Moderate risk food holding temperature,2,4,3,3,2019,9,25
86.0,Sarku Japan,865 Market St Space#C08,Moderate risk food holding temperature,2,10,4,3,2019,9,25
87.0,RIVERSIDE SEAFOOD RESTAURANT,1201 VICENTE St,Improper storage of equipment utensils or linens,1,7,4,3,2019,9,25
86.0,Sarku Japan,865 Market St Space#C08,Moderate risk vermin infestation,2,10,4,3,2019,9,25
87.0,RIVERSIDE SEAFOOD RESTAURANT,1201 VICENTE St,Improper food storage,1,7,4,3,2019,9,25
86.0,Sarku Japan,865 Market St Space#C08,Inadequately cleaned or sanitized food contact surfaces,2,10,4,3,2019,9,25
87.0,RIVERSIDE SEAFOOD RESTAURANT,1201 VICENTE St,High risk vermin infestation,3,7,4,3,2019,9,25
87.0,RIVERSIDE SEAFOOD RESTAURANT,1201 VICENTE St,Unclean or degraded floors walls or ceilings,1,7,4,3,2019,9,25
86.0,Sarku Japan,865 Market St Space#C08,Unclean nonfood contact surfaces,1,10,4,3,2019,9,25
100.0,THE BRANDEIS SCHOOL OF SAN FRANCISCO,655 BROTHERHOOD Way,NA,0,8,1,3,2019,9,25
94.0,"SANDWICH PLACE, THE",2029 MISSION St,Inadequate and inaccessible handwashing facilities,2,2,2,3,2019,9,26
92.0,TORINO MARKET,4830 03rd St,Low risk vermin infestation,1,9,3,3,2019,9,26
92.0,RELIANCE MARKET,699 Castro St,Improper storage of equipment utensils or linens,1,5,3,3,2019,9,26
90.0,ESPERPENTO RESTAURANT,3295 22nd St,Moderate risk food holding temperature,2,2,3,3,2019,9,26
89.0,NORDSTROM BAZILLE,865 MARKET St,Improper cooling methods,3,10,2,3,2019,9,26
96.0,LOWELL HIGH SCHOOL,1101 EUCALYPTUS Dr,Insufficient hot water or running water,2,8,1,3,2019,9,26
90.0,ESPERPENTO RESTAURANT,3295 22nd St,Low risk vermin infestation,1,2,3,3,2019,9,26
92.0,RELIANCE MARKET,699 Castro St,Inadequate dressing rooms or improper storage of personal items,1,5,3,3,2019,9,26
93.0,John Chin Elementary School,350 Broadway St,High risk food holding temperature,3,3,1,3,2019,9,26
89.0,NORDSTROM BAZILLE,865 MARKET St,Inadequately cleaned or sanitized food contact surfaces,2,10,2,3,2019,9,26
92.0,NEW CASTILLITO INC.,2092 MISSION St,Foods not protected from contamination,2,2,2,3,2019,9,26
92.0,TORINO MARKET,4830 03rd St,Inadequately cleaned or sanitized food contact surfaces,2,9,3,3,2019,9,26
92.0,NEW CASTILLITO INC.,2092 MISSION St,Inadequate food safety knowledge or lack of certified food safety manager,2,2,2,3,2019,9,26
92.0,RELIANCE MARKET,699 Castro St,Food in poor condition,2,5,3,3,2019,9,26
90.0,ESPERPENTO RESTAURANT,3295 22nd St,Foods not protected from contamination,2,2,3,3,2019,9,26
92.0,TORINO MARKET,4830 03rd St,Food safety certificate or food handler card not available,1,9,3,3,2019,9,26
94.0,"SANDWICH PLACE, THE",2029 MISSION St,Improper food storage,1,2,2,3,2019,9,26
88.0,Radio Africa & Kitchen,4800 03rd St,Unapproved or unmaintained equipment or utensils,1,9,4,3,2019,9,26
75.0,Arabian Nights,2345 Mission St,Inadequately cleaned or sanitized food contact surfaces,2,2,7,3,2019,9,26
88.0,Radio Africa & Kitchen,4800 03rd St,Foods not protected from contamination,2,9,4,3,2019,9,26
75.0,Arabian Nights,2345 Mission St,High risk vermin infestation,3,2,7,3,2019,9,26
75.0,Arabian Nights,2345 Mission St,Moderate risk food holding temperature,2,2,7,3,2019,9,26
75.0,Arabian Nights,2345 Mission St,Unclean or degraded floors walls or ceilings,1,2,7,3,2019,9,26
88.0,Radio Africa & Kitchen,4800 03rd St,Inadequate food safety knowledge or lack of certified food safety manager,2,9,4,3,2019,9,26
75.0,Arabian Nights,2345 Mission St,Inadequate and inaccessible handwashing facilities,2,2,7,3,2019,9,26
75.0,Arabian Nights,2345 Mission St,Improper storage of equipment utensils or linens,1,2,7,3,2019,9,26
88.0,Radio Africa & Kitchen,4800 03rd St,Unclean or degraded floors walls or ceilings,1,9,4,3,2019,9,26
75.0,Arabian Nights,2345 Mission St,Unclean nonfood contact surfaces,1,2,7,3,2019,9,26
100.0,LAKESHORE ELEMENTARY SCHOOL,220 MIDDLEFIELD Dr,NA,0,8,1,3,2019,9,26
96.0,"Ritz-Carlton, SF -  P-37 Restaurant and Bar",600 Stockton St 4th Floor,Unapproved or unmaintained equipment or utensils,1,3,2,3,2019,9,27
85.0,Lou's Cafe,5017 Geary Blvd,Permit license or inspection report not posted,1,4,5,3,2019,9,27
96.0,GIORGIO'S PIZZA,151 CLEMENT St,Moderate risk food holding temperature,2,4,1,3,2019,9,27
96.0,Ritz-Carlton SF - Banquet Kitchen,600 Stockton St 2nd Floor,Unapproved or unmaintained equipment or utensils,1,3,2,3,2019,9,27
92.0,SUNNYSIDE ELEMENTARY SCHOOL,250 FOERSTER St,Moderate risk food holding temperature,2,8,2,3,2019,9,27
85.0,Lou's Cafe,5017 Geary Blvd,Unapproved or unmaintained equipment or utensils,1,4,5,3,2019,9,27
85.0,Lou's Cafe,5017 Geary Blvd,Unpermitted food facility,1,4,5,3,2019,9,27
92.0,SUNNYSIDE ELEMENTARY SCHOOL,250 FOERSTER St,Inadequate and inaccessible handwashing facilities,2,8,2,3,2019,9,27
85.0,Lou's Cafe,5017 Geary Blvd,Inadequate dressing rooms or improper storage of personal items,1,4,5,3,2019,9,27
96.0,Ritz-Carlton SF - Banquet Kitchen,600 Stockton St 2nd Floor,Inadequate warewashing facilities or equipment,1,3,2,3,2019,9,27
98.0,Notre Dame des Victoires,659 Pine St,Low risk vermin infestation,1,3,1,3,2019,9,27
85.0,Lou's Cafe,5017 Geary Blvd,High risk food holding temperature,3,4,5,3,2019,9,27
96.0,"Ritz-Carlton, SF -  P-37 Restaurant and Bar",600 Stockton St 4th Floor,Inadequate warewashing facilities or equipment,1,3,2,3,2019,9,27
100.0,GUADALUPE ELEMENTARY SCHOOL,859 PRAGUE St,NA,0,1,1,3,2019,9,27
100.0,ARCHBISHOP RIORDAN HIGH SCHOOL CAFE,175 PHELAN,NA,0,8,1,3,2019,9,27
92.0,Cafe Bellini,865 MARKET St C45,Moderate risk food holding temperature,2,10,2,3,2019,9,30
83.0,MAY FLOWER MKT.,2498 FILLMORE St,Insufficient hot water or running water,2,6,4,3,2019,9,30
81.0,Pasta Moto of San Francisco Centre LLC,845 Market St FE6,Permit license or inspection report not posted,1,10,7,3,2019,9,30
94.0,Four Star Theatre - Snack Bar,2200 CLEMENT St,Moderate risk food holding temperature,2,4,2,3,2019,9,30
94.0,RED A BAKERY,634 CLEMENT St,Low risk vermin infestation,1,4,3,3,2019,9,30
81.0,Pasta Moto of San Francisco Centre LLC,845 Market St FE6,Unapproved or unmaintained equipment or utensils,1,10,7,3,2019,9,30
83.0,MAY FLOWER MKT.,2498 FILLMORE St,Improper reheating of food,3,6,4,3,2019,9,30
81.0,Pasta Moto of San Francisco Centre LLC,845 Market St FE6,Improper or defective plumbing,1,10,7,3,2019,9,30
94.0,RED A BAKERY,634 CLEMENT St,Inadequate ventilation or lighting,1,4,3,3,2019,9,30
81.0,Pasta Moto of San Francisco Centre LLC,845 Market St FE6,Food safety certificate or food handler card not available,1,10,7,3,2019,9,30
81.0,Pasta Moto of San Francisco Centre LLC,845 Market St FE6,Improper food storage,1,10,7,3,2019,9,30
83.0,MAY FLOWER MKT.,2498 FILLMORE St,Unapproved or unmaintained equipment or utensils,1,6,4,3,2019,9,30
94.0,RED A BAKERY,634 CLEMENT St,Unclean nonfood contact surfaces,1,4,3,3,2019,9,30
81.0,Pasta Moto of San Francisco Centre LLC,845 Market St FE6,High risk food holding temperature,3,10,7,3,2019,9,30
83.0,MAY FLOWER MKT.,2498 FILLMORE St,Moderate risk vermin infestation,2,6,4,3,2019,9,30
94.0,Four Star Theatre - Snack Bar,2200 CLEMENT St,Unapproved or unmaintained equipment or utensils,1,4,2,3,2019,9,30
92.0,Cafe Bellini,865 MARKET St C45,Inadequate and inaccessible handwashing facilities,2,10,2,3,2019,9,30
81.0,Pasta Moto of San Francisco Centre LLC,845 Market St FE6,Unclean or degraded floors walls or ceilings,1,10,7,3,2019,9,30
92.0,City Chopsticks,883 Bush St,Unapproved or unmaintained equipment or utensils,1,3,3,3,2019,9,30
77.0,El Porteno I Restaurant,5173 MISSION St,Inadequately cleaned or sanitized food contact surfaces,2,1,6,3,2019,9,30
77.0,El Porteno I Restaurant,5173 MISSION St,High risk food holding temperature,3,1,6,3,2019,9,30
77.0,El Porteno I Restaurant,5173 MISSION St,Moderate risk vermin infestation,2,1,6,3,2019,9,30
92.0,City Chopsticks,883 Bush St,Low risk vermin infestation,1,3,3,3,2019,9,30
77.0,El Porteno I Restaurant,5173 MISSION St,Inadequate and inaccessible handwashing facilities,2,1,6,3,2019,9,30
77.0,El Porteno I Restaurant,5173 MISSION St,Improper storage of equipment utensils or linens,1,1,6,3,2019,9,30
92.0,City Chopsticks,883 Bush St,Inadequate and inaccessible handwashing facilities,2,3,3,3,2019,9,30
77.0,El Porteno I Restaurant,5173 MISSION St,Improper food storage,1,1,6,3,2019,9,30
79.0,Gourmet Delight,1045 Stockton St,Inadequate procedures or records for time as a public health control,2,3,6,4,2019,10,1
86.0,I LUV TERIYAKI AND SUSHI,270 Potrero Ave,Noncompliance with HAACP plan or variance,2,9,5,4,2019,10,1
90.0,YANK SING RESTAURANT,101 SPEAR St A-16,Low risk vermin infestation,1,10,4,4,2019,10,1
92.0,Seafood Center,831 Clement St,Inadequate warewashing facilities or equipment,1,4,4,4,2019,10,1
98.0,Mrs. Fields Cookies,Pier 39  B-06,Unclean or degraded floors walls or ceilings,1,3,1,4,2019,10,1
86.0,I LUV TERIYAKI AND SUSHI,270 Potrero Ave,Unapproved or unmaintained equipment or utensils,1,9,5,4,2019,10,1
92.0,Seafood Center,831 Clement St,Unapproved or unmaintained equipment or utensils,1,4,4,4,2019,10,1
90.0,YANK SING RESTAURANT,101 SPEAR St A-16,Inadequately cleaned or sanitized food contact surfaces,2,10,4,4,2019,10,1
79.0,Gourmet Delight,1045 Stockton St,Unclean or degraded floors walls or ceilings,1,3,6,4,2019,10,1
86.0,I LUV TERIYAKI AND SUSHI,270 Potrero Ave,Unclean nonfood contact surfaces,1,9,5,4,2019,10,1
79.0,Gourmet Delight,1045 Stockton St,Unapproved or unmaintained equipment or utensils,1,3,6,4,2019,10,1
90.0,YANK SING RESTAURANT,101 SPEAR St A-16,Unclean nonfood contact surfaces,1,10,4,4,2019,10,1
79.0,Gourmet Delight,1045 Stockton St,High risk food holding temperature,3,3,6,4,2019,10,1
86.0,I LUV TERIYAKI AND SUSHI,270 Potrero Ave,Unclean or degraded floors walls or ceilings,1,9,5,4,2019,10,1
92.0,Seafood Center,831 Clement St,Improper storage of equipment utensils or linens,1,4,4,4,2019,10,1
92.0,Seafood Center,831 Clement St,Improper food storage,1,4,4,4,2019,10,1
86.0,I LUV TERIYAKI AND SUSHI,270 Potrero Ave,Inadequately cleaned or sanitized food contact surfaces,2,9,5,4,2019,10,1
79.0,Gourmet Delight,1045 Stockton St,Inadequate and inaccessible handwashing facilities,2,3,6,4,2019,10,1
79.0,Gourmet Delight,1045 Stockton St,Wiping cloths not clean or properly stored or inadequate sanitizer,1,3,6,4,2019,10,1
90.0,YANK SING RESTAURANT,101 SPEAR St A-16,Unapproved or unmaintained equipment or utensils,1,10,4,4,2019,10,1
100.0,VISITACION VALLEY MIDDLE SCHOOL,450 Raymond Ave,NA,0,9,1,4,2019,10,1
77.0,El Tepa,2198 Folsom St,Moderate risk vermin infestation,2,2,5,4,2019,10,2
77.0,El Tepa,2198 Folsom St,Inadequately cleaned or sanitized food contact surfaces,2,2,5,4,2019,10,2
83.0,Round Table Pizza,801 Van Ness Ave,Insufficient hot water or running water,2,11,4,4,2019,10,2
86.0,TAQUERIA CANCUN,3211 MISSION St,Inadequately cleaned or sanitized food contact surfaces,2,2,4,4,2019,10,2
96.0,WE BE SUSHI,538 Valencia St,Unclean nonfood contact surfaces,1,5,2,4,2019,10,2
96.0,WE BE SUSHI,538 Valencia St,Low risk vermin infestation,1,5,2,4,2019,10,2
87.0,The Irish Bank Bar & Restaurant,10 Mark Ln,High risk food holding temperature,3,3,3,4,2019,10,2
94.0,J & A RESTAURANT,5712 MISSION St,Inadequately cleaned or sanitized food contact surfaces,2,1,2,4,2019,10,2
96.0,Stable Cafe,2128 Folsom St,Insufficient hot water or running water,2,2,1,4,2019,10,2
86.0,TAQUERIA CANCUN,3211 MISSION St,Improper thawing methods,2,2,4,4,2019,10,2
88.0,Akikos Sushi,431 Bush St,Insufficient hot water or running water,2,3,3,4,2019,10,2
77.0,El Tepa,2198 Folsom St,Improper thawing methods,2,2,5,4,2019,10,2
87.0,The Irish Bank Bar & Restaurant,10 Mark Ln,Inadequately cleaned or sanitized food contact surfaces,2,3,3,4,2019,10,2
93.0,Tommaso,1042 Kearny St,High risk food holding temperature,3,3,1,4,2019,10,2
88.0,Akikos Sushi,431 Bush St,Moderate risk vermin infestation,2,3,3,4,2019,10,2
83.0,Round Table Pizza,801 Van Ness Ave,High risk vermin infestation,3,11,4,4,2019,10,2
83.0,Round Table Pizza,801 Van Ness Ave,Inadequate and inaccessible handwashing facilities,2,11,4,4,2019,10,2
86.0,TAQUERIA CANCUN,3211 MISSION St,Unapproved or unmaintained equipment or utensils,1,2,4,4,2019,10,2
93.0,LAVA JAVA,852 STANYAN St,High risk vermin infestation,3,11,1,4,2019,10,2
88.0,Akikos Sushi,431 Bush St,Inadequately cleaned or sanitized food contact surfaces,2,3,3,4,2019,10,2
94.0,NORTH BEACH PIZZA,800 STANYAN St,Food safety certificate or food handler card not available,1,11,2,4,2019,10,2
77.0,El Tepa,2198 Folsom St,Moderate risk food holding temperature,2,2,5,4,2019,10,2
94.0,NORTH BEACH PIZZA,800 STANYAN St,Moderate risk food holding temperature,2,11,2,4,2019,10,2
83.0,Round Table Pizza,801 Van Ness Ave,Permit license or inspection report not posted,1,11,4,4,2019,10,2
77.0,El Tepa,2198 Folsom St,Improper cooling methods,3,2,5,4,2019,10,2
86.0,TAQUERIA CANCUN,3211 MISSION St,Inadequate food safety knowledge or lack of certified food safety manager,2,2,4,4,2019,10,2
94.0,J & A RESTAURANT,5712 MISSION St,Unapproved or unmaintained equipment or utensils,1,1,2,4,2019,10,2
87.0,The Irish Bank Bar & Restaurant,10 Mark Ln,Unapproved or unmaintained equipment or utensils,1,3,3,4,2019,10,2
85.0,Southern Pacific Brewing,620 Treat Ave,Inadequately cleaned or sanitized food contact surfaces,2,2,4,4,2019,10,2
85.0,Southern Pacific Brewing,620 Treat Ave,Unapproved or unmaintained equipment or utensils,1,2,4,4,2019,10,2
86.0,Martita Restaurant,5276 Mission St,Unapproved or unmaintained equipment or utensils,1,1,4,4,2019,10,2
86.0,Martita Restaurant,5276 Mission St,Moderate risk vermin infestation,2,1,4,4,2019,10,2
85.0,Southern Pacific Brewing,620 Treat Ave,Unclean nonfood contact surfaces,1,2,4,4,2019,10,2
86.0,Martita Restaurant,5276 Mission St,Inadequately cleaned or sanitized food contact surfaces,2,1,4,4,2019,10,2
85.0,Southern Pacific Brewing,620 Treat Ave,High risk vermin infestation,3,2,4,4,2019,10,2
86.0,Martita Restaurant,5276 Mission St,Foods not protected from contamination,2,1,4,4,2019,10,2
100.0,SLOAT ELEMENTARY SCHOOL,50 DARIEN Way,NA,0,8,1,4,2019,10,2
73.0,Golden City Inn,5131 03rd St,Low risk vermin infestation,1,9,7,4,2019,10,3
92.0,Frisco Fried,5176 03rd St,Low risk vermin infestation,1,9,4,4,2019,10,3
92.0,SHERIDAN ELEMENTARY SCHOOL,431 CAPITOL Ave,Inadequate and inaccessible handwashing facilities,2,1,2,4,2019,10,3
92.0,SHERIDAN ELEMENTARY SCHOOL,431 CAPITOL Ave,Inadequate food safety knowledge or lack of certified food safety manager,2,1,2,4,2019,10,3
73.0,Golden City Inn,5131 03rd St,Employee eating or smoking,2,9,7,4,2019,10,3
92.0,ORTEGA ELEMENTARY SCHOOL,400 Sargent St,Inadequate and inaccessible handwashing facilities,2,1,2,4,2019,10,3
91.0,Sears Fine Food,439 Powell St,Improper cooling methods,3,3,2,4,2019,10,3
90.0,Pizzeria Delfina,2406 CALIFORNIA St,Inadequately cleaned or sanitized food contact surfaces,2,6,3,4,2019,10,3
81.0,5A5 Steak Lounge,244 Jackson St,High risk vermin infestation,3,3,4,4,2019,10,3
92.0,Frisco Fried,5176 03rd St,Unclean or degraded floors walls or ceilings,1,9,4,4,2019,10,3
73.0,Golden City Inn,5131 03rd St,Unapproved or unmaintained equipment or utensils,1,9,7,4,2019,10,3
92.0,Frisco Fried,5176 03rd St,Food safety certificate or food handler card not available,1,9,4,4,2019,10,3
73.0,Golden City Inn,5131 03rd St,Inadequately cleaned or sanitized food contact surfaces,2,9,7,4,2019,10,3
91.0,Sears Fine Food,439 Powell St,Unapproved or unmaintained equipment or utensils,1,3,2,4,2019,10,3
73.0,Golden City Inn,5131 03rd St,Inadequate food safety knowledge or lack of certified food safety manager,2,9,7,4,2019,10,3
81.0,5A5 Steak Lounge,244 Jackson St,Inadequately cleaned or sanitized food contact surfaces,2,3,4,4,2019,10,3
81.0,5A5 Steak Lounge,244 Jackson St,Noncompliance with HAACP plan or variance,2,3,4,4,2019,10,3
90.0,Pizzeria Delfina,2406 CALIFORNIA St,Unapproved or unmaintained equipment or utensils,1,6,3,4,2019,10,3
92.0,Frisco Fried,5176 03rd St,Unapproved or unmaintained equipment or utensils,1,9,4,4,2019,10,3
81.0,5A5 Steak Lounge,244 Jackson St,Foods not protected from contamination,2,3,4,4,2019,10,3
73.0,Golden City Inn,5131 03rd St,High risk food holding temperature,3,9,7,4,2019,10,3
73.0,Golden City Inn,5131 03rd St,Foods not protected from contamination,2,9,7,4,2019,10,3
90.0,Pizzeria Delfina,2406 CALIFORNIA St,Moderate risk food holding temperature,2,6,3,4,2019,10,3
92.0,ORTEGA ELEMENTARY SCHOOL,400 Sargent St,Inadequate food safety knowledge or lack of certified food safety manager,2,1,2,4,2019,10,3
84.0,Cafe Majestic,1500 SUTTER St,Unapproved or unmaintained equipment or utensils,1,11,6,4,2019,10,3
84.0,Cafe Majestic,1500 SUTTER St,Unclean nonfood contact surfaces,1,11,6,4,2019,10,3
84.0,Cafe Majestic,1500 SUTTER St,Low risk vermin infestation,1,11,6,4,2019,10,3
84.0,Cafe Majestic,1500 SUTTER St,Inadequate and inaccessible handwashing facilities,2,11,6,4,2019,10,3
84.0,Cafe Majestic,1500 SUTTER St,Improper food storage,1,11,6,4,2019,10,3
84.0,Cafe Majestic,1500 SUTTER St,Moderate risk food holding temperature,2,11,6,4,2019,10,3
